index,cluster,raw_total_counts,raw_n_genes,raw_counts_robust_z,raw_genes_robust_z,T cell_counts,T cell_genes_positive,B cell_counts,B cell_genes_positive,NK cell_counts,NK cell_genes_positive,Monocyte_counts,Monocyte_genes_positive,Platelet clue_counts,Platelet clue_genes_positive,n_strong_programmes,possible_mixed_programmes
AAACATACAACCAC-1,0,2419.0,779,0.30082288,-0.190505023668962,6.0,2,2.0,1,2.0,1,1.0,1,0.0,0,1,False
AAACATTGAGCTAC-1,3,4903.0,1352,3.651693,2.7597484509882064,0.0,0,16.0,3,1.0,1,3.0,1,0.0,0,1,False
AAACATTGATCAGC-1,0,3147.0,1129,1.2828815,1.611569524550949,12.0,2,2.0,1,1.0,1,2.0,1,0.0,0,1,False
AAACCGTGCTTCCG-1,1,2639.0,960,0.59759885,0.7414249569819061,0.0,0,3.0,1,1.0,1,44.0,4,1.0,1,2,True
AAACCGTGTATGCG-1,2,980.0,521,-1.6403615,-1.5188914049282105,0.0,0,0.0,0,14.0,2,0.0,0,0.0,0,1,False
AAACGCACTGGTAC-1,0,2163.0,781,-0.044516392,-0.18020745482199108,3.0,2,0.0,0,0.0,0,1.0,1,0.0,0,1,False
AAACGCTGACCAGT-1,2,2175.0,782,-0.028328612,-0.17505867039850562,2.0,1,1.0,1,11.0,3,1.0,1,0.0,0,1,False
AAACGCTGGTTCTT-1,0,2260.0,790,0.08633482,-0.13386839501062195,5.0,2,2.0,1,2.0,1,1.0,1,0.0,0,1,False
AAACGCTGTAGCCA-1,2,1275.0,532,-1.242412,-1.4622547762698705,2.0,2,3.0,2,2.0,2,0.0,0,0.0,0,3,True
AAACGCTGTTTCTG-1,4,1103.0,550,-1.4744369,-1.3695766566471324,0.0,0,1.0,1,0.0,0,15.0,3,0.0,0,1,False
AAACTTGAAAAACG-1,3,3914.0,1112,2.3175502,1.524040189351696,1.0,1,11.0,3,0.0,0,3.0,2,0.0,0,2,True
AAACTTGATCCAGA-1,0,2388.0,747,0.25900444,-0.3552661252204967,5.0,2,43.0,1,0.0,0,0.0,0,0.0,0,1,False
AAAGAGACGAGATA-1,0,2410.0,864,0.28868204,0.24714165232730206,8.0,2,0.0,0,0.0,0,3.0,2,0.0,0,2,True
AAAGAGACGCGAGA-1,1,3033.0,1058,1.1290976,1.2460058304834811,1.0,1,4.0,1,1.0,1,100.0,4,0.0,0,1,False
AAAGAGACGGACTT-1,2,1151.0,457,-1.4096857,-1.84841360803128,1.0,1,0.0,0,3.0,1,1.0,1,0.0,0,0,False
AAAGAGACGGCATT-1,0,792.0,335,-1.8939701,-2.476565307696506,0.0,0,2.0,2,0.0,0,1.0,1,0.0,0,1,False
AAAGATCTGGGCAA-1,1,1347.0,551,-1.1452854,-1.3644278722236467,1.0,1,1.0,1,0.0,0,51.0,4,0.0,0,1,False
AAAGCAGAAGCCAT-1,2,1158.0,567,-1.4002428,-1.2820473214478794,3.0,1,0.0,0,2.0,1,2.0,1,0.0,0,0,False
AAAGCAGATATCGG-1,1,4584.0,1422,3.2213678,3.1201633606321884,0.0,0,11.0,1,2.0,1,91.0,4,0.0,0,1,False
AAAGCCTGTATGCG-1,0,2928.0,1013,0.9874545,1.0143105314266356,6.0,2,2.0,1,1.0,1,1.0,1,0.0,0,1,False
AAAGGCCTGTCTAG-1,3,4973.0,1445,3.7461216,3.238585402372354,6.0,2,46.0,3,3.0,2,1.0,1,0.0,0,3,True
AAAGTTTGATCACG-1,3,1268.0,444,-1.2518549,-1.915347805536591,0.0,0,6.0,3,0.0,0,1.0,1,0.0,0,1,False
AAAGTTTGGGGTGA-1,3,3281.0,1015,1.463645,1.0246081002736065,0.0,0,18.0,3,2.0,1,2.0,1,0.0,0,1,False
AAAGTTTGTAGAGA-1,0,1102.0,417,-1.4757859,-2.0543649849706984,1.0,1,0.0,0,0.0,0,2.0,2,0.0,0,1,False
AAAGTTTGTAGCGT-1,1,2683.0,877,0.656954,0.31407584983261305,0.0,0,3.0,1,0.0,0,287.0,4,0.0,0,1,False
AAATCAACAATGCC-1,3,2319.0,787,0.16592473,-0.14931474828107832,0.0,0,6.0,3,1.0,1,1.0,1,0.0,0,1,False
AAATCAACACCAGT-1,0,1412.0,508,-1.0576016,-1.5858256024335216,3.0,1,1.0,1,0.0,0,0.0,0,0.0,0,0,False
AAATCAACCAGGAG-1,0,2800.0,823,0.8147848,0.036041490964398216,4.0,1,0.0,0,0.0,0,3.0,2,0.0,0,1,False
AAATCAACCCTATT-1,4,5676.0,1541,4.6944556,3.732868707026958,2.0,2,1.0,1,2.0,1,20.0,2,1.0,1,3,True
AAATCAACGGAAGC-1,0,3473.0,996,1.7226495,0.9267811962273828,5.0,1,2.0,1,0.0,0,2.0,2,0.0,0,1,False
AAATCAACTCGCAA-1,0,2811.0,936,0.82962364,0.6178541308182551,6.0,2,0.0,0,0.0,0,2.0,1,0.0,0,1,False
AAATCATGACCACA-1,4,4128.0,1368,2.6062324,2.8421290017639738,2.0,1,3.0,1,0.0,0,37.0,3,0.0,0,1,False
AAATCCCTCCACAA-1,0,955.0,427,-1.6740861,-2.0028771407358437,5.0,2,0.0,0,0.0,0,0.0,0,0.0,0,1,False
AAATCCCTGCTATG-1,3,822.0,406,-1.8535006,-2.1110016136290386,0.0,0,9.0,3,0.0,0,0.0,0,1.0,1,2,True
AAATGTTGAACGAA-1,1,3208.0,1017,1.3651693,1.0349056691205774,0.0,0,4.0,1,1.0,1,81.0,4,0.0,0,1,False
AAATGTTGCCACAA-1,0,1760.0,785,-0.5881559,-0.15961231712804924,3.0,2,3.0,1,1.0,1,1.0,1,0.0,0,1,False
AAATGTTGTGGCAT-1,1,2761.0,1017,0.76217455,1.0349056691205774,0.0,0,3.0,1,0.0,0,85.0,4,0.0,0,1,False
AAATTCGAAGGTTC-1,0,2740.0,749,0.73384595,-0.3449685563735258,3.0,2,3.0,1,0.0,0,3.0,3,0.0,0,2,True
AAATTCGAATCACG-1,1,2567.0,822,0.5004721,0.030892706540912758,0.0,0,2.0,1,1.0,1,142.0,4,0.0,0,1,False
AAATTCGAGCTGAT-1,4,2969.0,980,1.0427628,0.8444006454516154,0.0,0,1.0,1,0.0,0,33.0,3,0.0,0,1,False
AAATTCGAGGAGTG-1,0,2978.0,873,1.0549035,0.2934807121386712,13.0,2,3.0,1,0.0,0,0.0,0,0.0,0,1,False
AAATTCGATTCTCA-1,2,2641.0,928,0.6002968,0.5766638554303715,3.0,1,4.0,1,58.0,2,1.0,1,0.0,0,1,False
AAATTGACACGACT-1,2,2357.0,836,0.21718603,0.1029756884697092,6.0,2,0.0,0,9.0,2,1.0,1,0.0,0,2,True
AAATTGACTCGCTC-1,0,3411.0,1013,1.6390126,1.0143105314266356,7.0,2,3.0,1,1.0,1,0.0,0,0.0,0,1,False
AACAAACTCATTTC-1,0,2178.0,731,-0.024281668,-0.43764667599626406,5.0,2,2.0,1,0.0,0,4.0,1,0.0,0,1,False
AACAAACTTTCGTT-1,0,2688.0,877,0.6636989,0.31407584983261305,1.0,1,0.0,0,0.0,0,1.0,1,0.0,0,0,False
AACAATACGACGAG-1,0,2104.0,782,-0.1241063,-0.17505867039850562,4.0,2,2.0,1,0.0,0,0.0,0,0.0,0,1,False
AACACGTGCAGAGG-1,0,1799.0,785,-0.53554565,-0.15961231712804924,8.0,2,2.0,1,0.0,0,2.0,2,0.0,0,2,True
AACACGTGGAAAGT-1,0,2629.0,788,0.584109,-0.14416596385759287,6.0,2,4.0,1,0.0,0,0.0,0,0.0,0,1,False
AACACGTGGAACCT-1,1,2280.0,880,0.11331445,0.3295222031030694,0.0,0,2.0,1,0.0,0,138.0,4,0.0,0,1,False
AACACGTGGCTACA-1,0,2652.0,800,0.6151356,-0.08238055077576735,6.0,1,0.0,0,0.0,0,0.0,0,0.0,0,0,False
AACACGTGTACGAC-1,4,3569.0,1213,1.8521516,2.0440674161237276,0.0,0,3.0,1,0.0,0,45.0,3,0.0,0,1,False
AACAGCACAAGAGT-1,1,688.0,342,-2.034264,-2.440523816732108,0.0,0,0.0,0,0.0,0,16.0,4,0.0,0,1,False
AACATTGATGGGAG-1,4,4711.0,1458,3.3926885,3.305519599877665,0.0,0,4.0,2,0.0,0,65.0,4,0.0,0,2,True
AACCAGTGATACCG-1,4,3840.0,1249,2.2177258,2.229423655369204,0.0,0,3.0,1,0.0,0,31.0,4,0.0,0,1,False
AACCCAGATCGCTC-1,0,2343.0,756,0.19830029,-0.30892706540912757,4.0,1,3.0,1,0.0,0,1.0,1,0.0,0,0,False
AACCGATGCTCCCA-1,0,2294.0,835,0.1322002,0.09782690404622373,3.0,2,2.0,1,0.0,0,2.0,1,0.0,0,1,False
AACCGATGGTCATG-1,3,2632.0,823,0.5881559,0.036041490964398216,0.0,0,22.0,3,1.0,1,0.0,0,0.0,0,1,False
AACCGATGTTCTAC-1,1,2294.0,825,0.1322002,0.046339059811369133,0.0,0,2.0,1,1.0,1,122.0,4,0.0,0,1,False
AACCGCCTAGCGTT-1,0,3390.0,1237,1.6106839,2.1676382422873783,3.0,2,3.0,2,0.0,0,0.0,0,0.0,0,2,True
AACCGCCTCTACGA-1,1,3994.0,1240,2.425469,2.183084595557835,0.0,0,6.0,2,0.0,0,91.0,3,1.0,1,3,True
AACCTACTGTGAGG-1,1,5682.0,1649,4.7025495,4.288937424763388,0.0,0,2.0,1,2.0,1,260.0,4,0.0,0,1,False
AACCTACTGTGTTG-1,0,2675.0,843,0.64616215,0.1390171794341074,2.0,1,5.0,2,0.0,0,0.0,0,0.0,0,1,False
AACCTTACGAGACG-1,0,2771.0,825,0.7756644,0.046339059811369133,3.0,1,0.0,0,0.0,0,0.0,0,0.0,0,0,False
AACCTTACGCGAGA-1,2,1246.0,654,-1.2815324,-0.8341030766046444,0.0,0,0.0,0,27.0,3,0.0,0,0.0,0,1,False
AACCTTACTAACGC-1,4,1947.0,776,-0.3358964,-0.2059513769394184,0.0,0,2.0,1,0.0,0,13.0,3,0.0,0,1,False
AACCTTTGGACGGA-1,0,2076.0,764,-0.16187778,-0.2677367900212439,5.0,2,0.0,0,1.0,1,0.0,0,0.0,0,1,False
AACCTTTGTACGCA-1,4,4617.0,1461,3.2658844,3.3209659531481215,0.0,0,4.0,1,2.0,2,34.0,3,0.0,0,2,True
AACGCAACAAGTAG-1,0,2048.0,789,-0.19964927,-0.1390171794341074,3.0,1,1.0,1,0.0,0,0.0,0,0.0,0,0,False
AACGCATGACCCAA-1,0,2774.0,868,0.7797113,0.2677367900212439,8.0,2,0.0,0,0.0,0,0.0,0,0.0,0,1,False
AACGCATGCCTTCG-1,0,2866.0,803,0.90381765,-0.06693419750531097,5.0,2,4.0,1,0.0,0,1.0,1,0.0,0,1,False
AACGCATGTACTTC-1,0,2913.0,963,0.96721977,0.7568713102523625,7.0,2,2.0,2,0.0,0,0.0,0,0.0,0,2,True
AACGCCCTCGGGAA-1,0,2502.0,799,0.41278836,-0.08752933519925281,2.0,2,3.0,1,0.0,0,2.0,1,0.0,0,1,False
AACGCCCTCGTACA-1,2,1915.0,876,-0.3790638,0.30892706540912757,0.0,0,1.0,1,61.0,3,1.0,1,0.0,0,1,False
AACGCCCTGCTTAG-1,3,1073.0,419,-1.5149063,-2.0440674161237276,0.0,0,8.0,3,0.0,0,0.0,0,0.0,0,1,False
AACGCCCTGGCATT-1,0,1442.0,690,-1.017132,-0.6487468373591679,1.0,1,1.0,1,1.0,1,0.0,0,0.0,0,0,False
AACGTCGAGTATCG-1,2,2148.0,987,-0.06475111,0.8804421364160135,0.0,0,0.0,0,32.0,2,2.0,2,0.0,0,2,True
AACGTGTGAAAGCA-1,0,2820.0,906,0.8417645,0.4633905981136914,1.0,1,1.0,1,0.0,0,2.0,2,0.0,0,1,False
AACGTGTGGCGGAA-1,3,2070.0,740,-0.16997167,-0.3913076161848949,1.0,1,10.0,3,0.0,0,1.0,1,0.0,0,1,False
AACGTGTGTCCAAG-1,0,1665.0,620,-0.7163092,-1.00916174700315,5.0,2,0.0,0,0.0,0,1.0,1,0.0,0,1,False
AACGTGTGTGCTTT-1,0,1932.0,866,-0.35613114,0.257439221174273,4.0,2,0.0,0,1.0,1,0.0,0,0.0,0,1,False
AACTACCTTAGAGA-1,0,2874.0,914,0.9146095,0.504580873501575,5.0,2,4.0,1,0.0,0,0.0,0,0.0,0,1,False
AACTCACTCAAGCT-1,1,2605.0,967,0.55173343,0.7774664479463044,0.0,0,1.0,1,1.0,1,79.0,4,0.0,0,1,False
AACTCACTTGGAGG-1,1,2122.0,801,-0.09982464,-0.07723176635228189,0.0,0,0.0,0,0.0,0,72.0,4,0.0,0,1,False
AACTCGGAAAGTGA-1,2,1840.0,732,-0.48023742,-0.4324978915727786,1.0,1,2.0,1,4.0,1,1.0,1,0.0,0,0,False
AACTCGGAAGGTCT-1,1,1289.0,554,-1.2235262,-1.3489815189531904,0.0,0,2.0,1,0.0,0,33.0,4,0.0,0,1,False
AACTCTTGCAGGAG-1,0,2102.0,789,-0.12680426,-0.1390171794341074,1.0,1,2.0,1,1.0,1,1.0,1,0.0,0,0,False
AACTGTCTCCCTTG-1,1,2326.0,857,0.1753676,0.21110016136290385,0.0,0,2.0,2,2.0,1,98.0,4,0.0,0,2,True
AACTTGCTACGCTA-1,3,2335.0,899,0.18750843,0.42734910714929314,0.0,0,11.0,3,0.0,0,1.0,1,0.0,0,1,False
AACTTGCTGGGACA-1,0,1864.0,674,-0.44786188,-0.7311273881349353,5.0,2,3.0,1,1.0,1,0.0,0,0.0,0,1,False
AAGAACGAGTGTTG-1,0,780.0,397,-1.9101579,-2.1573406734404075,3.0,2,1.0,1,0.0,0,0.0,0,0.0,0,1,False
AAGAAGACGTAGGG-1,3,1437.0,660,-1.023877,-0.8032103700637317,1.0,1,9.0,3,0.0,0,3.0,1,0.0,0,1,False
AAGACAGAAGTCTG-1,3,1125.0,563,-1.4447592,-1.3026424591418213,0.0,0,9.0,3,2.0,2,0.0,0,0.0,0,2,True
AAGACAGAGGATCT-1,0,2314.0,785,0.15917982,-0.15961231712804924,1.0,1,3.0,1,0.0,0,2.0,2,0.0,0,1,False
AAGACAGATTACCT-1,1,2309.0,859,0.15243492,0.22139773020987477,0.0,0,3.0,1,0.0,0,106.0,4,0.0,0,1,False
AAGAGATGGGTAGG-1,3,1345.0,567,-1.1479833,-1.2820473214478794,0.0,0,13.0,2,0.0,0,1.0,1,0.0,0,1,False
AAGATGGAAAACAG-1,3,878.0,412,-1.7779577,-2.0801089070881256,0.0,0,6.0,2,1.0,1,1.0,1,0.0,0,1,False
AAGATGGAGAACTC-1,1,3116.0,1042,1.241063,1.1636252797077138,0.0,0,2.0,1,0.0,0,93.0,4,0.0,0,1,False
AAGATGGAGATAAG-1,1,4019.0,1202,2.4591935,1.9874307874653874,0.0,0,5.0,1,3.0,2,116.0,4,0.0,0,2,True
AAGATTACAACCTG-1,0,2117.0,700,-0.10656954,-0.5972589931243133,3.0,2,3.0,1,0.0,0,1.0,1,0.0,0,1,False
AAGATTACAGATCC-1,1,4058.0,1256,2.5118036,2.2654651463336024,1.0,1,2.0,1,0.0,0,93.0,4,0.0,0,1,False
AAGATTACCCGTTC-1,1,2762.0,928,0.7635236,0.5766638554303715,0.0,0,1.0,1,0.0,0,90.0,4,0.0,0,1,False
AAGATTACCGCCTT-1,5,3062.0,1078,1.168218,1.3489815189531904,0.0,0,1.0,1,0.0,0,77.0,4,1.0,1,2,True
AAGATTACCTCAAG-1,2,2279.0,937,0.11196547,0.6230029152417406,1.0,1,2.0,1,73.0,3,0.0,0,0.0,0,1,False
AAGATTACTCCTCG-1,1,642.0,316,-2.0963173,-2.5743922117427296,0.0,0,0.0,0,0.0,0,24.0,3,0.0,0,1,False
AAGCAAGAGCGAGA-1,0,2478.0,898,0.3804128,0.4222003227258077,6.0,2,2.0,1,0.0,0,1.0,1,0.0,0,1,False
AAGCAAGAGCTTAG-1,2,2168.0,916,-0.037771482,0.514878442348546,1.0,1,1.0,1,20.0,2,0.0,0,0.0,0,1,False
AAGCAAGAGGTGTT-1,2,1684.0,857,-0.69067854,0.21110016136290385,0.0,0,1.0,1,13.0,2,1.0,1,0.0,0,1,False
AAGCACTGAGCAAA-1,3,3235.0,899,1.4015918,0.42734910714929314,1.0,1,58.0,3,0.0,0,1.0,1,0.0,0,1,False
AAGCACTGCATACG-1,0,803.0,390,-1.8791313,-2.193382164404806,2.0,1,0.0,0,5.0,1,0.0,0,0.0,0,0,False
AAGCACTGGTTCTT-1,3,6153.0,1713,5.33792,4.618459627866457,2.0,1,33.0,3,0.0,0,4.0,2,0.0,0,2,True
AAGCCAACGTGTTG-1,0,2764.0,819,0.7662215,0.015446353270456379,7.0,2,1.0,1,0.0,0,3.0,2,0.0,0,2,True
AAGCCATGAACTGC-1,5,7064.0,1871,6.566842,5.43196756677716,0.0,0,5.0,1,0.0,0,101.0,3,0.0,0,1,False
AAGCCATGACACGT-1,1,1535.0,657,-0.8916768,-0.818656723334188,0.0,0,2.0,1,0.0,0,115.0,4,0.0,0,1,False
AAGCCATGCGTGAT-1,0,2110.0,790,-0.11601241,-0.13386839501062195,5.0,2,3.0,1,0.0,0,0.0,0,0.0,0,1,False
AAGCCATGTCTCGC-1,2,908.0,477,-1.7374883,-1.7454379195615708,0.0,0,0.0,0,3.0,1,1.0,1,0.0,0,0,False
AAGCCTGACATGCA-1,0,1789.0,768,-0.5490355,-0.24714165232730206,5.0,2,1.0,1,1.0,1,2.0,2,1.0,1,3,True
AAGCCTGACCGAAT-1,1,1047.0,480,-1.5499798,-1.7299915662911145,0.0,0,3.0,1,0.0,0,19.0,4,0.0,0,1,False
AAGCGACTCCTCAC-1,4,2102.0,818,-0.12680426,0.010297568846970919,0.0,0,2.0,1,1.0,1,16.0,3,0.0,0,1,False
AAGCGACTGTGTCA-1,0,3131.0,866,1.2612977,0.257439221174273,3.0,2,2.0,1,0.0,0,0.0,0,0.0,0,1,False
AAGCGACTTACAGC-1,3,1494.0,600,-0.94698507,-1.1121374354728593,0.0,0,11.0,3,0.0,0,0.0,0,0.0,0,1,False
AAGCGACTTTGACG-1,4,3668.0,1185,1.9857008,1.8999014522661346,0.0,0,4.0,1,0.0,0,45.0,4,0.0,0,1,False
AAGCGTACGTCTTT-1,0,2046.0,648,-0.20234723,-0.8649957831455573,4.0,1,0.0,0,1.0,1,0.0,0,0.0,0,0,False
AAGGCTTGCGAACT-1,2,2075.0,774,-0.16322677,-0.2162489457863893,6.0,2,0.0,0,14.0,1,1.0,1,0.0,0,1,False
AAGGTCACGGTTAC-1,1,1870.0,699,-0.439768,-0.6024077775477987,0.0,0,2.0,2,1.0,1,39.0,4,0.0,0,2,True
AAGGTCACTGTTTC-1,3,1773.0,640,-0.57061917,-0.9061860585334409,0.0,0,8.0,3,0.0,0,1.0,1,0.0,0,1,False
AAGGTCACTTCCCG-1,2,2385.0,855,0.2549575,0.20080259251593294,6.0,2,0.0,0,18.0,2,2.0,2,0.0,0,3,True
AAGGTCTGACAGTC-1,0,2587.0,830,0.52745175,0.07208298192879643,3.0,2,2.0,1,0.0,0,2.0,2,0.0,0,2,True
AAGGTCTGCAGATC-1,0,967.0,387,-1.6578983,-2.2088285176752622,4.0,2,0.0,0,0.0,0,1.0,1,0.0,0,1,False
AAGGTCTGGTATGC-1,1,715.0,351,-1.9978417,-2.3941847569207386,0.0,0,2.0,1,0.0,0,28.0,4,0.0,0,1,False
AAGTAACTCTGAAC-1,1,1874.0,710,-0.43437207,-0.5457711488894588,0.0,0,1.0,1,0.0,0,86.0,4,0.0,0,1,False
AAGTAACTGAGATA-1,3,659.0,341,-2.0733845,-2.4456726011555934,0.0,0,11.0,3,0.0,0,0.0,0,0.0,0,1,False
AAGTAGGATACAGC-1,2,1723.0,892,-0.63806826,0.3913076161848949,1.0,1,1.0,1,46.0,3,2.0,2,0.0,0,2,True
AAGTATACCGAACT-1,0,3251.0,933,1.4231756,0.6024077775477987,3.0,1,1.0,1,0.0,0,1.0,1,0.0,0,0,False
AAGTCCGACTTGTT-1,0,1523.0,604,-0.9078646,-1.0915422977789175,4.0,2,0.0,0,0.0,0,1.0,1,0.0,0,1,False
AAGTCCGATAGAAG-1,0,3368.0,1007,1.5810064,0.9834178248857228,6.0,2,4.0,1,0.0,0,1.0,1,0.0,0,1,False
AAGTCTCTAGTCGT-1,0,3282.0,980,1.464994,0.8444006454516154,3.0,2,3.0,1,0.0,0,2.0,2,0.0,0,2,True
AAGTCTCTCGGAGA-1,2,1838.0,679,-0.4829354,-0.705383466017508,4.0,2,0.0,0,17.0,1,1.0,1,0.0,0,1,False
AAGTGGCTTGGAGG-1,3,1572.0,603,-0.8417645,-1.096691082202403,0.0,0,7.0,3,0.0,0,3.0,1,0.0,0,1,False
AAGTTCCTCATTCT-1,4,2334.0,862,0.18615945,0.23684408348033115,0.0,0,4.0,1,0.0,0,35.0,4,0.0,0,1,False
AAGTTCCTTCTTAC-1,0,3264.0,1030,1.4407123,1.1018398666258884,4.0,2,4.0,1,0.0,0,2.0,1,0.0,0,1,False
AATAAGCTCGAATC-1,0,2759.0,886,0.7594766,0.36041490964398215,6.0,2,3.0,1,0.0,0,0.0,0,0.0,0,1,False
AATAAGCTCGTTGA-1,0,1604.0,601,-0.7985971,-1.1069886510493738,3.0,1,1.0,1,0.0,0,0.0,0,0.0,0,0,False
AATACCCTGGACGA-1,3,1500.0,609,-0.9388912,-1.0657983756614902,0.0,0,7.0,2,0.0,0,1.0,1,0.0,0,1,False
AATACCCTGGCATT-1,0,3309.0,1118,1.5014164,1.5549328958926087,4.0,2,1.0,1,0.0,0,1.0,1,0.0,0,1,False
AATACTGAAAGGGC-1,2,1745.0,667,-0.6083907,-0.7671688790993335,0.0,0,0.0,0,30.0,2,0.0,0,0.0,0,1,False
AATACTGAATTGGC-1,2,1815.0,793,-0.513962,-0.11842204174016557,0.0,0,1.0,1,38.0,3,1.0,1,0.0,0,1,False
AATAGGGAACCCTC-1,3,2874.0,960,0.9146095,0.7414249569819061,0.0,0,14.0,3,0.0,0,0.0,0,0.0,0,1,False
AATAGGGAGAATGA-1,2,1861.0,753,-0.45190883,-0.32437341867958397,3.0,2,1.0,1,19.0,2,0.0,0,0.0,0,2,True
AATCAAACTATCGG-1,2,1457.0,637,-0.99689734,-0.9216324118038972,0.0,0,0.0,0,3.0,1,2.0,1,0.0,0,0,False
AATCCGGAATGCTG-1,3,2804.0,1031,0.8201808,1.1069886510493738,0.0,0,62.0,3,0.0,0,2.0,2,0.0,0,2,True
AATCCTACCGGTAT-1,0,2440.0,776,0.32915148,-0.2059513769394184,2.0,1,2.0,1,0.0,0,3.0,2,0.0,0,1,False
AATCCTTGACGGGA-1,1,2533.0,860,0.45460677,0.22654651463336023,0.0,0,1.0,1,0.0,0,38.0,4,1.0,1,2,True
AATCCTTGGTGAGG-1,2,1753.0,824,-0.59759885,0.041190275387883675,0.0,0,0.0,0,54.0,2,3.0,3,0.0,0,2,True
AATCGGTGGAACTC-1,2,1953.0,850,-0.3278025,0.17505867039850562,4.0,2,2.0,1,37.0,2,1.0,1,0.0,0,2,True
AATCGGTGTGCTTT-1,0,1894.0,743,-0.4073924,-0.37586126291443855,3.0,2,2.0,1,0.0,0,1.0,1,0.0,0,1,False
AATCTAGAAAAGTG-1,0,2581.0,857,0.5193579,0.21110016136290385,6.0,2,3.0,1,1.0,1,2.0,2,0.0,0,2,True
AATCTAGAATCGGT-1,0,3166.0,923,1.3085121,0.5509199333129442,7.0,2,2.0,1,0.0,0,0.0,0,0.0,0,1,False
AATCTCACAGCCTA-1,1,3553.0,1228,1.830568,2.1212991824760095,2.0,1,4.0,1,1.0,1,130.0,4,0.0,0,1,False
AATCTCACTCTAGG-1,0,2147.0,804,-0.0661001,-0.061785413081825516,3.0,2,2.0,1,0.0,0,1.0,1,0.0,0,1,False
AATCTCTGAACAGA-1,0,2183.0,715,-0.01753676,-0.5200272267720314,3.0,1,1.0,1,0.0,0,0.0,0,0.0,0,0,False
AATCTCTGCTTTAC-1,2,1709.0,667,-0.656954,-0.7671688790993335,1.0,1,2.0,1,41.0,2,0.0,0,0.0,0,1,False
AATGATACACCAAC-1,2,1918.0,779,-0.37501687,-0.190505023668962,3.0,2,1.0,1,19.0,1,0.0,0,0.0,0,1,False
AATGATACGGTCAT-1,1,3092.0,1194,1.2086874,1.9462405120775037,0.0,0,3.0,1,22.0,2,174.0,4,0.0,0,2,True
AATGCGTGACACCA-1,3,2866.0,888,0.90381765,0.37071247849095307,1.0,1,12.0,2,0.0,0,2.0,1,0.0,0,1,False
AATGCGTGGACGGA-1,5,4432.0,1266,3.0163226,2.3169529905684567,0.0,0,4.0,2,0.0,0,69.0,4,0.0,0,2,True
AATGCGTGGCTATG-1,3,2224.0,872,0.037771482,0.28833192771518573,0.0,0,15.0,3,0.0,0,2.0,1,0.0,0,1,False
AATGGAGAATCGTG-1,1,2380.0,846,0.2482126,0.15446353270456378,0.0,0,4.0,1,0.0,0,154.0,4,0.0,0,1,False
AATGGAGATCCTTA-1,2,1958.0,780,-0.32105762,-0.18535623924547653,4.0,2,1.0,1,2.0,2,0.0,0,0.0,0,2,True
AATGGCTGACACCA-1,3,3037.0,958,1.1344935,0.7311273881349353,0.0,0,21.0,3,0.0,0,6.0,3,0.0,0,2,True
AATGGCTGCGTGAT-1,0,2209.0,803,0.01753676,-0.06693419750531097,2.0,2,1.0,1,0.0,0,0.0,0,0.0,0,1,False
AATGGCTGTAAAGG-1,0,1286.0,554,-1.2275732,-1.3489815189531904,0.0,0,1.0,1,1.0,1,1.0,1,0.0,0,0,False
AATGGCTGTACTCT-1,2,1207.0,603,-1.3341427,-1.096691082202403,6.0,2,0.0,0,1.0,1,0.0,0,0.0,0,1,False
AATGGCTGTGAAGA-1,0,2142.0,782,-0.072845004,-0.17505867039850562,5.0,2,3.0,1,0.0,0,1.0,1,0.0,0,1,False
AATGTAACGGTGGA-1,0,3047.0,978,1.1479833,0.8341030766046444,3.0,1,2.0,1,0.0,0,1.0,1,0.0,0,0,False
AATGTAACGTTTGG-1,2,1130.0,537,-1.4380143,-1.4365108541524432,2.0,2,0.0,0,1.0,1,1.0,1,0.0,0,1,False
AATGTCCTCTTCTA-1,0,3321.0,909,1.5176042,0.4788369513841477,9.0,2,2.0,1,0.0,0,2.0,1,0.0,0,1,False
AATGTTGACAGTCA-1,0,2738.0,935,0.731148,0.6127053463947697,2.0,1,1.0,1,0.0,0,0.0,0,0.0,0,0,False
AATGTTGAGTTGAC-1,1,2995.0,996,1.0778363,0.9267811962273828,0.0,0,2.0,1,2.0,1,332.0,4,0.0,0,1,False
AATGTTGATCTACT-1,0,2672.0,960,0.64211524,0.7414249569819061,1.0,1,0.0,0,1.0,1,1.0,1,0.0,0,0,False
AATTACGAATTCCT-1,5,4510.0,1313,3.1215432,2.5589458584722733,1.0,1,1.0,1,1.0,1,133.0,4,0.0,0,1,False
AATTACGACTTCTA-1,0,2568.0,798,0.50182116,-0.09267811962273827,3.0,2,2.0,1,0.0,0,1.0,1,0.0,0,1,False
AATTACGAGTAGCT-1,2,2710.0,995,0.69337654,0.9216324118038972,5.0,1,2.0,1,12.0,2,3.0,2,0.0,0,2,True
AATTACGAGTGAGG-1,0,3465.0,1110,1.7118576,1.513742620504725,6.0,2,3.0,1,1.0,1,1.0,1,0.0,0,1,False
AATTACGATTGGCA-1,3,1730.0,676,-0.6286254,-0.7208298192879643,0.0,0,13.0,3,0.0,0,2.0,2,0.0,0,2,True
AATTCCTGCTCAGA-1,3,1799.0,774,-0.53554565,-0.2162489457863893,0.0,0,13.0,3,1.0,1,3.0,1,0.0,0,1,False
AATTGATGTCGCAA-1,4,3970.0,1295,2.3930933,2.466267738849535,0.0,0,2.0,1,0.0,0,36.0,4,1.0,1,2,True
AATTGTGACTTGGA-1,3,1972.0,656,-0.30217186,-0.8238055077576736,0.0,0,5.0,3,0.0,0,0.0,0,0.0,0,1,False
ACAAAGGAGGGTGA-1,0,2017.0,624,-0.2414677,-0.9885666093092083,2.0,1,1.0,1,0.0,0,0.0,0,0.0,0,0,False
ACAAATTGATTCTC-1,4,4094.0,1313,2.5603669,2.5589458584722733,1.0,1,5.0,1,0.0,0,32.0,3,0.0,0,1,False
ACAAATTGCTCAGA-1,1,954.0,466,-1.6754351,-1.8020745482199108,0.0,0,2.0,1,0.0,0,65.0,4,0.0,0,1,False
ACAAATTGTTGCGA-1,2,2326.0,936,0.1753676,0.6178541308182551,1.0,1,0.0,0,56.0,3,1.0,1,0.0,0,1,False
ACAACCGAGGGATG-1,2,2384.0,977,0.25360852,0.828954292181159,2.0,1,1.0,1,84.0,2,1.0,1,0.0,0,1,False
ACAACCGAGTTACG-1,0,2104.0,778,-0.1241063,-0.19565380809244745,5.0,2,2.0,1,0.0,0,2.0,2,0.0,0,2,True
ACAAGAGAAGTCGT-1,1,4144.0,1310,2.627816,2.543499505201817,1.0,1,2.0,1,2.0,1,163.0,4,0.0,0,1,False
ACAAGAGACTTATC-1,0,947.0,431,-1.684878,-1.982282003041902,1.0,1,1.0,1,0.0,0,0.0,0,0.0,0,0,False
ACAAGAGAGTTGAC-1,3,1622.0,577,-0.7743154,-1.2305594772130248,0.0,0,11.0,3,0.0,0,1.0,1,0.0,0,1,False
ACAATCCTAACCGT-1,0,2316.0,849,0.16187778,0.16990988597502016,4.0,2,1.0,1,0.0,0,2.0,2,0.0,0,2,True
ACAATCCTTAGCGT-1,3,1845.0,734,-0.47349253,-0.4222003227258077,0.0,0,12.0,3,0.0,0,1.0,1,0.0,0,1,False
ACAATTGACTGACA-1,2,2163.0,798,-0.044516392,-0.09267811962273827,4.0,2,0.0,0,16.0,3,2.0,1,0.0,0,2,True
ACAATTGATGACTG-1,2,1869.0,890,-0.44111696,0.381010047337924,3.0,1,0.0,0,79.0,3,2.0,2,0.0,0,2,True
ACACAGACACCTGA-1,1,551.0,299,-2.2190747,-2.661921546941983,0.0,0,0.0,0,0.0,0,34.0,4,0.0,0,1,False
ACACAGACCATACG-1,2,2021.0,857,-0.23607177,0.21110016136290385,2.0,2,0.0,0,13.0,1,1.0,1,0.0,0,1,False
ACACCAGAGGGCAA-1,0,1768.0,719,-0.5773641,-0.49943208907808956,3.0,2,1.0,1,5.0,1,0.0,0,0.0,0,1,False
ACACCCTGGTGTTG-1,2,1806.0,820,-0.5261028,0.020595137693941837,1.0,1,0.0,0,75.0,3,0.0,0,0.0,0,1,False
ACACGAACAGTTCG-1,0,1523.0,680,-0.9078646,-0.7002346815940225,4.0,2,1.0,1,0.0,0,1.0,1,0.0,0,1,False
ACACGATGACGCAT-1,2,2057.0,951,-0.18750843,0.695085897170537,6.0,2,0.0,0,2.0,2,2.0,1,0.0,0,2,True
ACACGATGATGTGC-1,1,2314.0,889,0.15917982,0.37586126291443855,1.0,1,2.0,1,0.0,0,63.0,4,0.0,0,1,False
ACACGATGTCGTAG-1,2,3651.0,1264,1.9627682,2.306655421721486,4.0,2,5.0,1,6.0,3,0.0,0,0.0,0,2,True
ACACGATGTGGTCA-1,2,2310.0,918,0.1537839,0.5251760111955168,3.0,2,1.0,1,13.0,3,2.0,2,0.0,0,3,True
ACAGACACGGCATT-1,0,2137.0,797,-0.07958991,-0.09782690404622373,3.0,1,0.0,0,6.0,2,1.0,1,0.0,0,1,False
ACAGACACGTTGTG-1,0,1981.0,830,-0.29003105,0.07208298192879643,2.0,1,4.0,1,0.0,0,1.0,1,0.0,0,0,False
ACAGCAACACCTAG-1,1,1046.0,496,-1.5513288,-1.6476110155153472,0.0,0,0.0,0,0.0,0,11.0,4,0.0,0,1,False
ACAGCAACCTCAAG-1,4,4431.0,1472,3.0149736,3.3776025818064617,1.0,1,4.0,1,1.0,1,20.0,2,0.0,0,1,False
ACAGGTACCCCACT-1,0,2727.0,846,0.7163092,0.15446353270456378,4.0,2,1.0,1,0.0,0,4.0,2,0.0,0,2,True
ACAGGTACGCTGTA-1,2,2219.0,868,0.031026576,0.2677367900212439,5.0,2,0.0,0,3.0,1,3.0,3,0.0,0,2,True
ACAGGTACTGGTGT-1,2,1885.0,1058,-0.41953325,1.2460058304834811,0.0,0,1.0,1,27.0,3,1.0,1,0.0,0,1,False
ACAGTCGACCCAAA-1,0,1008.0,488,-1.6025901,-1.6888012909032308,3.0,2,0.0,0,0.0,0,1.0,1,0.0,0,1,False
ACAGTCGACCGATA-1,2,2068.0,895,-0.17266963,0.4067539694553513,3.0,2,2.0,1,17.0,2,0.0,0,0.0,0,2,True
ACAGTGACTCACCC-1,0,2161.0,831,-0.047214355,0.07723176635228189,3.0,1,3.0,1,0.0,0,0.0,0,0.0,0,0,False
ACAGTGACTCTATC-1,2,2131.0,864,-0.0876838,0.24714165232730206,1.0,1,0.0,0,4.0,2,1.0,1,0.0,0,1,False
ACAGTGTGGTCACA-1,0,963.0,418,-1.6632942,-2.049216200547213,1.0,1,1.0,1,0.0,0,1.0,1,0.0,0,0,False
ACAGTGTGTTGCGA-1,1,2273.0,855,0.10387158,0.20080259251593294,0.0,0,0.0,0,1.0,1,222.0,3,0.0,0,1,False
ACATCACTCTACTT-1,1,2502.0,906,0.41278836,0.4633905981136914,0.0,0,0.0,0,0.0,0,144.0,4,0.0,0,1,False
ACATGGTGAAGCCT-1,0,2165.0,791,-0.04181843,-0.1287196105871365,6.0,2,3.0,1,1.0,1,3.0,2,0.0,0,2,True
ACATGGTGCAACCA-1,3,2147.0,756,-0.0661001,-0.30892706540912757,0.0,0,10.0,3,0.0,0,2.0,2,0.0,0,2,True
ACATGGTGCGAGTT-1,0,2046.0,769,-0.20234723,-0.2419928679038166,3.0,1,5.0,1,1.0,1,2.0,2,0.0,0,1,False
ACATGGTGCGTTGA-1,2,1560.0,688,-0.85795224,-0.6590444062061388,2.0,2,0.0,0,10.0,2,1.0,1,0.0,0,2,True
ACATTCTGGCATAC-1,0,2848.0,955,0.879536,0.7156810348644789,6.0,2,1.0,1,0.0,0,1.0,1,0.0,0,1,False
ACATTCTGGGAACG-1,1,3715.0,1189,2.049103,1.9204965899600763,2.0,2,2.0,1,1.0,1,134.0,4,0.0,0,2,True
ACCAACGACATGCA-1,0,2114.0,679,-0.11061648,-0.705383466017508,2.0,1,2.0,1,1.0,1,1.0,1,0.0,0,0,False
ACCACAGAAAGTAG-1,0,1457.0,524,-0.99689734,-1.5034450516577542,3.0,2,0.0,0,0.0,0,3.0,1,0.0,0,1,False
ACCACAGAGTTGGT-1,0,2856.0,904,0.8903278,0.45309302926672046,13.0,2,1.0,1,0.0,0,1.0,1,0.0,0,1,False
ACCACCTGTGTGCA-1,0,1176.0,505,-1.3759612,-1.6012719557039778,2.0,2,1.0,1,0.0,0,0.0,0,0.0,0,1,False
ACCACGCTACAGCT-1,0,2530.0,849,0.45055982,0.16990988597502016,5.0,2,1.0,1,0.0,0,3.0,1,0.0,0,1,False
ACCACGCTACCCAA-1,2,1936.0,775,-0.3507352,-0.21110016136290385,3.0,2,1.0,1,6.0,1,4.0,2,0.0,0,2,True
ACCACGCTGCGAGA-1,0,1979.0,793,-0.292729,-0.11842204174016557,3.0,1,2.0,1,1.0,1,0.0,0,0.0,0,0,False
ACCACGCTGCTGTA-1,0,2008.0,747,-0.25360852,-0.3552661252204967,3.0,2,0.0,0,0.0,0,0.0,0,1.0,1,2,True
ACCAGCCTGACAGG-1,0,2569.0,951,0.50317013,0.695085897170537,3.0,2,3.0,1,0.0,0,2.0,1,0.0,0,1,False
ACCAGTGAACGGTT-1,3,1730.0,643,-0.6286254,-0.8907397052629845,0.0,0,18.0,3,0.0,0,0.0,0,0.0,0,1,False
ACCAGTGAATACCG-1,4,3869.0,1275,2.2568462,2.363292050379826,0.0,0,4.0,1,0.0,0,34.0,3,0.0,0,1,False
ACCAGTGAGGGATG-1,0,2444.0,827,0.33454743,0.05663662865834006,7.0,2,1.0,1,1.0,1,1.0,1,0.0,0,1,False
ACCAGTGATGACTG-1,1,1223.0,480,-1.312559,-1.7299915662911145,0.0,0,0.0,0,0.0,0,65.0,4,0.0,0,1,False
ACCATTACCTTCTA-1,0,3415.0,969,1.6444085,0.7877640167932753,4.0,1,1.0,1,0.0,0,3.0,2,0.0,0,1,False
ACCATTACGAGATA-1,0,2709.0,1109,0.6920275,1.5085938360812396,5.0,2,0.0,0,0.0,0,3.0,2,0.0,0,2,True
ACCATTTGTCATTC-1,0,1647.0,648,-0.7405909,-0.8649957831455573,5.0,2,0.0,0,0.0,0,0.0,0,0.0,0,1,False
ACCCAAGAACTGTG-1,2,1704.0,805,-0.6636989,-0.05663662865834006,2.0,1,2.0,1,14.0,2,1.0,1,0.0,0,1,False
ACCCAAGAATTCCT-1,4,3562.0,1222,1.8427088,2.0904064759350964,0.0,0,7.0,2,0.0,0,43.0,2,2.0,1,3,True
ACCCAAGAGGACAG-1,0,2975.0,1022,1.0508566,1.0606495912380047,1.0,1,1.0,1,0.0,0,1.0,1,0.0,0,0,False
ACCCAAGATTCACT-1,3,1973.0,666,-0.30082288,-0.7723176635228189,0.0,0,11.0,3,0.0,0,1.0,1,0.0,0,1,False
ACCCACTGCGCCTT-1,1,986.0,489,-1.6322677,-1.6836525064797452,0.0,0,1.0,1,0.0,0,22.0,4,0.0,0,1,False
ACCCACTGGACAGG-1,0,863.0,390,-1.7981924,-2.193382164404806,3.0,2,0.0,0,0.0,0,0.0,0,0.0,0,1,False
ACCCACTGGTTCAG-1,6,556.0,338,-2.2123296,-2.4611189544260497,0.0,0,0.0,0,0.0,0,0.0,0,31.0,2,1,False
ACCCACTGTCGTAG-1,1,2872.0,1111,0.91191155,1.5188914049282105,1.0,1,1.0,1,0.0,0,161.0,4,0.0,0,1,False
ACCCAGCTCAGAAA-1,0,2388.0,836,0.25900444,0.1029756884697092,5.0,2,0.0,0,0.0,0,0.0,0,0.0,0,1,False
ACCCAGCTGTTAGC-1,1,5534.0,1546,4.5029006,3.7586126291443853,5.0,2,6.0,1,0.0,0,256.0,4,0.0,0,2,True
ACCCAGCTTGCTTT-1,0,2495.0,840,0.4033455,0.12357082616365103,8.0,2,1.0,1,0.0,0,0.0,0,0.0,0,1,False
ACCCGTTGATGACC-1,3,1508.0,581,-0.9280993,-1.209964339519083,0.0,0,18.0,3,0.0,0,0.0,0,0.0,0,1,False
ACCCGTTGCTGCAA-1,0,2157.0,747,-0.05261028,-0.3552661252204967,6.0,2,3.0,1,1.0,1,0.0,0,0.0,0,1,False
ACCCGTTGCTTCTA-1,5,6083.0,1852,5.243491,5.3341406627309365,5.0,2,5.0,2,1.0,1,5.0,3,0.0,0,3,True
ACCCTCGACCTATT-1,0,1727.0,735,-0.63267237,-0.4170515383023222,0.0,0,1.0,1,1.0,1,1.0,1,0.0,0,0,False
ACCCTCGACGGTAT-1,3,1244.0,487,-1.2842305,-1.6939500753267163,0.0,0,7.0,3,0.0,0,0.0,0,0.0,0,1,False
ACCCTCGATAAGGA-1,1,2845.0,1014,0.875489,1.019459315850121,0.0,0,2.0,1,1.0,1,48.0,4,0.0,0,1,False
ACCCTCGATCAAGC-1,1,1443.0,584,-1.0157831,-1.1945179862486266,0.0,0,0.0,0,1.0,1,51.0,4,0.0,0,1,False
ACCGTGCTACCAGT-1,0,1936.0,795,-0.3507352,-0.10812447289319466,3.0,2,1.0,1,0.0,0,2.0,1,0.0,0,1,False
ACCGTGCTGGAACG-1,3,1908.0,768,-0.38850668,-0.24714165232730206,1.0,1,14.0,3,0.0,0,0.0,0,0.0,0,1,False
ACCTATTGCTGAGT-1,3,1190.0,490,-1.3570755,-1.6785037220562598,0.0,0,4.0,2,0.0,0,0.0,0,0.0,0,1,False
ACCTATTGTGCCCT-1,4,4056.0,1303,2.5091057,2.507458014237419,0.0,0,9.0,2,1.0,1,43.0,3,0.0,0,2,True
ACCTCCGAGTCCTC-1,0,2425.0,894,0.30891678,0.4016051850318659,10.0,2,3.0,1,0.0,0,1.0,1,0.0,0,1,False
ACCTCCGATATGCG-1,0,1789.0,686,-0.5490355,-0.6693419750531098,5.0,2,3.0,2,0.0,0,0.0,0,0.0,0,2,True
ACCTCCGATGCTGA-1,0,1788.0,601,-0.55038446,-1.1069886510493738,5.0,2,1.0,1,1.0,1,0.0,0,0.0,0,1,False
ACCTCGTGAACCAC-1,2,1968.0,771,-0.3075678,-0.2316952990568457,1.0,1,1.0,1,3.0,2,0.0,0,0.0,0,1,False
ACCTGAGATATCGG-1,1,1523.0,703,-0.9078646,-0.5818126398538569,1.0,1,4.0,2,2.0,2,16.0,4,29.0,2,4,True
ACCTGGCTAAGTAG-1,2,1869.0,891,-0.44111696,0.38615883176140947,0.0,0,1.0,1,58.0,3,1.0,1,0.0,0,1,False
ACCTGGCTGTCTTT-1,1,835.0,445,-1.8359638,-1.9101990211131055,0.0,0,2.0,1,0.0,0,4.0,2,7.0,2,2,True
ACCTTTGACTCCCA-1,1,3055.0,1168,1.1587751,1.8123721170668818,1.0,1,4.0,1,1.0,1,141.0,4,0.0,0,1,False
ACCTTTGAGGAACG-1,1,4144.0,1374,2.627816,2.8730217083048863,2.0,2,3.0,2,0.0,0,136.0,4,0.0,0,3,True
ACCTTTGAGGAAGC-1,4,3695.0,1188,2.0221233,1.915347805536591,0.0,0,5.0,1,0.0,0,43.0,3,0.0,0,1,False
ACGAACACCTTGTT-1,2,1734.0,890,-0.62322944,0.381010047337924,4.0,2,1.0,1,26.0,2,0.0,0,0.0,0,2,True
ACGAACTGGCTATG-1,6,8875.0,2413,9.009848,8.222608724306278,1.0,1,9.0,2,1.0,1,33.0,3,59.0,2,3,True
ACGAAGCTCTCCAC-1,0,795.0,354,-1.8899231,-2.3787384036502823,2.0,2,1.0,1,0.0,0,0.0,0,0.0,0,1,False
ACGAAGCTCTGAGT-1,3,7062.0,1852,6.564144,5.3341406627309365,1.0,1,43.0,3,0.0,0,2.0,1,0.0,0,1,False
ACGACCCTATCTCT-1,4,4076.0,1316,2.5360854,2.5743922117427296,0.0,0,5.0,1,0.0,0,48.0,3,0.0,0,1,False
ACGACCCTGATGAA-1,2,2011.0,700,-0.24956158,-0.5972589931243133,2.0,2,0.0,0,3.0,1,0.0,0,0.0,0,1,False
ACGACCCTTGACAC-1,3,2793.0,823,0.80534196,0.036041490964398216,1.0,1,16.0,3,0.0,0,6.0,3,0.0,0,2,True
ACGACCCTTGACCA-1,0,2314.0,736,0.15917982,-0.4119027538788368,3.0,1,1.0,1,0.0,0,1.0,1,0.0,0,0,False
ACGAGGGACAGGAG-1,5,7928.0,1991,7.7323623,6.049821697595415,0.0,0,2.0,1,0.0,0,59.0,3,0.0,0,1,False
ACGAGGGACGAACT-1,0,2758.0,888,0.7581276,0.37071247849095307,14.0,2,6.0,1,0.0,0,3.0,2,0.0,0,2,True
ACGAGGGATGTAGC-1,0,3052.0,1033,1.1547282,1.1172862198963447,2.0,2,2.0,1,0.0,0,4.0,2,0.0,0,2,True
ACGAGTACCCTAAG-1,3,1257.0,543,-1.2666937,-1.4056181476115304,0.0,0,12.0,2,0.0,0,0.0,0,0.0,0,1,False
ACGAGTACGAATCC-1,3,3619.0,1186,1.9196007,1.90505023668962,4.0,2,15.0,3,0.0,0,0.0,0,0.0,0,2,True
ACGATCGAGGACTT-1,2,1604.0,656,-0.7985971,-0.8238055077576736,0.0,0,0.0,0,37.0,3,0.0,0,0.0,0,1,False
ACGATCGAGTCACA-1,1,3065.0,1055,1.1722649,1.2305594772130248,0.0,0,2.0,1,0.0,0,297.0,4,0.0,0,1,False
ACGATGACAATGCC-1,0,2245.0,818,0.0661001,0.010297568846970919,4.0,2,1.0,1,0.0,0,1.0,1,0.0,0,1,False
ACGATGACTGGTCA-1,0,2632.0,977,0.5881559,0.828954292181159,2.0,1,0.0,0,2.0,2,2.0,1,0.0,0,1,False
ACGATTCTACGGGA-1,2,1606.0,632,-0.7958991,-0.9473763339213246,7.0,2,1.0,1,5.0,1,0.0,0,0.0,0,1,False
ACGCAATGGTTCAG-1,2,1227.0,598,-1.3071631,-1.1224350043198301,0.0,0,1.0,1,35.0,3,0.0,0,0.0,0,1,False
ACGCACCTGTTAGC-1,3,1687.0,690,-0.6866316,-0.6487468373591679,1.0,1,12.0,3,0.0,0,2.0,1,0.0,0,1,False
ACGCCACTGAACTC-1,1,602.0,310,-2.1502767,-2.6052849182836426,0.0,0,0.0,0,0.0,0,10.0,3,0.0,0,1,False
ACGCCGGAAACCAC-1,1,2243.0,803,0.06340213,-0.06693419750531097,0.0,0,4.0,1,1.0,1,96.0,4,0.0,0,1,False
ACGCCGGAAAGCCT-1,0,2143.0,741,-0.071496025,-0.38615883176140947,3.0,2,0.0,0,0.0,0,0.0,0,0.0,0,1,False
ACGCCGGAAATGCC-1,0,1102.0,560,-1.4757859,-1.3180888124122776,2.0,1,1.0,1,0.0,0,0.0,0,0.0,0,0,False
ACGCCTTGCTCCCA-1,4,2772.0,1071,0.77701336,1.3129400279887922,0.0,0,2.0,1,0.0,0,23.0,3,0.0,0,1,False
ACGCGGTGGCGAGA-1,0,2432.0,844,0.31835964,0.14416596385759287,4.0,2,1.0,1,0.0,0,0.0,0,0.0,0,1,False
ACGCGGTGTGTGGT-1,3,2603.0,881,0.5490355,0.3346709875265549,0.0,0,17.0,3,0.0,0,1.0,1,0.0,0,1,False
ACGCGGTGTTTGCT-1,2,2144.0,840,-0.07014704,0.12357082616365103,2.0,2,1.0,1,12.0,2,0.0,0,0.0,0,2,True
ACGCTCACAGTACC-1,0,2367.0,815,0.23067585,-0.005148784423485459,6.0,2,1.0,1,0.0,0,3.0,2,1.0,1,3,True
ACGCTCACCCTTGC-1,0,2162.0,768,-0.04586537,-0.24714165232730206,5.0,2,2.0,1,1.0,1,2.0,1,0.0,0,1,False
ACGCTGCTGTTCTT-1,2,1954.0,974,-0.32645354,0.8135079389107026,1.0,1,2.0,1,48.0,2,0.0,0,0.0,0,1,False
ACGGAACTCAGATC-1,2,2154.0,985,-0.056657225,0.8701445675690427,0.0,0,1.0,1,47.0,2,1.0,1,0.0,0,1,False
ACGGAACTGTCGTA-1,4,2151.0,818,-0.060704168,0.010297568846970919,0.0,0,0.0,0,0.0,0,24.0,4,1.0,1,2,True
ACGGAGGACTCTTA-1,1,2613.0,956,0.56252533,0.7208298192879643,0.0,0,7.0,1,0.0,0,128.0,4,0.0,0,1,False
ACGGATTGGGAGGT-1,3,1654.0,639,-0.731148,-0.9113348429569263,0.0,0,6.0,2,0.0,0,1.0,1,0.0,0,1,False
ACGGATTGGTTAGC-1,0,3068.0,1012,1.1763119,1.00916174700315,7.0,2,1.0,1,0.0,0,0.0,0,0.0,0,1,False
ACGGCTCTGAGCAG-1,0,2388.0,926,0.25900444,0.5663662865834006,9.0,2,1.0,1,0.0,0,4.0,2,0.0,0,2,True
ACGGCTCTTGCACA-1,0,2535.0,794,0.45730475,-0.11327325731668011,1.0,1,1.0,1,0.0,0,0.0,0,0.0,0,0,False
ACGGTAACCGCTAA-1,0,1865.0,751,-0.44651288,-0.3346709875265549,6.0,2,2.0,1,1.0,1,0.0,0,0.0,0,1,False
ACGGTAACCTTCGC-1,2,1944.0,791,-0.33994335,-0.1287196105871365,2.0,2,1.0,1,15.0,2,1.0,1,0.0,0,2,True
ACGGTAACGGTGGA-1,0,810.0,365,-1.8696884,-2.322101774991942,3.0,2,1.0,1,0.0,0,1.0,1,0.0,0,1,False
ACGGTAACTCGCAA-1,2,1213.0,539,-1.3260489,-1.4262132853054723,0.0,0,0.0,0,10.0,2,1.0,1,0.0,0,1,False
ACGGTATGAGTCGT-1,1,1764.0,752,-0.58276004,-0.3295222031030694,0.0,0,2.0,1,0.0,0,59.0,4,1.0,1,2,True
ACGGTATGGGTATC-1,3,2149.0,769,-0.06340213,-0.2419928679038166,1.0,1,20.0,3,0.0,0,1.0,1,0.0,0,1,False
ACGGTATGGTTGTG-1,3,1946.0,649,-0.33724537,-0.8598469987220717,0.0,0,11.0,3,0.0,0,1.0,1,0.0,0,1,False
ACGGTCCTAACGGG-1,0,2196.0,946,0.0,0.6693419750531098,6.0,2,1.0,1,2.0,2,1.0,1,0.0,0,2,True
ACGGTCCTCGGGAA-1,0,2254.0,771,0.07824093,-0.2316952990568457,5.0,2,1.0,1,0.0,0,2.0,2,0.0,0,2,True
ACGTAGACAACCAC-1,0,2027.0,823,-0.22797789,0.036041490964398216,7.0,2,8.0,1,1.0,1,4.0,3,0.0,0,2,True
ACGTAGACTACAGC-1,3,1828.0,743,-0.4964252,-0.37586126291443855,0.0,0,12.0,3,1.0,1,0.0,0,0.0,0,1,False
ACGTCAGAAACGAA-1,0,2166.0,836,-0.040469445,0.1029756884697092,2.0,1,0.0,0,0.0,0,1.0,1,0.0,0,0,False
ACGTCAGAGAGCTT-1,1,1909.0,721,-0.3871577,-0.48913452023111864,0.0,0,2.0,1,0.0,0,53.0,4,0.0,0,1,False
ACGTCAGAGGGATG-1,0,1541.0,640,-0.8835829,-0.9061860585334409,2.0,1,1.0,1,1.0,1,2.0,2,0.0,0,1,False
ACGTCCTGATAAGG-1,1,2627.0,923,0.58141106,0.5509199333129442,1.0,1,1.0,1,0.0,0,113.0,4,0.0,0,1,False
ACGTCCTGTGAACC-1,1,3301.0,1172,1.4906245,1.8329672547608236,0.0,0,0.0,0,0.0,0,107.0,4,0.0,0,1,False
ACGTCGCTCCTGAA-1,7,3924.0,1589,2.3310401,3.98001035935426,0.0,0,1.0,1,66.0,3,2.0,2,0.0,0,2,True
ACGTCGCTCTATTC-1,1,1584.0,698,-0.8255767,-0.6075565619712843,0.0,0,1.0,1,1.0,1,37.0,4,0.0,0,1,False
ACGTCGCTTCTCAT-1,3,1600.0,616,-0.803993,-1.029756884697092,0.0,0,9.0,3,0.0,0,0.0,0,0.0,0,1,False
ACGTGATGCCATGA-1,5,5437.0,1414,4.3720493,3.078973085244305,0.0,0,3.0,1,3.0,1,113.0,4,0.0,0,1,False
ACGTGATGGGTCTA-1,0,2633.0,815,0.58950496,-0.005148784423485459,5.0,2,1.0,1,2.0,1,1.0,1,0.0,0,1,False
ACGTGATGTAACCG-1,4,2974.0,1045,1.0495076,1.1790716329781703,0.0,0,2.0,2,0.0,0,42.0,4,0.0,0,2,True
ACGTGATGTGACAC-1,2,2134.0,980,-0.08363686,0.8444006454516154,1.0,1,1.0,1,34.0,3,1.0,1,0.0,0,1,False
ACGTGCCTCCGTAA-1,0,2176.0,865,-0.02697963,0.2522904367507875,6.0,2,2.0,1,0.0,0,0.0,0,0.0,0,1,False
ACGTGCCTTCTATC-1,2,1080.0,526,-1.5054634,-1.4931474828107834,1.0,1,2.0,1,12.0,2,0.0,0,0.0,0,1,False
ACGTTACTTTCCAT-1,0,1967.0,761,-0.30891678,-0.2831831432917003,4.0,2,4.0,1,0.0,0,0.0,0,0.0,0,1,False
ACGTTGGAAAAGCA-1,0,2187.0,717,-0.012140834,-0.5097296579250605,2.0,2,1.0,1,0.0,0,0.0,0,0.0,0,1,False
ACGTTGGAAACCTG-1,2,2217.0,860,0.028328612,0.22654651463336023,2.0,2,2.0,1,13.0,1,1.0,1,0.0,0,1,False
ACGTTGGACCGTAA-1,1,1382.0,602,-1.098071,-1.1018398666258884,0.0,0,3.0,1,0.0,0,36.0,4,0.0,0,1,False
ACGTTGGAGCCAAT-1,2,1780.0,828,-0.5611763,0.061785413081825516,0.0,0,0.0,0,30.0,2,1.0,1,0.0,0,1,False
ACGTTGGATATGGC-1,3,1051.0,475,-1.5445839,-1.7557354884085417,0.0,0,6.0,2,0.0,0,0.0,0,0.0,0,1,False
ACGTTGGATCAGGT-1,1,2799.0,1069,0.81343585,1.3026424591418213,0.0,0,2.0,2,1.0,1,50.0,4,0.0,0,2,True
ACGTTTACATCAGC-1,0,2367.0,774,0.23067585,-0.2162489457863893,4.0,2,3.0,2,0.0,0,1.0,1,0.0,0,2,True
ACTAAAACCCACAA-1,0,1267.0,613,-1.2532039,-1.0452032379675482,5.0,2,1.0,1,2.0,1,4.0,2,0.0,0,2,True
ACTAAAACTCGACA-1,1,2580.0,909,0.5180089,0.4788369513841477,0.0,0,8.0,1,2.0,1,234.0,4,0.0,0,1,False
ACTACGGAATTTCC-1,0,2187.0,835,-0.012140834,0.09782690404622373,2.0,1,0.0,0,0.0,0,0.0,0,0.0,0,0,False
ACTACGGACCTATT-1,0,1804.0,669,-0.5288008,-0.7568713102523625,0.0,0,2.0,1,0.0,0,0.0,0,0.0,0,0,False
ACTACGGATCGCTC-1,0,2471.0,942,0.37096992,0.6487468373591679,5.0,2,5.0,1,0.0,0,0.0,0,0.0,0,1,False
ACTACTACTAAGGA-1,0,2339.0,792,0.19290435,-0.12357082616365103,2.0,2,1.0,1,0.0,0,0.0,0,0.0,0,1,False
ACTAGGTGGAACCT-1,0,1980.0,871,-0.29138002,0.2831831432917003,4.0,2,1.0,1,2.0,1,1.0,1,0.0,0,1,False
ACTAGGTGGAACTC-1,0,3528.0,1043,1.7968434,1.1687740641311992,8.0,2,3.0,1,0.0,0,1.0,1,0.0,0,1,False
ACTATCACCTTGGA-1,2,2048.0,857,-0.19964927,0.21110016136290385,3.0,2,4.0,1,11.0,2,2.0,2,0.0,0,3,True
ACTATCACTGCCAA-1,0,2222.0,793,0.03507352,-0.11842204174016557,3.0,2,3.0,1,0.0,0,0.0,0,0.0,0,1,False
ACTCAGGACTGAAC-1,0,2159.0,821,-0.04991232,0.0257439221174273,8.0,2,2.0,1,1.0,1,0.0,0,0.0,0,1,False
ACTCAGGATCTATC-1,3,1869.0,750,-0.44111696,-0.3398197719500403,0.0,0,13.0,3,1.0,1,1.0,1,0.0,0,1,False
ACTCAGGATTCGTT-1,1,1009.0,435,-1.6012411,-1.96168686534796,0.0,0,2.0,1,1.0,1,45.0,4,0.0,0,1,False
ACTCCTCTCAACTG-1,0,3266.0,1141,1.4434103,1.6733549376327743,8.0,2,1.0,1,0.0,0,4.0,3,0.0,0,2,True
ACTCGCACGAAAGT-1,1,1822.0,779,-0.5045191,-0.190505023668962,0.0,0,0.0,0,0.0,0,80.0,4,0.0,0,1,False
ACTCGCACTACGAC-1,1,1872.0,718,-0.43707,-0.504580873501575,1.0,1,2.0,1,1.0,1,40.0,4,0.0,0,1,False
ACTCTCCTGACACT-1,0,1236.0,470,-1.2950222,-1.781479410525969,3.0,2,0.0,0,0.0,0,1.0,1,0.0,0,1,False
ACTCTCCTGCATAC-1,0,5850.0,1739,4.9291787,4.752328022877079,0.0,0,4.0,1,0.0,0,3.0,1,0.0,0,0,False
ACTCTCCTGTTTGG-1,0,2751.0,888,0.74868476,0.37071247849095307,6.0,2,2.0,1,1.0,1,0.0,0,0.0,0,1,False
ACTGAGACAACCAC-1,2,1942.0,839,-0.34264132,0.11842204174016557,3.0,2,0.0,0,6.0,1,1.0,1,0.0,0,1,False
ACTGAGACCCATAG-1,4,3632.0,1153,1.9371375,1.7351403507146,0.0,0,8.0,1,0.0,0,25.0,3,0.0,0,1,False
ACTGAGACGTTGGT-1,3,3989.0,1029,2.4187238,1.096691082202403,0.0,0,25.0,3,1.0,1,1.0,1,0.0,0,1,False
ACTGCCACACACGT-1,0,2120.0,912,-0.1025226,0.4942833046546041,5.0,2,0.0,0,17.0,2,0.0,0,0.0,0,2,True
ACTGCCACTCCGTC-1,2,1737.0,872,-0.6191825,0.28833192771518573,0.0,0,1.0,1,32.0,3,1.0,1,0.0,0,1,False
ACTGGCCTTCAGTG-1,2,1656.0,824,-0.72845006,0.041190275387883675,0.0,0,2.0,1,31.0,3,2.0,2,0.0,0,2,True
ACTGTGGACGTGTA-1,2,3183.0,1231,1.3314447,2.1367455357464658,9.0,2,8.0,2,21.0,2,1.0,1,0.0,0,3,True
ACTGTGGATCTAGG-1,3,4410.0,1310,2.9866452,2.543499505201817,4.0,2,19.0,3,1.0,1,3.0,3,0.0,0,3,True
ACTGTTACCCACAA-1,1,1261.0,574,-1.2612977,-1.2460058304834811,0.0,0,1.0,1,1.0,1,41.0,4,0.0,0,1,False
ACTGTTACTGCAGT-1,0,1658.0,605,-0.72575206,-1.0863935133554319,2.0,1,2.0,1,0.0,0,1.0,1,0.0,0,0,False
ACTTAAGAACCACA-1,0,2296.0,716,0.13489816,-0.514878442348546,4.0,2,1.0,1,1.0,1,0.0,0,0.0,0,1,False
ACTTAAGACCACAA-1,0,1626.0,662,-0.76891947,-0.7929128012167608,2.0,1,2.0,1,0.0,0,0.0,0,0.0,0,0,False
ACTTAAGATTACTC-1,5,2821.0,1018,0.8431135,1.0400544535440628,0.0,0,1.0,1,1.0,1,28.0,3,0.0,0,1,False
ACTTAGCTGCGTAT-1,4,3264.0,1213,1.4407123,2.0440674161237276,0.0,0,4.0,1,0.0,0,41.0,3,0.0,0,1,False
ACTTAGCTGGGAGT-1,0,2501.0,927,0.41143936,0.571515071006886,5.0,2,3.0,2,0.0,0,2.0,1,0.0,0,2,True
ACTTCAACAAGCAA-1,7,5416.0,1777,4.3437204,4.9479818309695265,8.0,1,1.0,1,7.0,1,2.0,2,0.0,0,1,False
ACTTCAACGTAGGG-1,2,1256.0,654,-1.2680427,-0.8341030766046444,0.0,0,1.0,1,33.0,2,1.0,1,0.0,0,1,False
ACTTCCCTTTCCGC-1,0,2072.0,718,-0.16727372,-0.504580873501575,6.0,2,2.0,1,0.0,0,1.0,1,1.0,1,2,True
ACTTCTGACATGCA-1,3,1655.0,646,-0.72979903,-0.8752933519925281,0.0,0,8.0,2,0.0,0,0.0,0,0.0,0,1,False
ACTTGACTCCACAA-1,3,1994.0,803,-0.27249426,-0.06693419750531097,0.0,0,12.0,3,0.0,0,2.0,2,0.0,0,2,True
ACTTGGGAGAAAGT-1,1,3623.0,1119,1.9249966,1.5600816803160942,1.0,1,4.0,1,0.0,0,145.0,4,0.0,0,1,False
ACTTGGGAGGTTTG-1,0,1644.0,749,-0.7446378,-0.3449685563735258,6.0,2,0.0,0,0.0,0,1.0,1,0.0,0,1,False
ACTTGGGATGTGAC-1,4,791.0,389,-1.8953191,-2.1985309488282914,0.0,0,1.0,1,0.0,0,7.0,3,1.0,1,2,True
ACTTGGGATTGACG-1,1,3108.0,1097,1.2302712,1.446808422999414,0.0,0,7.0,1,0.0,0,90.0,4,0.0,0,1,False
ACTTGTACCCGAAT-1,0,2500.0,910,0.4100904,0.4839857358076332,3.0,1,1.0,1,1.0,1,3.0,1,0.0,0,0,False
ACTTGTACCTGTCC-1,0,1148.0,455,-1.4137326,-1.858711176878251,3.0,2,0.0,0,0.0,0,0.0,0,0.0,0,1,False
ACTTTGTGCGATAC-1,0,600.0,267,-2.1529746,-2.8266826484935175,0.0,0,0.0,0,1.0,1,0.0,0,0.0,0,0,False
ACTTTGTGGAAAGT-1,0,2368.0,755,0.23202482,-0.31407584983261305,6.0,2,1.0,1,0.0,0,0.0,0,0.0,0,1,False
ACTTTGTGGATAGA-1,1,3143.0,1116,1.2774855,1.5446353270456379,0.0,0,2.0,1,0.0,0,139.0,4,0.0,0,1,False
AGAAACGAAAGTAG-1,3,1428.0,569,-1.0360178,-1.2717497526009085,0.0,0,8.0,2,0.0,0,0.0,0,0.0,0,1,False
AGAAAGTGCGCAAT-1,0,3021.0,867,1.1129098,0.2625880055977584,2.0,2,2.0,1,1.0,1,1.0,1,0.0,0,1,False
AGAAAGTGGGGATG-1,1,1966.0,726,-0.31026575,-0.4633905981136914,0.0,0,1.0,1,0.0,0,64.0,4,0.0,0,1,False
AGAACAGAAATGCC-1,2,1879.0,916,-0.42762715,0.514878442348546,0.0,0,0.0,0,44.0,3,0.0,0,0.0,0,1,False
AGAACAGACGACTA-1,3,980.0,490,-1.6403615,-1.6785037220562598,0.0,0,6.0,3,1.0,1,0.0,0,0.0,0,1,False
AGAACAGAGACAAA-1,0,3002.0,960,1.0872791,0.7414249569819061,1.0,1,3.0,2,0.0,0,5.0,2,0.0,0,2,True
AGAACGCTTTGCTT-1,0,1762.0,624,-0.585458,-0.9885666093092083,1.0,1,0.0,0,0.0,0,0.0,0,0.0,0,0,False
AGAAGATGTGACTG-1,0,3602.0,1088,1.8966681,1.400469363188045,5.0,2,3.0,1,0.0,0,1.0,1,0.0,0,1,False
AGAATGGAAGAAGT-1,2,2051.0,771,-0.19560233,-0.2316952990568457,4.0,2,2.0,1,10.0,1,1.0,1,0.0,0,1,False
AGAATTTGTAACCG-1,0,3257.0,966,1.4312694,0.7723176635228189,6.0,2,4.0,1,0.0,0,0.0,0,0.0,0,1,False
AGAATTTGTAGAGA-1,0,1426.0,478,-1.0387158,-1.7402891351380854,0.0,0,0.0,0,0.0,0,0.0,0,0.0,0,0,False
AGACACACTGTAGC-1,0,2227.0,808,0.04181843,-0.041190275387883675,3.0,2,2.0,1,0.0,0,3.0,1,0.0,0,1,False
AGACACTGTCAAGC-1,1,1939.0,720,-0.34668827,-0.4942833046546041,0.0,0,3.0,1,0.0,0,193.0,4,0.0,0,1,False
AGACCTGAAGTAGA-1,1,2590.0,1011,0.53149873,1.0040129625796645,0.0,0,1.0,1,1.0,1,148.0,4,0.0,0,1,False
AGACCTGACCAACA-1,0,2995.0,1007,1.0778363,0.9834178248857228,2.0,1,5.0,1,0.0,0,1.0,1,0.0,0,0,False
AGACCTGAGGAAGC-1,2,2875.0,1075,0.91595846,1.3335351656827341,4.0,2,2.0,1,4.0,1,3.0,3,0.0,0,2,True
AGACGTACAGAGGC-1,0,2190.0,805,-0.008093889,-0.05663662865834006,6.0,2,4.0,2,0.0,0,3.0,2,0.0,0,3,True
AGACGTACCCCTAC-1,3,1516.0,671,-0.91730744,-0.7465737414053917,0.0,0,6.0,3,1.0,1,0.0,0,0.0,0,1,False
AGACGTACCTCTTA-1,1,2884.0,948,0.9280993,0.6796395439000806,0.0,0,2.0,1,1.0,1,132.0,4,0.0,0,1,False
AGACGTACTCGTGA-1,4,2242.0,862,0.06205315,0.23684408348033115,0.0,0,1.0,1,0.0,0,21.0,2,0.0,0,1,False
AGACTGACCATCAG-1,2,1894.0,765,-0.4073924,-0.2625880055977584,6.0,2,1.0,1,13.0,1,0.0,0,0.0,0,1,False
AGACTGACCCTTTA-1,0,2910.0,962,0.9631728,0.7517225258288771,4.0,2,1.0,1,1.0,1,0.0,0,0.0,0,1,False
AGACTTCTCATGCA-1,3,1302.0,507,-1.2059895,-1.590974386857007,0.0,0,4.0,2,0.0,0,1.0,1,0.0,0,1,False
AGAGATGACAGTCA-1,3,1339.0,569,-1.1560771,-1.2717497526009085,0.0,0,8.0,3,0.0,0,2.0,1,0.0,0,1,False
AGAGATGACTGAAC-1,0,1972.0,676,-0.30217186,-0.7208298192879643,7.0,2,2.0,1,0.0,0,1.0,1,0.0,0,1,False
AGAGATGAGGTTTG-1,1,2058.0,766,-0.18615945,-0.257439221174273,0.0,0,1.0,1,0.0,0,117.0,4,0.0,0,1,False
AGAGATGATCTCGC-1,3,3369.0,1035,1.5823554,1.1275837887433156,0.0,0,8.0,3,0.0,0,4.0,1,1.0,1,2,True
AGAGATGATTGTGG-1,0,2338.0,884,0.19155538,0.35011734079701123,8.0,2,1.0,1,2.0,2,1.0,1,0.0,0,2,True
AGAGCGGAGGCAAG-1,1,5226.0,1422,4.0874143,3.1201633606321884,0.0,0,2.0,1,0.0,0,271.0,4,0.0,0,1,False
AGAGGTCTACAGCT-1,7,10762.0,2798,11.555376,10.20489072734818,21.0,2,6.0,1,60.0,2,2.0,1,0.0,0,2,True
AGAGTCTGGTCGTA-1,4,4469.0,1496,3.066235,3.5011734079701125,0.0,0,5.0,1,0.0,0,33.0,3,0.0,0,1,False
AGAGTGCTCAGCTA-1,0,1566.0,587,-0.84985834,-1.1790716329781703,2.0,1,0.0,0,0.0,0,0.0,0,0.0,0,0,False
AGAGTGCTCGAATC-1,0,2529.0,876,0.44921085,0.30892706540912757,2.0,1,3.0,1,0.0,0,3.0,3,0.0,0,1,False
AGAGTGCTGTCATG-1,0,3579.0,923,1.8656415,0.5509199333129442,9.0,2,1.0,1,0.0,0,4.0,2,0.0,0,2,True
AGAGTGCTGTCCTC-1,2,1943.0,782,-0.34129232,-0.17505867039850562,3.0,2,1.0,1,2.0,2,1.0,1,0.0,0,2,True
AGAGTGCTGTGTTG-1,3,1634.0,695,-0.7581276,-0.6230029152417406,0.0,0,13.0,3,0.0,0,0.0,0,0.0,0,1,False
AGATATACCCGTAA-1,2,2258.0,1055,0.08363686,1.2305594772130248,1.0,1,2.0,1,34.0,3,1.0,1,0.0,0,1,False
AGATATACGATGAA-1,0,2385.0,782,0.2549575,-0.17505867039850562,7.0,2,1.0,1,1.0,1,0.0,0,0.0,0,1,False
AGATATACTGTTCT-1,3,2358.0,867,0.218535,0.2625880055977584,0.0,0,11.0,3,0.0,0,0.0,0,0.0,0,1,False
AGATATTGCCTACC-1,2,2393.0,917,0.26574937,0.5200272267720314,5.0,2,0.0,0,10.0,1,0.0,0,0.0,0,1,False
AGATATTGGCCAAT-1,1,4073.0,1248,2.5320385,2.2242748709457185,0.0,0,9.0,1,0.0,0,151.0,4,0.0,0,1,False
AGATCGTGTCTGGA-1,1,2985.0,1020,1.0643464,1.0503520223910336,0.0,0,4.0,1,0.0,0,49.0,4,0.0,0,1,False
AGATCGTGTTTGTC-1,3,1839.0,722,-0.4815864,-0.4839857358076332,0.0,0,6.0,2,0.0,0,0.0,0,0.0,0,1,False
AGATCTCTATCACG-1,3,1498.0,642,-0.9415891,-0.89588848968647,0.0,0,11.0,3,0.0,0,0.0,0,0.0,0,1,False
AGATTAACGTTCTT-1,4,3874.0,1215,2.263591,2.0543649849706984,0.0,0,7.0,2,1.0,1,43.0,3,0.0,0,2,True
AGATTCCTATCGTG-1,0,2499.0,929,0.4087414,0.5818126398538569,4.0,2,0.0,0,1.0,1,5.0,3,0.0,0,2,True
AGATTCCTCACTTT-1,1,2199.0,791,0.0040469444,-0.1287196105871365,0.0,0,1.0,1,0.0,0,89.0,4,0.0,0,1,False
AGATTCCTGACGAG-1,1,2735.0,993,0.727101,0.9113348429569263,0.0,0,2.0,1,0.0,0,133.0,4,0.0,0,1,False
AGATTCCTGTTCAG-1,2,2315.0,1022,0.16052881,1.0606495912380047,0.0,0,2.0,1,70.0,3,3.0,3,0.0,0,2,True
AGCAAAGATATGCG-1,0,2432.0,944,0.31835964,0.6590444062061388,0.0,0,1.0,1,0.0,0,3.0,2,0.0,0,1,False
AGCACAACAGTCTG-1,0,1624.0,599,-0.7716174,-1.1172862198963447,3.0,1,1.0,1,0.0,0,0.0,0,0.0,0,0,False
AGCACTGAGGGAGT-1,0,2620.0,880,0.5719682,0.3295222031030694,4.0,2,2.0,1,0.0,0,1.0,1,0.0,0,1,False
AGCACTGATATGCG-1,0,2297.0,975,0.13624713,0.818656723334188,6.0,2,1.0,1,0.0,0,2.0,1,0.0,0,1,False
AGCACTGATGCTTT-1,5,5149.0,1605,3.9835424,4.062390910130028,0.0,0,5.0,3,0.0,0,124.0,3,0.0,0,2,True
AGCACTGATTGCGA-1,0,2156.0,756,-0.05395926,-0.30892706540912757,6.0,2,0.0,0,0.0,0,0.0,0,0.0,0,1,False
AGCATCGAAGATCC-1,0,1726.0,772,-0.63402134,-0.22654651463336023,3.0,2,0.0,0,0.0,0,1.0,1,0.0,0,1,False
AGCATCGAAGGGTG-1,3,2171.0,681,-0.03372454,-0.695085897170537,0.0,0,7.0,3,0.0,0,1.0,1,0.0,0,1,False
AGCATCGAGCTTCC-1,1,2581.0,992,0.5193579,0.9061860585334409,0.0,0,3.0,1,0.0,0,196.0,4,1.0,1,2,True
AGCATCGAGTGAGG-1,0,2979.0,979,1.0562526,0.8392518610281299,3.0,1,2.0,1,0.0,0,3.0,3,0.0,0,1,False
AGCATCGATAACCG-1,1,2780.0,1045,0.7878052,1.1790716329781703,0.0,0,2.0,1,0.0,0,163.0,4,1.0,1,2,True
AGCATGACGATGAA-1,2,1869.0,705,-0.44111696,-0.571515071006886,8.0,2,4.0,2,12.0,1,0.0,0,0.0,0,2,True
AGCCAATGGGGAGT-1,4,1876.0,808,-0.4316741,-0.041190275387883675,2.0,1,1.0,1,0.0,0,10.0,3,0.0,0,1,False
AGCCAATGTATCTC-1,0,2616.0,854,0.56657225,0.19565380809244745,4.0,2,2.0,1,1.0,1,1.0,1,0.0,0,1,False
AGCCACCTGGATCT-1,2,1983.0,819,-0.28733307,0.015446353270456379,6.0,2,1.0,1,14.0,2,0.0,0,0.0,0,2,True
AGCCGGTGCCAATG-1,0,3728.0,1146,2.0666397,1.6990988597502017,6.0,2,5.0,1,1.0,1,5.0,3,0.0,0,2,True
AGCCGGTGTGTTTC-1,0,2195.0,741,-0.0013489815,-0.38615883176140947,6.0,2,3.0,1,0.0,0,2.0,1,0.0,0,1,False
AGCCGTCTCAATCG-1,0,2919.0,914,0.97531366,0.504580873501575,37.0,2,1.0,1,0.0,0,1.0,1,0.0,0,1,False
AGCCGTCTGAGAGC-1,0,3003.0,967,1.088628,0.7774664479463044,6.0,2,1.0,1,1.0,1,0.0,0,0.0,0,1,False
AGCCTCACGTTCGA-1,0,2157.0,704,-0.05261028,-0.5766638554303715,5.0,2,2.0,1,2.0,2,0.0,0,0.0,0,2,True
AGCCTCACTGTCAG-1,4,4811.0,1393,3.5275867,2.97084861235111,0.0,0,3.0,1,5.0,1,40.0,3,0.0,0,1,False
AGCCTCTGCAGTTG-1,3,1473.0,581,-0.97531366,-1.209964339519083,0.0,0,9.0,3,0.0,0,1.0,1,0.0,0,1,False
AGCCTCTGCCAATG-1,2,1677.0,807,-0.7001214,-0.046339059811369133,0.0,0,0.0,0,73.0,3,2.0,2,0.0,0,2,True
AGCGAACTGGATCT-1,0,3137.0,919,1.2693917,0.5303247956190024,3.0,2,0.0,0,1.0,1,4.0,1,0.0,0,1,False
AGCGAACTTACTGG-1,0,2115.0,803,-0.1092675,-0.06693419750531097,1.0,1,4.0,1,1.0,1,1.0,1,0.0,0,0,False
AGCGATACGGAGCA-1,0,1588.0,540,-0.8201808,-1.4210645008819869,2.0,1,1.0,1,0.0,0,2.0,1,0.0,0,0,False
AGCGATTGAGATCC-1,2,1918.0,887,-0.37501687,0.36556369406746764,0.0,0,6.0,1,51.0,3,1.0,1,0.0,0,1,False
AGCGCCGAATCTCT-1,0,1279.0,519,-1.2370161,-1.5291889737751816,1.0,1,2.0,1,0.0,0,0.0,0,0.0,0,0,False
AGCGCCGACAGAGG-1,0,2676.0,1090,0.6475111,1.410766932035016,6.0,2,1.0,1,1.0,1,1.0,1,0.0,0,1,False
AGCGCTCTACCTTT-1,0,1767.0,762,-0.57871306,-0.2780343588682148,7.0,2,0.0,0,0.0,0,0.0,0,0.0,0,1,False
AGCGGCACCGGGAA-1,0,2103.0,698,-0.12545529,-0.6075565619712843,2.0,1,1.0,1,0.0,0,1.0,1,0.0,0,0,False
AGCGGCTGATGTGC-1,0,2266.0,749,0.09442871,-0.3449685563735258,3.0,2,1.0,1,0.0,0,1.0,1,0.0,0,1,False
AGCGGGCTTGCCAA-1,0,2243.0,770,0.06340213,-0.23684408348033115,3.0,1,0.0,0,1.0,1,0.0,0,0.0,0,0,False
AGCGTAACATGCTG-1,0,2423.0,898,0.3062188,0.4222003227258077,7.0,2,2.0,1,0.0,0,2.0,2,0.0,0,2,True
AGCGTAACTGAGAA-1,1,3077.0,1097,1.1884527,1.446808422999414,0.0,0,3.0,1,0.0,0,84.0,4,1.0,1,2,True
AGCTCGCTACTGGT-1,0,2528.0,757,0.44786188,-0.30377828098564214,3.0,2,6.0,2,1.0,1,2.0,2,0.0,0,3,True
AGCTCGCTCTGCTC-1,0,2673.0,881,0.6434642,0.3346709875265549,6.0,2,0.0,0,0.0,0,1.0,1,0.0,0,1,False
AGCTGAACCATACG-1,4,3215.0,1121,1.3746122,1.5703792491630653,0.0,0,3.0,1,1.0,1,32.0,4,0.0,0,1,False
AGCTGAACCTCTCG-1,0,2319.0,808,0.16592473,-0.041190275387883675,5.0,2,1.0,1,0.0,0,0.0,0,0.0,0,1,False
AGCTGCCTTGGGAG-1,1,1037.0,445,-1.5634696,-1.9101990211131055,0.0,0,1.0,1,0.0,0,37.0,4,0.0,0,1,False
AGCTGCCTTTCATC-1,0,5212.0,1703,4.068528,4.566971783631603,17.0,2,5.0,2,1.0,1,2.0,1,0.0,0,2,True
AGCTGCCTTTCTGT-1,0,2278.0,786,0.11061648,-0.15446353270456378,3.0,1,1.0,1,0.0,0,0.0,0,0.0,0,0,False
AGCTGTGATCCAAG-1,0,1548.0,638,-0.87414,-0.9164836273804118,1.0,1,1.0,1,0.0,0,0.0,0,0.0,0,0,False
AGCTTTACAAGTAG-1,0,2258.0,816,0.08363686,0.0,2.0,2,0.0,0,0.0,0,1.0,1,0.0,0,1,False
AGCTTTACACCAAC-1,2,2112.0,888,-0.11331445,0.37071247849095307,4.0,2,2.0,1,7.0,2,1.0,1,0.0,0,2,True
AGCTTTACTCTCAT-1,3,2566.0,763,0.49912316,-0.2728855744447294,0.0,0,15.0,3,0.0,0,1.0,1,0.0,0,1,False
AGGAAATGAGGAGC-1,0,1879.0,805,-0.42762715,-0.05663662865834006,6.0,1,1.0,1,0.0,0,0.0,0,0.0,0,0,False
AGGAACCTCTTAGG-1,4,3842.0,1321,2.2204237,2.600136133860157,0.0,0,11.0,2,1.0,1,41.0,4,0.0,0,2,True
AGGAACCTTGCCTC-1,2,2187.0,941,-0.012140834,0.6435980529356824,6.0,2,2.0,1,9.0,2,2.0,1,0.0,0,2,True
AGGAATGATAACGC-1,0,1975.0,807,-0.2981249,-0.046339059811369133,5.0,2,4.0,1,0.0,0,0.0,0,0.0,0,1,False
AGGAATGATTTGTC-1,0,2644.0,977,0.6043437,0.828954292181159,4.0,2,2.0,1,0.0,0,2.0,2,0.0,0,2,True
AGGAGTCTGGTTTG-1,0,2506.0,886,0.41818428,0.36041490964398215,2.0,1,2.0,2,0.0,0,1.0,1,0.0,0,1,False
AGGAGTCTTGTCAG-1,0,1977.0,725,-0.29542696,-0.4685393825371768,4.0,2,2.0,1,1.0,1,1.0,1,0.0,0,1,False
AGGATAGACATTTC-1,0,4142.0,1187,2.625118,1.9101990211131055,11.0,2,2.0,1,0.0,0,2.0,1,0.0,0,1,False
AGGATAGAGGATTC-1,2,1962.0,825,-0.31566167,0.046339059811369133,4.0,1,0.0,0,22.0,2,1.0,1,0.0,0,1,False
AGGATGCTACTAGC-1,3,1803.0,659,-0.53014976,-0.8083591544872172,0.0,0,16.0,3,0.0,0,0.0,0,0.0,0,1,False
AGGATGCTTTAGGC-1,2,1401.0,713,-1.0724403,-0.5303247956190024,0.0,0,1.0,1,28.0,2,0.0,0,0.0,0,1,False
AGGCAACTGAAGGC-1,0,2696.0,814,0.67449075,-0.010297568846970919,3.0,2,2.0,1,1.0,1,1.0,1,0.0,0,1,False
AGGCAGGAGTACCA-1,2,2150.0,820,-0.06205315,0.020595137693941837,5.0,2,2.0,1,4.0,1,1.0,1,0.0,0,1,False
AGGCCTCTAGTCGT-1,0,2264.0,806,0.09173074,-0.0514878442348546,6.0,1,1.0,1,0.0,0,2.0,2,0.0,0,1,False
AGGCCTCTCGGAGA-1,0,2388.0,864,0.25900444,0.24714165232730206,4.0,2,3.0,2,0.0,0,0.0,0,0.0,0,2,True
AGGCCTCTCGTAAC-1,0,1204.0,463,-1.3381897,-1.8175209014903673,0.0,0,2.0,1,0.0,0,0.0,0,0.0,0,0,False
AGGGACGACGTTGA-1,0,1856.0,663,-0.45865372,-0.7877640167932753,7.0,2,0.0,0,0.0,0,0.0,0,0.0,0,1,False
AGGGACGAGTCAAC-1,2,1955.0,929,-0.32510456,0.5818126398538569,0.0,0,1.0,1,47.0,2,0.0,0,0.0,0,1,False
AGGGACGAGTTGTG-1,0,2746.0,860,0.74193984,0.22654651463336023,5.0,2,0.0,0,1.0,1,1.0,1,0.0,0,1,False
AGGGACGATAGAGA-1,2,1719.0,671,-0.6434642,-0.7465737414053917,1.0,1,1.0,1,6.0,1,2.0,1,0.0,0,0,False
AGGGACGATGCATG-1,2,1783.0,803,-0.5571294,-0.06693419750531097,6.0,2,1.0,1,8.0,1,2.0,2,0.0,0,2,True
AGGGAGTGAGCCTA-1,0,997.0,464,-1.6174289,-1.8123721170668818,1.0,1,0.0,0,0.0,0,0.0,0,0.0,0,0,False
AGGGCCACCATACG-1,0,2047.0,788,-0.20099825,-0.14416596385759287,8.0,2,1.0,1,0.0,0,1.0,1,0.0,0,1,False
AGGGCGCTAACCAC-1,1,3558.0,1068,1.8373128,1.2974936747183359,3.0,1,5.0,1,0.0,0,126.0,4,0.0,0,1,False
AGGGCGCTATGGTC-1,0,1609.0,781,-0.7918522,-0.18020745482199108,4.0,2,1.0,1,0.0,0,1.0,1,0.0,0,1,False
AGGGTGGACAGTCA-1,3,2229.0,843,0.044516392,0.1390171794341074,0.0,0,12.0,3,1.0,1,0.0,0,0.0,0,1,False
AGGGTGGACTCAAG-1,1,2072.0,779,-0.16727372,-0.190505023668962,0.0,0,3.0,1,0.0,0,35.0,4,0.0,0,1,False
AGGGTGGAGTTGCA-1,2,2252.0,872,0.075542964,0.28833192771518573,5.0,2,0.0,0,6.0,1,1.0,1,0.0,0,1,False
AGGGTTTGTTCATC-1,1,1794.0,706,-0.54229057,-0.5663662865834006,0.0,0,0.0,0,2.0,1,22.0,3,0.0,0,1,False
AGGTCATGAGTGTC-1,3,925.0,492,-1.7145555,-1.6682061532092889,0.0,0,5.0,2,0.0,0,1.0,1,0.0,0,1,False
AGGTCATGCTTATC-1,2,1586.0,667,-0.8228787,-0.7671688790993335,2.0,1,1.0,1,6.0,2,0.0,0,0.0,0,1,False
AGGTCTGATTCTCA-1,4,2730.0,981,0.72035617,0.8495494298751008,0.0,0,1.0,1,0.0,0,39.0,4,0.0,0,1,False
AGGTGGGAAGAATG-1,0,2033.0,749,-0.219884,-0.3449685563735258,3.0,2,1.0,1,0.0,0,1.0,1,0.0,0,1,False
AGGTGGGAAGTTCG-1,0,2473.0,788,0.3736679,-0.14416596385759287,43.0,2,5.0,1,0.0,0,0.0,0,0.0,0,1,False
AGGTGTTGGTTACG-1,3,2090.0,780,-0.14299205,-0.18535623924547653,1.0,1,7.0,3,1.0,1,0.0,0,0.0,0,1,False
AGGTTCGAACCTCC-1,1,1346.0,561,-1.1466343,-1.3129400279887922,0.0,0,2.0,1,0.0,0,50.0,4,0.0,0,1,False
AGGTTCGAACGTAC-1,1,1592.0,655,-0.8147848,-0.828954292181159,0.0,0,1.0,1,0.0,0,43.0,4,0.0,0,1,False
AGGTTCGAGGGTGA-1,0,1154.0,431,-1.4056388,-1.982282003041902,0.0,0,0.0,0,0.0,0,0.0,0,0.0,0,0,False
AGTAAGGAGTTTGG-1,0,1928.0,801,-0.36152706,-0.07723176635228189,7.0,2,1.0,1,0.0,0,1.0,1,0.0,0,1,False
AGTAAGGATTCTTG-1,0,2893.0,944,0.94024014,0.6590444062061388,2.0,1,5.0,1,0.0,0,5.0,3,0.0,0,1,False
AGTAATACATCACG-1,2,1831.0,769,-0.49237826,-0.2419928679038166,1.0,1,2.0,2,62.0,3,3.0,3,0.0,0,3,True
AGTAATACCGAACT-1,3,1236.0,503,-1.2950222,-1.611569524550949,0.0,0,4.0,2,0.0,0,0.0,0,0.0,0,1,False
AGTAATTGTCCCAC-1,0,1892.0,766,-0.4100904,-0.257439221174273,5.0,2,1.0,1,0.0,0,1.0,1,0.0,0,1,False
AGTACGTGAGGGTG-1,0,2386.0,776,0.2563065,-0.2059513769394184,8.0,2,1.0,1,0.0,0,0.0,0,0.0,0,1,False
AGTACGTGCTGCAA-1,0,2998.0,967,1.0818832,0.7774664479463044,8.0,2,1.0,1,0.0,0,2.0,1,0.0,0,1,False
AGTACGTGCTTGGA-1,0,3503.0,986,1.7631189,0.8752933519925281,0.0,0,5.0,1,0.0,0,0.0,0,0.0,0,0,False
AGTACTCTACGTGT-1,3,1603.0,653,-0.79994607,-0.8392518610281299,0.0,0,17.0,3,0.0,0,0.0,0,1.0,1,2,True
AGTACTCTCAACCA-1,2,1766.0,762,-0.5800621,-0.2780343588682148,2.0,1,2.0,1,12.0,1,0.0,0,0.0,0,0,False
AGTACTCTCGGTAT-1,0,2063.0,882,-0.17941454,0.3398197719500403,6.0,2,0.0,0,1.0,1,0.0,0,0.0,0,1,False
AGTAGGCTTGCCTC-1,4,3555.0,1230,1.8332659,2.1315967513229803,0.0,0,5.0,1,3.0,1,44.0,3,0.0,0,1,False
AGTATAACTTGTCT-1,4,4454.0,1498,3.0460002,3.5114709768170833,1.0,1,5.0,1,2.0,1,38.0,4,0.0,0,1,False
AGTATCCTAGAACA-1,0,1824.0,625,-0.50182116,-0.9834178248857228,2.0,1,0.0,0,0.0,0,2.0,2,0.0,0,1,False
AGTCACGATGAGCT-1,2,3717.0,1378,2.051801,2.893616845998828,1.0,1,4.0,2,96.0,3,0.0,0,0.0,0,2,True
AGTCAGACGAATAG-1,0,3303.0,1168,1.4933226,1.8123721170668818,6.0,2,1.0,1,1.0,1,1.0,1,0.0,0,1,False
AGTCAGACGCTTAG-1,0,1011.0,491,-1.5985432,-1.6733549376327743,3.0,2,0.0,0,2.0,1,1.0,1,0.0,0,1,False
AGTCAGACTAGAGA-1,2,1992.0,831,-0.27519223,0.07723176635228189,5.0,2,2.0,1,8.0,2,1.0,1,0.0,0,2,True
AGTCAGACTGCACA-1,0,2820.0,924,0.8417645,0.5560687177364296,7.0,2,2.0,1,1.0,1,2.0,1,0.0,0,1,False
AGTCCAGATATCTC-1,0,1746.0,581,-0.6070417,-1.209964339519083,0.0,0,2.0,1,0.0,0,2.0,2,0.0,0,1,False
AGTCCAGATTTCAC-1,0,2095.0,842,-0.13624713,0.13386839501062195,6.0,2,3.0,1,0.0,0,0.0,0,1.0,1,2,True
AGTCGAACCAACCA-1,0,1546.0,595,-0.876838,-1.1378813575902866,3.0,1,1.0,1,0.0,0,1.0,1,0.0,0,0,False
AGTCGCCTCCGTAA-1,0,2231.0,811,0.047214355,-0.0257439221174273,7.0,2,1.0,1,0.0,0,0.0,0,0.0,0,1,False
AGTCTACTAGGGTG-1,1,1190.0,540,-1.3570755,-1.4210645008819869,0.0,0,0.0,0,1.0,1,28.0,4,0.0,0,1,False
AGTCTACTTGCATG-1,4,5201.0,1569,4.0536895,3.877034670884551,0.0,0,8.0,1,0.0,0,48.0,3,0.0,0,1,False
AGTCTTACACCACA-1,0,2421.0,754,0.30352086,-0.3192246342560985,5.0,2,3.0,1,1.0,1,1.0,1,0.0,0,1,False
AGTCTTACTTCGCC-1,2,2126.0,851,-0.09442871,0.18020745482199108,11.0,2,4.0,1,8.0,1,1.0,1,4.0,2,2,True
AGTCTTACTTCGGA-1,6,663.0,273,-2.0679886,-2.7957899419526044,0.0,0,0.0,0,0.0,0,0.0,0,48.0,2,1,False
AGTGACTGCAACTG-1,4,4696.0,1412,3.372454,3.068675516397334,0.0,0,6.0,1,1.0,1,36.0,4,0.0,0,1,False
AGTGTTCTAACCTG-1,0,2858.0,872,0.89302576,0.28833192771518573,4.0,1,2.0,1,0.0,0,1.0,1,0.0,0,0,False
AGTGTTCTATAAGG-1,0,1308.0,558,-1.1978956,-1.3283863812592485,2.0,2,3.0,2,0.0,0,0.0,0,0.0,0,2,True
AGTGTTCTCACTTT-1,1,2772.0,907,0.77701336,0.4685393825371768,0.0,0,0.0,0,2.0,1,177.0,4,0.0,0,1,False
AGTTAAACCACTTT-1,0,3021.0,948,1.1129098,0.6796395439000806,2.0,1,1.0,1,0.0,0,1.0,1,0.0,0,0,False
AGTTATGAACAGTC-1,1,3623.0,1174,1.9249966,1.8432648236077944,0.0,0,2.0,1,0.0,0,329.0,4,0.0,0,1,False
AGTTATGACTGAGT-1,0,2087.0,946,-0.14703898,0.6693419750531098,9.0,2,2.0,1,1.0,1,0.0,0,0.0,0,1,False
AGTTATGAGTTCAG-1,0,2862.0,904,0.8984217,0.45309302926672046,3.0,2,1.0,1,1.0,1,0.0,0,0.0,0,1,False
AGTTCTACCAGCTA-1,1,1632.0,737,-0.7608256,-0.4067539694553513,0.0,0,4.0,1,0.0,0,90.0,4,0.0,0,1,False
AGTTCTTGAAGCCT-1,2,1278.0,603,-1.238365,-1.096691082202403,5.0,1,0.0,0,9.0,1,2.0,2,0.0,0,1,False
AGTTGTCTACTACG-1,0,2877.0,841,0.9186564,0.1287196105871365,6.0,2,0.0,0,0.0,0,0.0,0,0.0,0,1,False
AGTTTAGATGGTCA-1,0,1395.0,606,-1.0805342,-1.0812447289319465,7.0,2,0.0,0,0.0,0,1.0,1,0.0,0,1,False
AGTTTCACGGTCTA-1,2,2519.0,1078,0.43572104,1.3489815189531904,10.0,2,2.0,1,24.0,1,2.0,2,0.0,0,2,True
AGTTTGCTACAGTC-1,0,2090.0,666,-0.14299205,-0.7723176635228189,5.0,2,4.0,3,0.0,0,0.0,0,0.0,0,2,True
AGTTTGCTACTGGT-1,2,1940.0,783,-0.34533927,-0.16990988597502016,0.0,0,2.0,2,56.0,2,0.0,0,0.0,0,2,True
AGTTTGCTCCAAGT-1,0,2050.0,726,-0.1969513,-0.4633905981136914,5.0,2,1.0,1,0.0,0,2.0,2,0.0,0,2,True
ATAAACACAGTGCT-1,3,2500.0,978,0.4100904,0.8341030766046444,0.0,0,16.0,3,0.0,0,1.0,1,0.0,0,1,False
ATAAACACCACCAA-1,0,2917.0,940,0.9726157,0.638449268512197,4.0,2,1.0,1,1.0,1,0.0,0,0.0,0,1,False
ATAACAACATGCTG-1,1,2231.0,994,0.047214355,0.9164836273804118,0.0,0,3.0,1,0.0,0,117.0,4,0.0,0,1,False
ATAACAACGTCTAG-1,0,1670.0,653,-0.70956427,-0.8392518610281299,7.0,2,0.0,0,0.0,0,2.0,2,0.0,0,2,True
ATAACAACTTTGTC-1,0,3129.0,1010,1.2585998,0.9988641781561791,5.0,2,3.0,1,0.0,0,3.0,2,0.0,0,2,True
ATAACATGTACTCT-1,0,2775.0,986,0.78106034,0.8752933519925281,5.0,2,3.0,1,2.0,2,2.0,1,0.0,0,2,True
ATAACCCTGTTGGT-1,0,1638.0,591,-0.7527317,-1.1584764952842284,3.0,2,0.0,0,0.0,0,3.0,2,0.0,0,2,True
ATAACCCTTGGTAC-1,0,2947.0,1039,1.0130851,1.1481789264372575,4.0,2,2.0,2,0.0,0,4.0,3,0.0,0,3,True
ATAAGTACGAATGA-1,3,1560.0,623,-0.85795224,-0.9937153937326937,0.0,0,5.0,3,0.0,0,2.0,1,0.0,0,1,False
ATAAGTTGGTACGT-1,4,1354.0,581,-1.1358424,-1.209964339519083,0.0,0,4.0,1,0.0,0,18.0,3,0.0,0,1,False
ATAAGTTGTCTAGG-1,0,2337.0,813,0.1902064,-0.015446353270456379,4.0,2,2.0,2,0.0,0,2.0,1,0.0,0,2,True
ATAATCGAGCTGAT-1,3,1385.0,569,-1.0940241,-1.2717497526009085,0.0,0,8.0,3,0.0,0,0.0,0,0.0,0,1,False
ATAATCGATGGTTG-1,0,2348.0,775,0.2050452,-0.21110016136290385,3.0,2,0.0,0,1.0,1,1.0,1,0.0,0,1,False
ATAATGACCTACTT-1,0,2212.0,819,0.021583704,0.015446353270456379,4.0,1,2.0,1,0.0,0,1.0,1,0.0,0,0,False
ATAATGACTCGTGA-1,1,1842.0,714,-0.47753948,-0.5251760111955168,0.0,0,3.0,2,1.0,1,29.0,4,0.0,0,2,True
ATACAATGTTAGGC-1,0,2145.0,735,-0.06879806,-0.4170515383023222,1.0,1,4.0,1,0.0,0,0.0,0,0.0,0,0,False
ATACCACTCGTACA-1,1,2893.0,953,0.94024014,0.705383466017508,0.0,0,2.0,1,0.0,0,134.0,4,0.0,0,1,False
ATACCACTCTAAGC-1,5,4132.0,1173,2.6116283,1.838116039184309,0.0,0,4.0,1,1.0,1,29.0,3,0.0,0,1,False
ATACCACTGCCAAT-1,2,1579.0,742,-0.8323216,-0.381010047337924,2.0,1,1.0,1,42.0,3,0.0,0,0.0,0,1,False
ATACCGGAATGCTG-1,5,6580.0,1859,5.913935,5.3701821536953345,0.0,0,0.0,0,1.0,1,117.0,3,0.0,0,1,False
ATACCGGACATTTC-1,1,2213.0,841,0.022932686,0.1287196105871365,0.0,0,5.0,1,0.0,0,69.0,4,0.0,0,1,False
ATACCGGACTTCGC-1,0,2693.0,943,0.67044383,0.6538956217826534,3.0,1,5.0,1,0.0,0,1.0,1,0.0,0,0,False
ATACCGGAGGTGTT-1,1,2129.0,783,-0.090381764,-0.16990988597502016,1.0,1,3.0,1,0.0,0,87.0,4,0.0,0,1,False
ATACCGGATCTCGC-1,0,1748.0,638,-0.6043437,-0.9164836273804118,4.0,1,1.0,1,0.0,0,2.0,2,0.0,0,1,False
ATACCTACGCATCA-1,0,2759.0,922,0.7594766,0.5457711488894588,3.0,1,3.0,1,1.0,1,1.0,1,0.0,0,0,False
ATACCTTGGGGCAA-1,0,3676.0,934,1.9964926,0.6075565619712843,7.0,1,2.0,1,1.0,1,3.0,1,0.0,0,0,False
ATACGGACAGACTC-1,1,877.0,431,-1.7793067,-1.982282003041902,0.0,0,1.0,1,0.0,0,34.0,3,0.0,0,1,False
ATACGGACCTACTT-1,1,1042.0,490,-1.5567247,-1.6785037220562598,1.0,1,2.0,1,0.0,0,61.0,4,0.0,0,1,False
ATACGGACGAGGTG-1,3,1215.0,529,-1.3233509,-1.4777011295403268,1.0,1,11.0,3,0.0,0,2.0,1,0.0,0,1,False
ATACGGACTATGCG-1,3,1472.0,522,-0.97666264,-1.513742620504725,1.0,1,12.0,3,0.0,0,0.0,0,0.0,0,1,False
ATACGGACTCTGGA-1,1,1468.0,618,-0.9820586,-1.019459315850121,0.0,0,2.0,1,0.0,0,81.0,4,0.0,0,1,False
ATACGTCTTAACGC-1,1,2010.0,748,-0.25091058,-0.35011734079701123,0.0,0,7.0,1,0.0,0,117.0,4,0.0,0,1,False
ATACTCTGCTTCGC-1,1,4471.0,1331,3.068933,2.6516239780950115,1.0,1,6.0,1,2.0,2,69.0,4,0.0,0,2,True
ATACTCTGGTATGC-1,2,1618.0,833,-0.7797113,0.08752933519925281,1.0,1,0.0,0,49.0,2,1.0,1,0.0,0,1,False
ATAGATACCATGGT-1,0,2179.0,786,-0.022932686,-0.15446353270456378,0.0,0,1.0,1,0.0,0,1.0,1,0.0,0,0,False
ATAGATACGACGAG-1,0,2122.0,701,-0.09982464,-0.5921102087008279,5.0,2,4.0,1,0.0,0,1.0,1,0.0,0,1,False
ATAGATTGGTGTAC-1,3,2746.0,889,0.74193984,0.37586126291443855,0.0,0,9.0,3,0.0,0,0.0,0,0.0,0,1,False
ATAGCCGAACGGAG-1,0,2094.0,692,-0.13759612,-0.638449268512197,6.0,2,1.0,1,0.0,0,1.0,1,0.0,0,1,False
ATAGCGTGCAGATC-1,0,2444.0,780,0.33454743,-0.18535623924547653,3.0,2,3.0,1,0.0,0,2.0,2,0.0,0,2,True
ATAGCGTGCCCTTG-1,1,2997.0,937,1.0805342,0.6230029152417406,0.0,0,2.0,1,0.0,0,177.0,4,0.0,0,1,False
ATAGCGTGGTATCG-1,1,1068.0,470,-1.5216511,-1.781479410525969,0.0,0,1.0,1,0.0,0,43.0,4,0.0,0,1,False
ATAGCGTGTCTCTA-1,0,2272.0,838,0.1025226,0.11327325731668011,1.0,1,2.0,1,0.0,0,1.0,1,0.0,0,0,False
ATAGCTCTCTGATG-1,0,1163.0,529,-1.393498,-1.4777011295403268,1.0,1,3.0,1,0.0,0,1.0,1,0.0,0,0,False
ATAGCTCTGAGGTG-1,0,1974.0,728,-0.2994739,-0.45309302926672046,4.0,2,1.0,1,1.0,1,1.0,1,0.0,0,1,False
ATAGGAGAAACAGA-1,1,3553.0,1083,1.830568,1.3747254410706178,0.0,0,2.0,1,1.0,1,52.0,4,0.0,0,1,False
ATAGGCTGTCAGAC-1,0,2171.0,800,-0.03372454,-0.08238055077576735,2.0,1,1.0,1,0.0,0,1.0,1,0.0,0,0,False
ATAGTCCTAGTGTC-1,1,2203.0,884,0.0094428705,0.35011734079701123,0.0,0,2.0,1,0.0,0,94.0,4,0.0,0,1,False
ATAGTCCTTGCATG-1,2,2055.0,815,-0.1902064,-0.005148784423485459,4.0,1,2.0,1,2.0,1,1.0,1,0.0,0,0,False
ATAGTCCTTGTCGA-1,0,2658.0,852,0.62322944,0.18535623924547653,4.0,2,3.0,2,0.0,0,0.0,0,0.0,0,2,True
ATAGTTGACAACTG-1,0,2182.0,744,-0.018885741,-0.37071247849095307,4.0,2,2.0,1,0.0,0,0.0,0,0.0,0,1,False
ATAGTTGACCCTCA-1,4,4272.0,1317,2.8004856,2.5795409961662155,0.0,0,5.0,1,2.0,1,38.0,4,0.0,0,1,False
ATAGTTGAGACGTT-1,0,2027.0,542,-0.22797789,-1.410766932035016,0.0,0,0.0,0,0.0,0,0.0,0,0.0,0,0,False
ATAGTTGATAAGCC-1,0,1870.0,696,-0.439768,-0.6178541308182551,0.0,0,2.0,1,0.0,0,1.0,1,0.0,0,0,False
ATATACGAAGCCAT-1,0,2505.0,872,0.4168353,0.28833192771518573,1.0,1,3.0,1,0.0,0,0.0,0,0.0,0,0,False
ATATACGAATTGGC-1,0,3930.0,1150,2.339134,1.7196939974441434,11.0,2,3.0,2,0.0,0,2.0,2,0.0,0,3,True
ATATAGTGGAATGA-1,1,1061.0,466,-1.5310941,-1.8020745482199108,0.0,0,1.0,1,1.0,1,64.0,4,0.0,0,1,False
ATATGCCTAGATCC-1,1,1910.0,725,-0.3858087,-0.4685393825371768,0.0,0,1.0,1,0.0,0,62.0,4,0.0,0,1,False
ATATGCCTGGACAG-1,0,3508.0,1026,1.7698637,1.0812447289319465,3.0,2,4.0,1,0.0,0,1.0,1,0.0,0,1,False
ATATGCCTTCTCTA-1,0,1090.0,479,-1.4919736,-1.7351403507146,1.0,1,0.0,0,0.0,0,1.0,1,0.0,0,0,False
ATATGCCTTGGTAC-1,0,2020.0,727,-0.23742075,-0.4582418136902059,3.0,2,1.0,1,0.0,0,1.0,1,0.0,0,1,False
ATCAAATGAGCCTA-1,1,2561.0,925,0.49237826,0.5612175021599151,0.0,0,2.0,1,2.0,2,55.0,4,0.0,0,2,True
ATCAAATGGGTAAA-1,4,4209.0,1280,2.7154999,2.389035972497253,0.0,0,2.0,1,1.0,1,30.0,4,3.0,1,2,True
ATCAACCTAAACGA-1,0,2638.0,907,0.5962498,0.4685393825371768,7.0,2,2.0,1,0.0,0,2.0,1,0.0,0,1,False
ATCAACCTGAGGAC-1,0,2311.0,832,0.15513287,0.08238055077576735,6.0,2,3.0,1,0.0,0,0.0,0,0.0,0,1,False
ATCAACCTTCTCTA-1,2,2504.0,1023,0.4154863,1.0657983756614902,3.0,1,3.0,1,11.0,2,4.0,3,0.0,0,2,True
ATCAACCTTTGTCT-1,2,2571.0,837,0.5058681,0.10812447289319466,1.0,1,3.0,1,9.0,2,1.0,1,0.0,0,1,False
ATCACACTTTGTCT-1,0,2559.0,899,0.4896803,0.42734910714929314,8.0,2,0.0,0,0.0,0,1.0,1,0.0,0,1,False
ATCACGGATTGCTT-1,1,975.0,457,-1.6471064,-1.84841360803128,0.0,0,1.0,1,0.0,0,32.0,4,0.0,0,1,False
ATCACGGATTTCGT-1,3,1788.0,733,-0.55038446,-0.42734910714929314,0.0,0,14.0,3,0.0,0,1.0,1,0.0,0,1,False
ATCATCTGACACCA-1,6,736.0,366,-1.969513,-2.3169529905684567,0.0,0,0.0,0,0.0,0,1.0,1,50.0,2,1,False
ATCATGCTAGAGTA-1,2,848.0,457,-1.8184271,-1.84841360803128,1.0,1,1.0,1,5.0,1,0.0,0,0.0,0,0,False
ATCATGCTGAACCT-1,3,3164.0,1029,1.3058141,1.096691082202403,0.0,0,21.0,3,0.0,0,2.0,2,0.0,0,2,True
ATCCAGGACGCTAA-1,4,3754.0,1277,2.1017132,2.373589619226797,0.0,0,1.0,1,1.0,1,23.0,2,0.0,0,1,False
ATCCAGGATGGAAA-1,0,2125.0,753,-0.09577769,-0.32437341867958397,2.0,2,4.0,2,0.0,0,1.0,1,0.0,0,2,True
ATCCATACTCCTTA-1,1,1622.0,660,-0.7743154,-0.8032103700637317,0.0,0,2.0,1,1.0,1,38.0,4,0.0,0,1,False
ATCCATACTTCATC-1,4,3914.0,1321,2.3175502,2.600136133860157,0.0,0,2.0,1,0.0,0,26.0,4,0.0,0,1,False
ATCCCGTGCAGTCA-1,2,1995.0,1002,-0.27114528,0.9576739027682954,1.0,1,1.0,1,32.0,2,0.0,0,0.0,0,1,False
ATCCCGTGCATGCA-1,3,775.0,358,-1.9169028,-2.3581432659563406,0.0,0,4.0,2,0.0,0,0.0,0,0.0,0,1,False
ATCCCGTGGCTGAT-1,3,2155.0,770,-0.05530824,-0.23684408348033115,0.0,0,14.0,3,0.0,0,0.0,0,0.0,0,1,False
ATCCGCACGCATCA-1,3,2341.0,813,0.19560233,-0.015446353270456379,0.0,0,12.0,2,0.0,0,1.0,1,0.0,0,1,False
ATCCTAACGACGGA-1,3,1776.0,634,-0.56657225,-0.9370787650743536,0.0,0,11.0,3,0.0,0,3.0,2,0.0,0,2,True
ATCCTAACGCTACA-1,2,2062.0,922,-0.18076353,0.5457711488894588,9.0,2,1.0,1,2.0,1,1.0,1,0.0,0,1,False
ATCGACGAAACTGC-1,1,3305.0,1181,1.4960206,1.8793063145721927,0.0,0,52.0,1,3.0,1,139.0,4,0.0,0,1,False
ATCGACGAATGACC-1,0,2867.0,901,0.9051666,0.43764667599626406,5.0,2,3.0,1,0.0,0,1.0,1,0.0,0,1,False
ATCGAGTGGACGTT-1,2,1972.0,815,-0.30217186,-0.005148784423485459,5.0,2,3.0,1,12.0,1,0.0,0,0.0,0,1,False
ATCGCAGAATCTCT-1,4,4337.0,1418,2.8881695,3.0995682229382466,0.0,0,4.0,2,1.0,1,33.0,3,0.0,0,2,True
ATCGCAGAGTGTCA-1,3,2108.0,770,-0.11871038,-0.23684408348033115,0.0,0,14.0,3,0.0,0,1.0,1,0.0,0,1,False
ATCGCCACTGAGGG-1,2,1687.0,706,-0.6866316,-0.5663662865834006,6.0,2,1.0,1,8.0,1,1.0,1,0.0,0,1,False
ATCGCCTGGGTCAT-1,0,2874.0,952,0.9146095,0.7002346815940225,8.0,2,0.0,0,1.0,1,0.0,0,0.0,0,1,False
ATCGCCTGTGGCAT-1,3,756.0,348,-1.9425334,-2.409631110191195,0.0,0,4.0,2,0.0,0,0.0,0,0.0,0,1,False
ATCGCGCTCAGAGG-1,1,1841.0,715,-0.47888845,-0.5200272267720314,0.0,0,4.0,1,0.0,0,93.0,4,0.0,0,1,False
ATCGCGCTGGGATG-1,0,2731.0,869,0.72170514,0.2728855744447294,2.0,1,1.0,1,0.0,0,2.0,1,0.0,0,0,False
ATCGCGCTTTTCGT-1,3,1779.0,715,-0.56252533,-0.5200272267720314,0.0,0,9.0,3,1.0,1,3.0,1,0.0,0,1,False
ATCGGAACCAGTCA-1,0,1199.0,550,-1.3449346,-1.3695766566471324,3.0,2,0.0,0,0.0,0,1.0,1,0.0,0,1,False
ATCGGTGAGTCAAC-1,0,1885.0,689,-0.41953325,-0.6538956217826534,2.0,1,3.0,1,0.0,0,1.0,1,0.0,0,0,False
ATCGGTGATTGCAG-1,0,2901.0,947,0.951032,0.6744907594765952,5.0,2,0.0,0,0.0,0,1.0,1,0.0,0,1,False
ATCGTTTGCCTACC-1,1,3402.0,1155,1.6268717,1.7454379195615708,0.0,0,2.0,1,0.0,0,121.0,4,0.0,0,1,False
ATCGTTTGGGTACT-1,1,1764.0,689,-0.58276004,-0.6538956217826534,0.0,0,0.0,0,0.0,0,105.0,4,0.0,0,1,False
ATCGTTTGTGCCAA-1,1,737.0,383,-1.9681641,-2.229423655369204,0.0,0,1.0,1,0.0,0,10.0,3,0.0,0,1,False
ATCTACACCCGCTT-1,1,753.0,373,-1.9465804,-2.2809114996040587,0.0,0,1.0,1,0.0,0,37.0,3,1.0,1,2,True
ATCTACACCGGGAA-1,0,2450.0,878,0.34264132,0.3192246342560985,4.0,1,2.0,1,1.0,1,1.0,1,0.0,0,0,False
ATCTCAACAGGAGC-1,3,1914.0,696,-0.3804128,-0.6178541308182551,0.0,0,12.0,3,0.0,0,1.0,1,0.0,0,1,False
ATCTCAACCTCGAA-1,0,609.0,246,-2.1408336,-2.934807121386712,0.0,0,0.0,0,0.0,0,0.0,0,0.0,0,0,False
ATCTCAACCTTGTT-1,1,2135.0,830,-0.08228787,0.07208298192879643,0.0,0,1.0,1,0.0,0,149.0,4,0.0,0,1,False
ATCTGGGAAACCAC-1,1,2418.0,1004,0.2994739,0.9679714716152664,0.0,0,1.0,1,1.0,1,98.0,4,0.0,0,1,False
ATCTGGGAAGTGTC-1,1,3474.0,1178,1.7239984,1.8638599613017364,0.0,0,2.0,1,1.0,1,102.0,4,0.0,0,1,False
ATCTGGGATTCCGC-1,0,2770.0,973,0.7743154,0.8083591544872172,4.0,2,0.0,0,13.0,2,3.0,2,0.0,0,3,True
ATCTGTTGAACGGG-1,0,2309.0,855,0.15243492,0.20080259251593294,1.0,1,2.0,1,0.0,0,1.0,1,0.0,0,0,False
ATCTGTTGACCTCC-1,0,2711.0,976,0.6947255,0.8238055077576736,3.0,2,2.0,1,0.0,0,4.0,2,0.0,0,2,True
ATCTGTTGCCTTCG-1,4,5197.0,1550,4.0482936,3.7792077668383275,1.0,1,1.0,1,1.0,1,34.0,3,0.0,0,1,False
ATCTGTTGGTTGCA-1,0,2910.0,964,0.9631728,0.762020094675848,2.0,1,2.0,1,1.0,1,0.0,0,0.0,0,0,False
ATCTTGACACCAAC-1,0,2702.0,907,0.68258464,0.4685393825371768,6.0,2,1.0,1,0.0,0,2.0,2,0.0,0,2,True
ATCTTGACCTCCCA-1,1,1399.0,565,-1.0751383,-1.2923448902948504,0.0,0,4.0,1,0.0,0,23.0,4,0.0,0,1,False
ATCTTTCTGCATCA-1,0,875.0,415,-1.7820046,-2.0646625538176693,0.0,0,0.0,0,3.0,1,0.0,0,0.0,0,0,False
ATCTTTCTGTTTCT-1,2,2364.0,905,0.2266289,0.4582418136902059,4.0,2,3.0,2,5.0,2,0.0,0,0.0,0,3,True
ATCTTTCTTGTCCC-1,2,1911.0,923,-0.38445973,0.5509199333129442,0.0,0,1.0,1,45.0,3,0.0,0,0.0,0,1,False
ATGAAACTCTGTGA-1,0,3205.0,966,1.3611224,0.7723176635228189,3.0,2,2.0,1,0.0,0,2.0,2,0.0,0,2,True
ATGAAACTGAGGCA-1,0,1972.0,657,-0.30217186,-0.818656723334188,6.0,2,3.0,1,0.0,0,1.0,1,0.0,0,1,False
ATGAAGGAACAGCT-1,2,1474.0,724,-0.9739647,-0.4736881669606623,3.0,1,2.0,1,3.0,2,0.0,0,0.0,0,1,False
ATGAAGGACCTGTC-1,3,2047.0,743,-0.20099825,-0.37586126291443855,0.0,0,11.0,3,0.0,0,3.0,1,1.0,1,2,True
ATGAAGGACCTTAT-1,3,859.0,381,-1.8035883,-2.239721224216175,0.0,0,5.0,2,0.0,0,1.0,1,0.0,0,1,False
ATGAAGGACTAGTG-1,3,712.0,384,-2.0018885,-2.2242748709457185,0.0,0,5.0,2,1.0,1,0.0,0,0.0,0,1,False
ATGAAGGACTTGCC-1,2,1799.0,904,-0.53554565,0.45309302926672046,0.0,0,1.0,1,47.0,2,1.0,1,0.0,0,1,False
ATGACGTGACGACT-1,3,1881.0,645,-0.42492917,-0.8804421364160135,0.0,0,15.0,3,0.0,0,0.0,0,1.0,1,2,True
ATGACGTGATCGGT-1,1,3623.0,1167,1.9249966,1.8072233326433964,2.0,1,2.0,2,1.0,1,48.0,4,0.0,0,2,True
ATGAGAGAAAGTGA-1,0,2879.0,935,0.9213544,0.6127053463947697,7.0,2,2.0,2,1.0,1,3.0,2,0.0,0,3,True
ATGAGAGAACGCAT-1,0,2348.0,722,0.2050452,-0.4839857358076332,8.0,2,2.0,1,0.0,0,2.0,2,0.0,0,2,True
ATGAGAGAAGTAGA-1,3,1575.0,618,-0.83771753,-1.019459315850121,0.0,0,4.0,3,0.0,0,1.0,1,0.0,0,1,False
ATGAGCACACAGCT-1,0,3383.0,1034,1.6012411,1.1224350043198301,9.0,2,2.0,1,0.0,0,0.0,0,0.0,0,1,False
ATGAGCACATCTTC-1,0,2598.0,852,0.54229057,0.18535623924547653,2.0,1,4.0,1,0.0,0,0.0,0,0.0,0,0,False
ATGATAACTTCACT-1,2,1522.0,807,-0.90921354,-0.046339059811369133,2.0,1,0.0,0,41.0,2,0.0,0,0.0,0,1,False
ATGATATGAAACAG-1,0,4921.0,1399,3.6759746,3.001741318892023,17.0,2,5.0,2,1.0,1,3.0,2,0.0,0,3,True
ATGATATGACTGGT-1,0,2341.0,760,0.19560233,-0.28833192771518573,1.0,1,0.0,0,0.0,0,0.0,0,0.0,0,0,False
ATGATATGAGCACT-1,0,2188.0,740,-0.010791852,-0.3913076161848949,4.0,2,2.0,1,0.0,0,3.0,2,0.0,0,2,True
ATGATATGGTCATG-1,0,1768.0,687,-0.5773641,-0.6641931906296242,6.0,2,1.0,1,0.0,0,0.0,0,0.0,0,1,False
ATGATATGGTGCTA-1,2,1974.0,929,-0.2994739,0.5818126398538569,0.0,0,1.0,1,31.0,3,1.0,1,0.0,0,1,False
ATGATATGTTGTCT-1,1,2991.0,1095,1.0724403,1.4365108541524432,0.0,0,5.0,1,0.0,0,48.0,4,0.0,0,1,False
ATGCACGAATGTCG-1,3,1380.0,600,-1.1007689,-1.1121374354728593,0.0,0,8.0,3,0.0,0,1.0,1,0.0,0,1,False
ATGCACGACTGTAG-1,0,1477.0,650,-0.9699177,-0.8546982142985863,4.0,2,0.0,0,0.0,0,1.0,1,0.0,0,1,False
ATGCACGAGAACCT-1,3,2622.0,893,0.57466614,0.3964564006083804,0.0,0,14.0,3,2.0,2,0.0,0,0.0,0,2,True
ATGCACGAGTTCGA-1,0,1919.0,681,-0.3736679,-0.695085897170537,4.0,2,0.0,0,0.0,0,0.0,0,0.0,0,1,False
ATGCACGATTGGTG-1,1,4854.0,1551,3.585593,3.784356551261813,0.0,0,2.0,1,0.0,0,69.0,4,0.0,0,1,False
ATGCAGTGTTACCT-1,3,1395.0,603,-1.0805342,-1.096691082202403,0.0,0,12.0,3,0.0,0,1.0,1,0.0,0,1,False
ATGCAGTGTTCTAC-1,0,2330.0,820,0.18076353,0.020595137693941837,3.0,2,1.0,1,1.0,1,4.0,2,0.0,0,2,True
ATGCCAGAACGACT-1,0,2167.0,803,-0.039120466,-0.06693419750531097,4.0,1,1.0,1,0.0,0,1.0,1,0.0,0,0,False
ATGCCAGACAGTCA-1,1,1323.0,646,-1.177661,-0.8752933519925281,1.0,1,2.0,1,0.0,0,64.0,3,0.0,0,1,False
ATGCCGCTTGAACC-1,1,2460.0,914,0.35613114,0.504580873501575,0.0,0,2.0,2,0.0,0,60.0,4,0.0,0,2,True
ATGCGATGCTATGG-1,1,2996.0,940,1.0791852,0.638449268512197,0.0,0,1.0,1,0.0,0,80.0,4,0.0,0,1,False
ATGCGATGCTGAGT-1,0,2539.0,846,0.46270066,0.15446353270456378,2.0,2,3.0,1,1.0,1,0.0,0,0.0,0,1,False
ATGCGATGGTTACG-1,3,2229.0,794,0.044516392,-0.11327325731668011,0.0,0,9.0,3,0.0,0,1.0,1,0.0,0,1,False
ATGCGCCTTCATTC-1,0,2542.0,769,0.4667476,-0.2419928679038166,2.0,1,1.0,1,0.0,0,1.0,1,0.0,0,0,False
ATGCTTTGCGAATC-1,0,2481.0,948,0.38445973,0.6796395439000806,8.0,2,3.0,1,0.0,0,1.0,1,0.0,0,1,False
ATGCTTTGGGCGAA-1,2,1082.0,515,-1.5027654,-1.5497841114691233,4.0,2,0.0,0,4.0,1,0.0,0,0.0,0,1,False
ATGCTTTGTAGTCG-1,3,1680.0,662,-0.6960745,-0.7929128012167608,0.0,0,8.0,3,0.0,0,2.0,1,0.0,0,1,False
ATGGACACATCGGT-1,0,3092.0,999,1.2086874,0.9422275494978392,4.0,2,3.0,1,1.0,1,2.0,1,0.0,0,1,False
ATGGACACGCATCA-1,2,1025.0,637,-1.5796574,-0.9216324118038972,0.0,0,0.0,0,22.0,2,1.0,1,0.0,0,1,False
ATGGGTACAACCTG-1,3,1346.0,617,-1.1466343,-1.0246081002736065,0.0,0,9.0,3,0.0,0,0.0,0,0.0,0,1,False
ATGGGTACATCGGT-1,2,1873.0,907,-0.43572104,0.4685393825371768,1.0,1,1.0,1,31.0,2,0.0,0,0.0,0,1,False
ATGGGTACTATTCC-1,0,2243.0,960,0.06340213,0.7414249569819061,1.0,1,1.0,1,0.0,0,4.0,3,0.0,0,1,False
ATGGGTACTGGGAG-1,0,2458.0,812,0.35343316,-0.020595137693941837,8.0,2,1.0,1,1.0,1,1.0,1,0.0,0,1,False
ATGTAAACACCTCC-1,0,2155.0,791,-0.05530824,-0.1287196105871365,7.0,2,5.0,2,0.0,0,2.0,2,0.0,0,3,True
ATGTAAACCCGCTT-1,0,2956.0,1040,1.025226,1.153327710860743,4.0,2,1.0,1,0.0,0,0.0,0,0.0,0,1,False
ATGTAAACGGGATG-1,5,3960.0,1342,2.3796034,2.7082606067533517,0.0,0,2.0,1,0.0,0,105.0,4,0.0,0,1,False
ATGTAAACTCTCCG-1,0,4766.0,1323,3.4668825,2.610433702707128,9.0,2,4.0,1,4.0,1,4.0,2,0.0,0,2,True
ATGTAAACTTCACT-1,1,2704.0,978,0.68528265,0.8341030766046444,0.0,0,1.0,1,0.0,0,98.0,4,0.0,0,1,False
ATGTACCTCAGTCA-1,0,2075.0,672,-0.16322677,-0.7414249569819061,3.0,1,1.0,1,0.0,0,3.0,3,0.0,0,1,False
ATGTACCTTAGTCG-1,0,2213.0,936,0.022932686,0.6178541308182551,5.0,2,1.0,1,0.0,0,1.0,1,0.0,0,1,False
ATGTACCTTTATCC-1,1,1535.0,630,-0.8916768,-0.9576739027682954,0.0,0,2.0,2,1.0,1,92.0,3,1.0,1,3,True
ATGTACCTTTCACT-1,2,2520.0,1023,0.43707,1.0657983756614902,5.0,2,4.0,1,40.0,2,4.0,2,0.0,0,3,True
ATGTCACTAATGCC-1,1,3557.0,1134,1.8359638,1.637313446668376,0.0,0,3.0,1,0.0,0,281.0,4,0.0,0,1,False
ATGTCACTCTGCTC-1,0,1015.0,498,-1.5931472,-1.637313446668376,0.0,0,1.0,1,1.0,1,3.0,2,0.0,0,1,False
ATGTCGGAGGTGAG-1,0,2364.0,948,0.2266289,0.6796395439000806,6.0,2,3.0,1,0.0,0,0.0,0,0.0,0,1,False
ATGTTCACAGTCTG-1,1,1917.0,800,-0.37636584,-0.08238055077576735,0.0,0,3.0,1,0.0,0,79.0,4,0.0,0,1,False
ATGTTCACCGTAGT-1,0,2456.0,847,0.3507352,0.15961231712804924,5.0,2,2.0,1,0.0,0,0.0,0,0.0,0,1,False
ATGTTGCTTTCAGG-1,0,2014.0,739,-0.24551465,-0.3964564006083804,2.0,1,0.0,0,0.0,0,1.0,1,0.0,0,0,False
ATTAACGATGAGAA-1,2,1291.0,604,-1.2208283,-1.0915422977789175,2.0,1,1.0,1,74.0,3,0.0,0,0.0,0,1,False
ATTAACGATGCAAC-1,2,2025.0,863,-0.23067585,0.2419928679038166,8.0,2,1.0,1,23.0,2,0.0,0,0.0,0,2,True
ATTAAGACTGCAGT-1,0,3364.0,1074,1.5756104,1.3283863812592485,4.0,1,3.0,1,1.0,1,5.0,2,0.0,0,1,False
ATTACCTGCCTTAT-1,1,3534.0,1104,1.8049372,1.4828499139638123,1.0,1,7.0,2,0.0,0,216.0,4,1.0,1,3,True
ATTACCTGGAGGAC-1,4,3447.0,1109,1.6875759,1.5085938360812396,0.0,0,0.0,0,3.0,1,39.0,4,0.0,0,1,False
ATTACCTGGGCATT-1,3,897.0,455,-1.752327,-1.858711176878251,0.0,0,6.0,3,0.0,0,2.0,1,0.0,0,1,False
ATTAGATGTTTCAC-1,0,2060.0,623,-0.18346149,-0.9937153937326937,3.0,1,5.0,2,0.0,0,1.0,1,0.0,0,1,False
ATTATGGAATCTCT-1,0,2732.0,1006,0.7230541,0.9782690404622373,2.0,1,1.0,1,1.0,1,1.0,1,0.0,0,0,False
ATTCAAGAACGGGA-1,0,3044.0,907,1.1439364,0.4685393825371768,8.0,2,1.0,1,0.0,0,0.0,0,0.0,0,1,False
ATTCAAGACCTTTA-1,0,1973.0,814,-0.30082288,-0.010297568846970919,2.0,2,2.0,1,1.0,1,1.0,1,0.0,0,1,False
ATTCAGCTCATTGG-1,6,916.0,345,-1.7266964,-2.4250774634616517,0.0,0,0.0,0,0.0,0,6.0,2,57.0,2,2,True
ATTCCAACCATTGG-1,1,2894.0,1061,0.9415891,1.2614521837539376,0.0,0,1.0,1,2.0,2,160.0,4,0.0,0,2,True
ATTCCAACTTAGGC-1,2,1895.0,800,-0.40604344,-0.08238055077576735,1.0,1,1.0,1,55.0,3,0.0,0,0.0,0,1,False
ATTCGACTCACTAG-1,0,1771.0,749,-0.57331717,-0.3449685563735258,4.0,2,1.0,1,0.0,0,0.0,0,0.0,0,1,False
ATTCGACTGAATAG-1,1,2063.0,778,-0.17941454,-0.19565380809244745,0.0,0,2.0,1,1.0,1,117.0,4,0.0,0,1,False
ATTCGACTTTTGTC-1,4,2614.0,1024,0.5638743,1.0709471600849756,0.0,0,2.0,1,0.0,0,19.0,3,0.0,0,1,False
ATTCGGGAAAGGCG-1,1,2999.0,1032,1.0832322,1.1121374354728593,1.0,1,2.0,1,21.0,2,102.0,4,0.0,0,2,True
ATTCGGGATTAGGC-1,0,3250.0,1038,1.4218266,1.143030142013772,16.0,2,5.0,1,0.0,0,0.0,0,0.0,0,1,False
ATTCTTCTGATACC-1,0,1721.0,653,-0.6407662,-0.8392518610281299,2.0,2,0.0,0,0.0,0,0.0,0,0.0,0,1,False
ATTGAATGGACGGA-1,0,1529.0,630,-0.8997707,-0.9576739027682954,1.0,1,2.0,1,0.0,0,1.0,1,0.0,0,0,False
ATTGATGAAGGTTC-1,0,2344.0,755,0.19964927,-0.31407584983261305,5.0,2,1.0,1,0.0,0,1.0,1,0.0,0,1,False
ATTGATGACTGAGT-1,0,2789.0,850,0.79994607,0.17505867039850562,3.0,2,3.0,1,0.0,0,2.0,1,0.0,0,1,False
ATTGATGAGCGAAG-1,0,2290.0,850,0.12680426,0.17505867039850562,5.0,2,2.0,1,0.0,0,2.0,2,0.0,0,2,True
ATTGATGATCTATC-1,0,2246.0,796,0.06744908,-0.1029756884697092,3.0,2,0.0,0,1.0,1,1.0,1,0.0,0,1,False
ATTGCACTGACGGA-1,0,3061.0,860,1.166869,0.22654651463336023,6.0,2,0.0,0,0.0,0,3.0,3,0.0,0,2,True
ATTGCACTGAGAGC-1,4,2965.0,1078,1.0373667,1.3489815189531904,1.0,1,1.0,1,1.0,1,21.0,4,0.0,0,1,False
ATTGCACTGGAGCA-1,1,1621.0,690,-0.7756644,-0.6487468373591679,1.0,1,2.0,1,0.0,0,64.0,4,0.0,0,1,False
ATTGCACTTAGCCA-1,0,2391.0,862,0.2630514,0.23684408348033115,6.0,2,1.0,1,0.0,0,0.0,0,0.0,0,1,False
ATTGCACTTGCTTT-1,4,4888.0,1519,3.6314583,3.6195954497102782,0.0,0,9.0,1,6.0,2,52.0,4,0.0,0,2,True
ATTGCTTGTTACTC-1,3,2437.0,836,0.32510456,0.1029756884697092,0.0,0,15.0,3,0.0,0,1.0,1,0.0,0,1,False
ATTGGTCTGACTAC-1,3,2507.0,966,0.41953325,0.7723176635228189,1.0,1,20.0,3,0.0,0,3.0,1,0.0,0,1,False
ATTGGTCTTGTCTT-1,3,752.0,389,-1.9479294,-2.1985309488282914,0.0,0,6.0,2,0.0,0,1.0,1,0.0,0,1,False
ATTGTAGATTCCCG-1,5,5496.0,1647,4.451639,4.278639855916417,0.0,0,1.0,1,0.0,0,103.0,4,0.0,0,1,False
ATTGTAGATTGCAG-1,0,2589.0,808,0.53014976,-0.041190275387883675,4.0,2,1.0,1,1.0,1,1.0,1,0.0,0,1,False
ATTGTCTGCGTACA-1,0,2317.0,885,0.16322677,0.3552661252204967,6.0,2,1.0,1,0.0,0,0.0,0,0.0,0,1,False
ATTTAGGAACCATG-1,4,5677.0,1662,4.6958046,4.355871622268698,0.0,0,3.0,1,0.0,0,53.0,4,0.0,0,1,False
ATTTAGGACAGAGG-1,0,2433.0,918,0.31970862,0.5251760111955168,5.0,1,2.0,1,0.0,0,1.0,1,0.0,0,0,False
ATTTCCGAGATGAA-1,0,2447.0,853,0.33859438,0.190505023668962,4.0,2,1.0,1,0.0,0,1.0,1,0.0,0,1,False
ATTTCCGAGTGCTA-1,0,1907.0,806,-0.38985565,-0.0514878442348546,4.0,2,3.0,1,0.0,0,3.0,2,0.0,0,2,True
ATTTCGTGTATGGC-1,2,2244.0,859,0.06475111,0.22139773020987477,6.0,2,2.0,1,69.0,2,1.0,1,0.0,0,2,True
ATTTCTCTACTTTC-1,4,4148.0,1273,2.6332119,2.352994481532855,0.0,0,9.0,1,0.0,0,21.0,2,0.0,0,1,False
ATTTCTCTAGCAAA-1,0,2439.0,985,0.3278025,0.8701445675690427,7.0,2,18.0,1,0.0,0,1.0,1,0.0,0,1,False
ATTTCTCTCACTTT-1,4,3223.0,1079,1.385404,1.3541303033766758,0.0,0,5.0,2,0.0,0,63.0,4,0.0,0,2,True
ATTTCTCTTCCCAC-1,0,1973.0,677,-0.30082288,-0.7156810348644789,0.0,0,0.0,0,0.0,0,0.0,0,0.0,0,0,False
ATTTGCACAAGATG-1,1,1525.0,626,-0.9051666,-0.9782690404622373,1.0,1,1.0,1,0.0,0,67.0,4,0.0,0,1,False
CAAAGCACAGCTCA-1,0,2392.0,830,0.2644004,0.07208298192879643,5.0,1,2.0,1,0.0,0,1.0,1,0.0,0,0,False
CAAAGCACCGTAAC-1,3,2344.0,826,0.19964927,0.0514878442348546,0.0,0,15.0,3,0.0,0,1.0,1,0.0,0,1,False
CAAAGCACGGTAAA-1,2,2136.0,1007,-0.08093889,0.9834178248857228,9.0,2,0.0,0,11.0,2,3.0,2,0.0,0,3,True
CAAAGCTGAAAGTG-1,0,1234.0,547,-1.2977202,-1.3850230099175886,5.0,1,1.0,1,0.0,0,0.0,0,0.0,0,0,False
CAAAGCTGTTGCTT-1,1,2484.0,891,0.38850668,0.38615883176140947,0.0,0,6.0,1,0.0,0,45.0,4,0.0,0,1,False
CAAATATGTGACAC-1,0,2407.0,722,0.2846351,-0.4839857358076332,2.0,1,1.0,1,0.0,0,1.0,1,0.0,0,0,False
CAAATTGAGGGCAA-1,0,1988.0,656,-0.28058815,-0.8238055077576736,1.0,1,1.0,1,0.0,0,0.0,0,0.0,0,0,False
CAAATTGATGGAGG-1,1,845.0,414,-1.822474,-2.0698113382411547,0.0,0,0.0,0,0.0,0,21.0,3,0.0,0,1,False
CAACCAGAAAAGTG-1,0,2234.0,770,0.0512613,-0.23684408348033115,7.0,2,0.0,0,0.0,0,0.0,0,0.0,0,1,False
CAACCAGAAGTGCT-1,0,4328.0,1262,2.8760285,2.296357852874515,11.0,2,5.0,2,0.0,0,2.0,1,0.0,0,2,True
CAACCAGAGTTCAG-1,1,3776.0,1218,2.1313908,2.0698113382411547,0.0,0,9.0,1,0.0,0,126.0,4,0.0,0,1,False
CAACCAGATAGAAG-1,1,738.0,364,-1.9668151,-2.3272505594154276,0.0,0,1.0,1,0.0,0,22.0,4,0.0,0,1,False
CAACCGCTGTTCAG-1,0,1990.0,660,-0.2778902,-0.8032103700637317,3.0,1,4.0,1,1.0,1,1.0,1,0.0,0,0,False
CAACCGCTTTGAGC-1,0,2299.0,805,0.1389451,-0.05663662865834006,1.0,1,2.0,1,0.0,0,0.0,0,0.0,0,0,False
CAACGATGCGCAAT-1,4,4517.0,1407,3.1309862,3.0429315942799064,0.0,0,1.0,1,0.0,0,60.0,4,0.0,0,1,False
CAACGTGACTCCAC-1,1,2996.0,1091,1.0791852,1.4159157164585014,0.0,0,3.0,1,0.0,0,48.0,4,0.0,0,1,False
CAACGTGAGCCATA-1,2,1667.0,779,-0.71361125,-0.190505023668962,6.0,1,1.0,1,13.0,2,0.0,0,0.0,0,1,False
CAACGTGATCAAGC-1,1,2365.0,898,0.22797789,0.4222003227258077,0.0,0,3.0,1,0.0,0,48.0,4,0.0,0,1,False
CAAGAAGACCACAA-1,2,2019.0,828,-0.23876974,0.061785413081825516,3.0,1,1.0,1,2.0,1,1.0,1,0.0,0,0,False
CAAGAAGACGTCTC-1,1,3487.0,1241,1.7415352,2.1882333799813205,0.0,0,6.0,1,1.0,1,96.0,4,0.0,0,1,False
CAAGAAGATTCTAC-1,0,2798.0,862,0.8120869,0.23684408348033115,6.0,1,3.0,1,0.0,0,4.0,2,0.0,0,1,False
CAAGACTGACCTGA-1,3,1669.0,576,-0.7109133,-1.2357082616365103,0.0,0,14.0,3,0.0,0,0.0,0,0.0,0,1,False
CAAGACTGAGTAGA-1,3,2611.0,900,0.5598273,0.4324978915727786,0.0,0,11.0,3,0.0,0,0.0,0,0.0,0,1,False
CAAGCTGACCATAG-1,4,3771.0,1272,2.124646,2.3478456971093697,0.0,0,1.0,1,0.0,0,24.0,3,0.0,0,1,False
CAAGCTGATCTATC-1,2,1959.0,851,-0.31970862,0.18020745482199108,8.0,2,0.0,0,25.0,2,3.0,1,0.0,0,2,True
CAAGGACTGTTCAG-1,0,3129.0,1002,1.2585998,0.9576739027682954,10.0,2,2.0,2,0.0,0,5.0,3,0.0,0,3,True
CAAGGACTTCTTTG-1,2,1688.0,719,-0.68528265,-0.49943208907808956,1.0,1,1.0,1,2.0,1,1.0,1,0.0,0,0,False
CAAGGTTGCTCCAC-1,0,1893.0,760,-0.4087414,-0.28833192771518573,2.0,2,2.0,2,0.0,0,2.0,2,0.0,0,3,True
CAAGGTTGTCATTC-1,3,1864.0,679,-0.44786188,-0.705383466017508,0.0,0,11.0,3,0.0,0,1.0,1,0.0,0,1,False
CAAGGTTGTCTGGA-1,2,2040.0,957,-0.21044113,0.7259786037114498,0.0,0,4.0,1,45.0,2,1.0,1,0.0,0,1,False
CAAGTCGAAACAGA-1,3,2294.0,831,0.1322002,0.07723176635228189,0.0,0,17.0,3,0.0,0,0.0,0,0.0,0,1,False
CAAGTCGATAGCGT-1,1,1723.0,723,-0.63806826,-0.4788369513841477,1.0,1,0.0,0,0.0,0,63.0,4,0.0,0,1,False
CAATAAACGCCATA-1,1,829.0,354,-1.8440578,-2.3787384036502823,0.0,0,0.0,0,0.0,0,18.0,4,0.0,0,1,False
CAATAATGAACTGC-1,1,2252.0,760,0.075542964,-0.28833192771518573,0.0,0,1.0,1,1.0,1,146.0,4,0.0,0,1,False
CAATATGACATGGT-1,0,2766.0,910,0.76891947,0.4839857358076332,8.0,2,1.0,1,0.0,0,2.0,2,0.0,0,2,True
CAATATGACCTTCG-1,2,1878.0,749,-0.42897612,-0.3449685563735258,11.0,2,1.0,1,34.0,2,2.0,2,0.0,0,3,True
CAATATGACGTTAG-1,0,1690.0,625,-0.68258464,-0.9834178248857228,2.0,1,0.0,0,0.0,0,1.0,1,0.0,0,0,False
CAATATGAGGAGCA-1,0,3036.0,869,1.1331445,0.2728855744447294,3.0,2,2.0,1,0.0,0,0.0,0,0.0,0,1,False
CAATCGGAGAAACA-1,0,2629.0,794,0.584109,-0.11327325731668011,5.0,2,2.0,1,0.0,0,1.0,1,0.0,0,1,False
CAATCTACTGACTG-1,2,2744.0,1078,0.7392419,1.3489815189531904,4.0,1,3.0,2,122.0,3,1.0,1,0.0,0,2,True
CAATTCACCCAACA-1,2,1845.0,736,-0.47349253,-0.4119027538788368,4.0,2,2.0,1,15.0,1,0.0,0,0.0,0,1,False
CAATTCACGATAGA-1,0,2478.0,834,0.3804128,0.09267811962273827,8.0,2,2.0,1,0.0,0,1.0,1,0.0,0,1,False
CAATTCACTTGTGG-1,0,1032.0,402,-1.5702145,-2.1315967513229803,0.0,0,0.0,0,0.0,0,1.0,1,0.0,0,0,False
CAATTCTGCTTGTT-1,1,3340.0,1200,1.5432348,1.9771332186184165,1.0,1,5.0,2,1.0,1,59.0,4,0.0,0,2,True
CAATTCTGGCGTAT-1,1,1684.0,699,-0.69067854,-0.6024077775477987,0.0,0,1.0,1,1.0,1,20.0,4,0.0,0,1,False
CACAACGATACGAC-1,0,2403.0,753,0.27923918,-0.32437341867958397,4.0,2,1.0,1,0.0,0,1.0,1,0.0,0,1,False
CACAATCTTGTTCT-1,0,1546.0,696,-0.876838,-0.6178541308182551,4.0,2,1.0,1,0.0,0,2.0,1,0.0,0,1,False
CACAATCTTTCCAT-1,2,3851.0,1227,2.2325644,2.116150398052524,11.0,2,3.0,1,3.0,2,3.0,2,0.0,0,3,True
CACACCTGCTTGAG-1,0,1594.0,637,-0.8120869,-0.9216324118038972,3.0,2,0.0,0,0.0,0,0.0,0,0.0,0,1,False
CACACCTGTATGGC-1,0,1875.0,666,-0.43302307,-0.7723176635228189,2.0,1,1.0,1,0.0,0,2.0,1,0.0,0,0,False
CACAGAACCCTTGC-1,3,2017.0,844,-0.2414677,0.14416596385759287,1.0,1,2.0,2,3.0,1,0.0,0,0.0,0,1,False
CACAGAACCTGATG-1,0,2837.0,1035,0.86469716,1.1275837887433156,7.0,2,1.0,1,0.0,0,1.0,1,0.0,0,1,False
CACAGATGGGATTC-1,0,3229.0,1026,1.393498,1.0812447289319465,4.0,2,0.0,0,2.0,1,1.0,1,0.0,0,1,False
CACAGATGGTTTCT-1,1,2088.0,829,-0.14569001,0.06693419750531097,0.0,0,0.0,0,1.0,1,106.0,4,9.0,2,2,True
CACAGCCTGATACC-1,0,2829.0,997,0.8539053,0.9319299806508682,7.0,2,0.0,0,2.0,2,3.0,2,0.0,0,3,True
CACAGCCTTGCCAA-1,4,2292.0,940,0.12950222,0.638449268512197,0.0,0,2.0,2,0.0,0,26.0,4,0.0,0,2,True
CACAGCCTTGTAGC-1,0,2553.0,889,0.4815864,0.37586126291443855,9.0,2,3.0,2,0.0,0,0.0,0,0.0,0,2,True
CACAGTGATGAAGA-1,1,3015.0,1006,1.1048158,0.9782690404622373,0.0,0,0.0,0,0.0,0,167.0,4,0.0,0,1,False
CACATACTACAGCT-1,2,1852.0,710,-0.46404964,-0.5457711488894588,2.0,1,1.0,1,14.0,1,0.0,0,0.0,0,0,False
CACATGGAACACGT-1,0,2961.0,989,1.0319709,0.8907397052629845,6.0,2,3.0,1,0.0,0,2.0,2,0.0,0,2,True
CACATGGAAGTCGT-1,0,2450.0,722,0.34264132,-0.4839857358076332,2.0,1,1.0,1,0.0,0,0.0,0,0.0,0,0,False
CACCACTGCCAACA-1,0,2259.0,745,0.08498584,-0.36556369406746764,2.0,2,1.0,1,0.0,0,1.0,1,0.0,0,1,False
CACCACTGGCGAAG-1,2,2217.0,917,0.028328612,0.5200272267720314,2.0,2,1.0,1,42.0,3,3.0,2,0.0,0,3,True
CACCCATGTTCTGT-1,0,561.0,333,-2.2055848,-2.486862876543477,1.0,1,0.0,0,2.0,1,0.0,0,0.0,0,0,False
CACCGGGAATCGAC-1,0,2879.0,1042,0.9213544,1.1636252797077138,3.0,2,0.0,0,1.0,1,2.0,1,0.0,0,1,False
CACCGGGACGAGAG-1,2,2587.0,894,0.52745175,0.4016051850318659,8.0,2,1.0,1,32.0,3,2.0,2,0.0,0,3,True
CACCGGGACGTGTA-1,0,3096.0,873,1.2140834,0.2934807121386712,10.0,2,2.0,1,0.0,0,0.0,0,0.0,0,1,False
CACCGGGACTTCTA-1,7,4295.0,1610,2.8315122,4.088134832247455,14.0,2,2.0,1,4.0,1,4.0,2,0.0,0,2,True
CACCGGGACTTGCC-1,2,1792.0,724,-0.5449885,-0.4736881669606623,2.0,2,0.0,0,12.0,1,0.0,0,0.0,0,1,False
CACCGGGATTCGGA-1,2,2328.0,928,0.17806557,0.5766638554303715,3.0,2,0.0,0,18.0,2,0.0,0,0.0,0,2,True
CACCGTACTAAGGA-1,3,1656.0,600,-0.72845006,-1.1121374354728593,0.0,0,2.0,1,1.0,1,2.0,2,0.0,0,1,False
CACCGTACTAGCGT-1,0,2714.0,861,0.69877243,0.2316952990568457,3.0,2,1.0,1,0.0,0,1.0,1,0.0,0,1,False
CACCTGACACCCAA-1,2,2229.0,908,0.044516392,0.4736881669606623,5.0,2,2.0,1,27.0,2,0.0,0,0.0,0,2,True
CACCTGACCAGAAA-1,0,1694.0,657,-0.67718875,-0.818656723334188,4.0,1,1.0,1,0.0,0,2.0,1,0.0,0,0,False
CACCTGACCTCAAG-1,2,1929.0,775,-0.36017808,-0.21110016136290385,3.0,2,0.0,0,20.0,2,1.0,1,0.0,0,2,True
CACCTGACGAAAGT-1,3,1806.0,723,-0.5261028,-0.4788369513841477,0.0,0,6.0,3,0.0,0,1.0,1,0.0,0,1,False
CACCTGACTCGTAG-1,0,2118.0,753,-0.10522056,-0.32437341867958397,3.0,2,1.0,1,0.0,0,3.0,2,0.0,0,2,True
CACGAAACTTCCGC-1,3,2110.0,740,-0.11601241,-0.3913076161848949,0.0,0,7.0,3,0.0,0,1.0,1,0.0,0,1,False
CACGACCTCGATAC-1,3,1766.0,690,-0.5800621,-0.6487468373591679,0.0,0,6.0,2,0.0,0,0.0,0,0.0,0,1,False
CACGCTACAGAAGT-1,0,683.0,378,-2.0410092,-2.255167577486631,1.0,1,0.0,0,0.0,0,1.0,1,0.0,0,0,False
CACGCTACTGTTCT-1,3,1447.0,607,-1.0103872,-1.076095944508461,0.0,0,12.0,3,0.0,0,0.0,0,0.0,0,1,False
CACGCTACTTGACG-1,1,1128.0,475,-1.4407123,-1.7557354884085417,0.0,0,0.0,0,0.0,0,30.0,4,0.0,0,1,False
CACGGGACAGAGTA-1,0,2966.0,924,1.0387158,0.5560687177364296,6.0,2,6.0,1,0.0,0,1.0,1,0.0,0,1,False
CACGGGACATAAGG-1,0,2340.0,777,0.19425334,-0.20080259251593294,2.0,1,3.0,3,0.0,0,1.0,1,0.0,0,1,False
CACGGGACGTAGGG-1,0,2651.0,967,0.6137866,0.7774664479463044,7.0,2,2.0,1,0.0,0,1.0,1,0.0,0,1,False
CACGGGTGCTTCGC-1,2,1789.0,826,-0.5490355,0.0514878442348546,7.0,1,1.0,1,17.0,1,1.0,1,0.0,0,0,False
CACGGGTGGAGGAC-1,2,1595.0,709,-0.8107379,-0.5509199333129442,2.0,1,1.0,1,38.0,2,0.0,0,0.0,0,1,False
CACGGGTGTGTTTC-1,0,897.0,385,-1.752327,-2.219126086522233,1.0,1,1.0,1,0.0,0,0.0,0,0.0,0,0,False
CACTAACTCCTAAG-1,3,1604.0,689,-0.7985971,-0.6538956217826534,0.0,0,9.0,3,0.0,0,1.0,1,0.0,0,1,False
CACTAACTGAAAGT-1,0,2278.0,767,0.11061648,-0.2522904367507875,1.0,1,0.0,0,1.0,1,1.0,1,0.0,0,0,False
CACTAGGATGATGC-1,3,1219.0,554,-1.317955,-1.3489815189531904,0.0,0,38.0,2,0.0,0,0.0,0,0.0,0,1,False
CACTATACCCCGTT-1,3,2567.0,889,0.5004721,0.37586126291443855,0.0,0,15.0,3,1.0,1,0.0,0,0.0,0,1,False
CACTATACGTTTGG-1,2,1839.0,760,-0.4815864,-0.28833192771518573,3.0,1,1.0,1,17.0,1,1.0,1,0.0,0,0,False
CACTGAGACAGTCA-1,1,726.0,366,-1.9830029,-2.3169529905684567,0.0,0,1.0,1,0.0,0,37.0,4,0.0,0,1,False
CACTGCACTTCATC-1,0,1915.0,729,-0.3790638,-0.447944244843235,4.0,2,0.0,0,0.0,0,0.0,0,0.0,0,1,False
CACTGCTGAGACTC-1,4,3138.0,1102,1.2707406,1.4725523451168414,1.0,1,2.0,1,0.0,0,26.0,4,0.0,0,1,False
CACTGCTGGAAAGT-1,0,3107.0,943,1.2289221,0.6538956217826534,5.0,1,3.0,1,0.0,0,3.0,1,0.0,0,0,False
CACTTAACCGAATC-1,0,2252.0,831,0.075542964,0.07723176635228189,3.0,2,0.0,0,0.0,0,0.0,0,0.0,0,1,False
CACTTAACCGTACA-1,3,1521.0,674,-0.9105625,-0.7311273881349353,1.0,1,11.0,3,0.0,0,1.0,1,0.0,0,1,False
CACTTTGACTCTAT-1,2,1551.0,651,-0.8700931,-0.8495494298751008,1.0,1,1.0,1,10.0,1,0.0,0,0.0,0,0,False
CACTTTGAGCTGTA-1,2,802.0,418,-1.8804803,-2.049216200547213,1.0,1,0.0,0,1.0,1,0.0,0,0.0,0,0,False
CAGAAGCTCTCAAG-1,0,2252.0,723,0.075542964,-0.4788369513841477,4.0,2,0.0,0,0.0,0,0.0,0,0.0,0,1,False
CAGACATGAACGGG-1,0,2327.0,745,0.17671658,-0.36556369406746764,5.0,2,0.0,0,0.0,0,2.0,2,0.0,0,2,True
CAGACATGTCGACA-1,0,2517.0,870,0.43302307,0.2780343588682148,2.0,1,4.0,2,0.0,0,3.0,1,0.0,0,1,False
CAGACCCTAAGGTA-1,4,4164.0,1334,2.6547956,2.6670703313654682,0.0,0,6.0,1,0.0,0,40.0,3,0.0,0,1,False
CAGACCCTAATGCC-1,0,2291.0,862,0.12815325,0.23684408348033115,5.0,2,2.0,1,0.0,0,1.0,1,0.0,0,1,False
CAGACCCTAGGAGC-1,0,2716.0,934,0.7014704,0.6075565619712843,4.0,2,2.0,2,0.0,0,2.0,2,0.0,0,3,True
CAGACTGAGTATGC-1,0,2711.0,843,0.6947255,0.1390171794341074,1.0,1,0.0,0,0.0,0,2.0,1,0.0,0,0,False
CAGATCGAATGTCG-1,3,2191.0,720,-0.0067449077,-0.4942833046546041,0.0,0,15.0,3,0.0,0,3.0,2,0.0,0,2,True
CAGATCGACCTGAA-1,0,920.0,431,-1.7213005,-1.982282003041902,1.0,1,0.0,0,3.0,2,1.0,1,0.0,0,1,False
CAGATCGATATGGC-1,0,2546.0,782,0.47214353,-0.17505867039850562,2.0,1,2.0,1,0.0,0,1.0,1,0.0,0,0,False
CAGATGACATTCTC-1,2,2045.0,1004,-0.2036962,0.9679714716152664,0.0,0,1.0,1,28.0,2,0.0,0,0.0,0,1,False
CAGCAATGCCTTCG-1,0,2563.0,833,0.49507624,0.08752933519925281,1.0,1,1.0,1,0.0,0,1.0,1,0.0,0,0,False
CAGCAATGGAGGGT-1,2,1696.0,838,-0.67449075,0.11327325731668011,0.0,0,0.0,0,55.0,3,1.0,1,0.0,0,1,False
CAGCAATGGTGCTA-1,0,2288.0,838,0.1241063,0.11327325731668011,4.0,1,0.0,0,1.0,1,1.0,1,0.0,0,0,False
CAGCAATGTCTACT-1,1,2372.0,817,0.23742075,0.005148784423485459,1.0,1,1.0,1,1.0,1,105.0,4,0.0,0,1,False
CAGCAATGTGACCA-1,0,1910.0,698,-0.3858087,-0.6075565619712843,3.0,2,2.0,1,0.0,0,0.0,0,0.0,0,1,False
CAGCAATGTGAGGG-1,1,1075.0,486,-1.5122083,-1.6990988597502017,1.0,1,1.0,1,0.0,0,15.0,3,0.0,0,1,False
CAGCACCTAAGCCT-1,0,1806.0,663,-0.5261028,-0.7877640167932753,6.0,2,1.0,1,0.0,0,1.0,1,0.0,0,1,False
CAGCACCTAGGCGA-1,0,1447.0,576,-1.0103872,-1.2357082616365103,4.0,2,1.0,1,1.0,1,0.0,0,0.0,0,1,False
CAGCACCTGTAGGG-1,1,3870.0,1289,2.2581952,2.4353750323086225,0.0,0,2.0,1,0.0,0,212.0,4,0.0,0,1,False
CAGCATGACAACCA-1,1,3217.0,1101,1.3773102,1.467403560693356,3.0,2,4.0,1,0.0,0,154.0,4,0.0,0,2,True
CAGCATGAGACGTT-1,2,2155.0,824,-0.05530824,0.041190275387883675,1.0,1,1.0,1,4.0,1,0.0,0,0.0,0,0,False
CAGCCTACCCAACA-1,0,2801.0,879,0.81613386,0.32437341867958397,3.0,2,2.0,1,1.0,1,6.0,2,0.0,0,2,True
CAGCCTTGCTACCC-1,1,1841.0,737,-0.47888845,-0.4067539694553513,1.0,1,3.0,1,0.0,0,137.0,4,0.0,0,1,False
CAGCCTTGGGGACA-1,0,2658.0,900,0.62322944,0.4324978915727786,4.0,2,0.0,0,0.0,0,2.0,2,0.0,0,2,True
CAGCGGACACCCTC-1,0,1884.0,685,-0.42088225,-0.6744907594765952,5.0,2,0.0,0,2.0,1,1.0,1,0.0,0,1,False
CAGCGGACCTTTAC-1,2,2125.0,870,-0.09577769,0.2780343588682148,0.0,0,0.0,0,65.0,3,0.0,0,0.0,0,1,False
CAGCGTCTAAAGCA-1,0,2928.0,886,0.9874545,0.36041490964398215,4.0,2,2.0,1,0.0,0,0.0,0,0.0,0,1,False
CAGCGTCTTATCGG-1,0,2531.0,872,0.45190883,0.28833192771518573,4.0,2,1.0,1,0.0,0,0.0,0,0.0,0,1,False
CAGCTAGATGTGAC-1,1,1260.0,557,-1.2626467,-1.3335351656827341,0.0,0,0.0,0,0.0,0,30.0,4,0.0,0,1,False
CAGCTCTGAGGCGA-1,0,1959.0,766,-0.31970862,-0.257439221174273,3.0,2,1.0,1,1.0,1,1.0,1,0.0,0,1,False
CAGCTCTGCAAGCT-1,2,1570.0,710,-0.84446245,-0.5457711488894588,2.0,1,2.0,1,9.0,1,0.0,0,0.0,0,0,False
CAGCTCTGTCGTAG-1,1,3301.0,1134,1.4906245,1.637313446668376,0.0,0,9.0,1,0.0,0,151.0,4,0.0,0,1,False
CAGCTCTGTGTGGT-1,2,2163.0,1047,-0.044516392,1.1893692018251412,0.0,0,1.0,1,50.0,3,4.0,2,0.0,0,2,True
CAGGAACTAACTGC-1,2,2077.0,805,-0.16052881,-0.05663662865834006,2.0,1,1.0,1,1.0,1,2.0,2,0.0,0,1,False
CAGGAACTCTCAGA-1,1,1752.0,724,-0.5989478,-0.4736881669606623,0.0,0,1.0,1,0.0,0,82.0,4,0.0,0,1,False
CAGGCCGAACACCA-1,0,2693.0,972,0.67044383,0.8032103700637317,4.0,2,2.0,1,0.0,0,1.0,1,0.0,0,1,False
CAGGCCGAACACGT-1,0,3917.0,1201,2.3215973,1.982282003041902,3.0,2,1.0,1,0.0,0,1.0,1,0.0,0,1,False
CAGGCCGAACGACT-1,0,1193.0,574,-1.3530285,-1.2460058304834811,3.0,1,1.0,1,0.0,0,0.0,0,0.0,0,0,False
CAGGCCGAATCTCT-1,4,2443.0,837,0.33319843,0.10812447289319466,0.0,0,1.0,1,4.0,1,24.0,3,0.0,0,1,False
CAGGCCGACTAGCA-1,3,2344.0,863,0.19964927,0.2419928679038166,0.0,0,25.0,3,0.0,0,1.0,1,0.0,0,1,False
CAGGGCACCATACG-1,3,1317.0,545,-1.1857548,-1.3953205787645595,0.0,0,7.0,3,1.0,1,0.0,0,0.0,0,1,False
CAGGGCACCCAACA-1,0,2240.0,810,0.05935519,-0.030892706540912758,5.0,2,0.0,0,0.0,0,0.0,0,1.0,1,2,True
CAGGGCACTCCCGT-1,0,2293.0,884,0.13085121,0.35011734079701123,8.0,2,1.0,1,0.0,0,3.0,2,0.0,0,2,True
CAGGTAACAGACTC-1,1,2471.0,885,0.37096992,0.3552661252204967,0.0,0,2.0,1,0.0,0,39.0,4,0.0,0,1,False
CAGGTATGAGTCGT-1,0,2131.0,787,-0.0876838,-0.14931474828107832,2.0,2,1.0,1,0.0,0,1.0,1,0.0,0,1,False
CAGGTATGTGCTTT-1,0,2709.0,1025,0.6920275,1.076095944508461,6.0,2,1.0,1,0.0,0,2.0,1,0.0,0,1,False
CAGGTTGAGGATCT-1,3,8011.0,1996,7.8443274,6.075565619712842,0.0,0,41.0,3,0.0,0,2.0,2,0.0,0,2,True
CAGTGATGGACGGA-1,3,1529.0,643,-0.8997707,-0.8907397052629845,0.0,0,10.0,3,0.0,0,0.0,0,0.0,0,1,False
CAGTGATGGCTAAC-1,2,1549.0,763,-0.87279105,-0.2728855744447294,3.0,1,0.0,0,24.0,3,1.0,1,0.0,0,1,False
CAGTGATGGGACAG-1,0,3338.0,968,1.5405369,0.7826152323697898,10.0,2,3.0,1,0.0,0,4.0,1,0.0,0,1,False
CAGTGATGTAAGGA-1,3,2269.0,800,0.09847565,-0.08238055077576735,0.0,0,22.0,3,2.0,1,2.0,2,0.0,0,2,True
CAGTGATGTACGCA-1,3,1013.0,357,-1.5958452,-2.363292050379826,0.0,0,2.0,1,0.0,0,0.0,0,0.0,0,0,False
CAGTGTGAACACGT-1,0,546.0,305,-2.2258196,-2.6310288404010698,0.0,0,0.0,0,4.0,1,0.0,0,0.0,0,0,False
CAGTGTGATGTCAG-1,0,2049.0,623,-0.19830029,-0.9937153937326937,4.0,2,0.0,0,0.0,0,0.0,0,0.0,0,1,False
CAGTTACTAAGGTA-1,3,2855.0,992,0.88897884,0.9061860585334409,0.0,0,15.0,3,1.0,1,1.0,1,0.0,0,1,False
CAGTTACTGATAGA-1,0,2189.0,797,-0.0094428705,-0.09782690404622373,6.0,2,0.0,0,0.0,0,2.0,1,0.0,0,1,False
CAGTTGGAAAGAGT-1,1,3686.0,1165,2.0099826,1.7969257637964253,0.0,0,5.0,2,2.0,1,81.0,4,0.0,0,2,True
CAGTTGGACATACG-1,0,2442.0,830,0.33184946,0.07208298192879643,3.0,1,2.0,1,0.0,0,1.0,1,0.0,0,0,False
CAGTTTACACACGT-1,2,5343.0,1868,4.245245,5.416521213506703,9.0,1,35.0,1,26.0,2,2.0,2,0.0,0,2,True
CAGTTTACCCCAAA-1,0,1940.0,616,-0.34533927,-1.029756884697092,6.0,2,1.0,1,0.0,0,1.0,1,0.0,0,1,False
CATAAAACGGAGCA-1,1,2351.0,822,0.20909214,0.030892706540912758,0.0,0,1.0,1,0.0,0,122.0,4,0.0,0,1,False
CATAAATGAACTGC-1,0,2063.0,647,-0.17941454,-0.8701445675690427,4.0,2,0.0,0,0.0,0,1.0,1,0.0,0,1,False
CATAACCTTCTCCG-1,0,3061.0,999,1.166869,0.9422275494978392,7.0,2,7.0,1,1.0,1,0.0,0,0.0,0,1,False
CATACTACCTCGAA-1,0,1776.0,616,-0.56657225,-1.029756884697092,4.0,2,0.0,0,0.0,0,1.0,1,0.0,0,1,False
CATACTACCTGAAC-1,0,2430.0,733,0.31566167,-0.42734910714929314,6.0,2,1.0,1,1.0,1,1.0,1,0.0,0,1,False
CATACTACGTACCA-1,1,1618.0,618,-0.7797113,-1.019459315850121,0.0,0,2.0,1,0.0,0,45.0,4,0.0,0,1,False
CATACTTGGGTTAC-1,4,7167.0,1934,6.705787,5.7563409854567436,3.0,1,1.0,1,0.0,0,27.0,3,0.0,0,1,False
CATAGTCTAATCGC-1,0,2908.0,856,0.96047485,0.2059513769394184,7.0,2,1.0,1,0.0,0,2.0,1,0.0,0,1,False
CATAGTCTCACTTT-1,0,2710.0,942,0.69337654,0.6487468373591679,8.0,2,1.0,1,0.0,0,1.0,1,0.0,0,1,False
CATATAGACTAAGC-1,5,2925.0,1028,0.98340756,1.0915422977789175,0.0,0,2.0,1,1.0,1,32.0,3,1.0,1,2,True
CATATAGATCAGGT-1,3,1871.0,723,-0.438419,-0.4788369513841477,0.0,0,16.0,3,0.0,0,1.0,1,0.0,0,1,False
CATCAACTAGAAGT-1,0,3377.0,983,1.5931472,0.8598469987220717,7.0,2,4.0,3,0.0,0,1.0,1,0.0,0,2,True
CATCAACTCCCTCA-1,0,3672.0,993,1.9910967,0.9113348429569263,4.0,2,0.0,0,0.0,0,3.0,2,0.0,0,2,True
CATCAGGACTTCCG-1,2,1527.0,770,-0.9024686,-0.23684408348033115,4.0,1,0.0,0,44.0,3,0.0,0,0.0,0,1,False
CATCAGGATAGCCA-1,2,1500.0,737,-0.9388912,-0.4067539694553513,0.0,0,2.0,1,66.0,3,0.0,0,0.0,0,1,False
CATCAGGATCCTAT-1,4,5281.0,1582,4.161608,3.943968868389862,0.0,0,3.0,1,1.0,1,47.0,4,0.0,0,1,False
CATCAGGATGCACA-1,1,3138.0,1112,1.2707406,1.524040189351696,0.0,0,7.0,1,1.0,1,57.0,4,0.0,0,1,False
CATCAGGATTTCGT-1,1,1400.0,614,-1.0737894,-1.0400544535440628,0.0,0,0.0,0,0.0,0,94.0,4,0.0,0,1,False
CATCATACCGCATA-1,1,3300.0,1144,1.4892756,1.6888012909032308,0.0,0,4.0,1,0.0,0,70.0,4,1.0,1,2,True
CATCATACGGAGCA-1,3,1486.0,615,-0.9577769,-1.0349056691205774,1.0,1,15.0,3,0.0,0,2.0,2,0.0,0,2,True
CATCATACTCAAGC-1,0,2455.0,847,0.34938622,0.15961231712804924,5.0,2,0.0,0,0.0,0,2.0,1,0.0,0,1,False
CATCGCTGGGATCT-1,0,2801.0,983,0.81613386,0.8598469987220717,4.0,1,1.0,1,0.0,0,0.0,0,0.0,0,0,False
CATCGCTGTGGCAT-1,3,1961.0,676,-0.31701067,-0.7208298192879643,0.0,0,5.0,2,0.0,0,1.0,1,0.0,0,1,False
CATCGGCTATGCTG-1,0,3314.0,970,1.5081613,0.7929128012167608,4.0,2,0.0,0,0.0,0,0.0,0,0.0,0,1,False
CATCGGCTTTGGCA-1,0,2499.0,789,0.4087414,-0.1390171794341074,5.0,2,1.0,1,0.0,0,3.0,1,0.0,0,1,False
CATCTCCTATGTGC-1,3,2009.0,827,-0.25225955,0.05663662865834006,0.0,0,17.0,3,0.0,0,2.0,2,0.0,0,2,True
CATCTCCTCGAACT-1,4,1857.0,803,-0.45730475,-0.06693419750531097,0.0,0,1.0,1,0.0,0,28.0,4,0.0,0,1,False
CATGAGACACGGGA-1,3,747.0,394,-1.9546742,-2.1727870267108638,0.0,0,6.0,2,2.0,1,1.0,1,0.0,0,1,False
CATGAGACGTTGAC-1,2,1758.0,841,-0.5908539,0.1287196105871365,0.0,0,1.0,1,30.0,3,1.0,1,0.0,0,1,False
CATGAGACTCGCCT-1,0,1155.0,493,-1.4042898,-1.6630573687858035,1.0,1,1.0,1,0.0,0,2.0,1,0.0,0,0,False
CATGCCACGGGTGA-1,0,2420.0,740,0.30217186,-0.3913076161848949,4.0,2,1.0,1,0.0,0,1.0,1,0.0,0,1,False
CATGCCACTGCCAA-1,0,2396.0,941,0.2697963,0.6435980529356824,5.0,2,1.0,1,0.0,0,2.0,2,0.0,0,2,True
CATGCGCTAGTCAC-1,4,5344.0,1659,4.246594,4.340425268998242,0.0,0,4.0,1,1.0,1,33.0,2,0.0,0,1,False
CATGCGCTCAGATC-1,1,2055.0,741,-0.1902064,-0.38615883176140947,0.0,0,5.0,1,0.0,0,70.0,4,0.0,0,1,False
CATGCGCTTTGCAG-1,4,4790.0,1515,3.499258,3.599000312016336,1.0,1,0.0,0,0.0,0,52.0,4,0.0,0,1,False
CATGGCCTAGGGTG-1,1,1346.0,558,-1.1466343,-1.3283863812592485,1.0,1,2.0,1,0.0,0,43.0,4,0.0,0,1,False
CATGGCCTGTGCAT-1,0,2836.0,934,0.8633482,0.6075565619712843,6.0,2,3.0,1,0.0,0,2.0,2,0.0,0,2,True
CATGTACTATCGTG-1,2,1617.0,738,-0.78106034,-0.4016051850318659,5.0,2,2.0,1,13.0,1,2.0,2,0.0,0,2,True
CATGTTACAGTCGT-1,2,2186.0,779,-0.013489815,-0.190505023668962,2.0,1,0.0,0,21.0,3,5.0,3,0.0,0,2,True
CATGTTACCTGAGT-1,0,2258.0,818,0.08363686,0.010297568846970919,1.0,1,1.0,1,2.0,1,0.0,0,0.0,0,0,False
CATGTTTGGGGATG-1,1,2193.0,813,-0.0040469444,-0.015446353270456379,0.0,0,3.0,1,0.0,0,72.0,4,0.0,0,1,False
CATTACACACGGAG-1,3,1480.0,578,-0.9658708,-1.2254106927895394,0.0,0,7.0,3,0.0,0,1.0,1,0.0,0,1,False
CATTACACCAACTG-1,2,2357.0,1019,0.21718603,1.0452032379675482,0.0,0,1.0,1,45.0,2,0.0,0,0.0,0,1,False
CATTACACGGAGTG-1,0,3899.0,1186,2.2973156,1.90505023668962,3.0,2,3.0,2,2.0,1,2.0,1,0.0,0,2,True
CATTACACTACTCT-1,0,2439.0,823,0.3278025,0.036041490964398216,2.0,1,2.0,1,0.0,0,0.0,0,0.0,0,0,False
CATTAGCTCCACAA-1,1,3496.0,1145,1.753676,1.6939500753267163,0.0,0,7.0,2,0.0,0,120.0,4,0.0,0,2,True
CATTGACTAGCGGA-1,1,1913.0,755,-0.3817618,-0.31407584983261305,0.0,0,1.0,1,0.0,0,86.0,4,0.0,0,1,False
CATTGGGACTCGAA-1,0,1396.0,637,-1.0791852,-0.9216324118038972,4.0,2,2.0,1,0.0,0,1.0,1,0.0,0,1,False
CATTGTACAGCGTT-1,0,2230.0,827,0.04586537,0.05663662865834006,2.0,2,1.0,1,1.0,1,0.0,0,0.0,0,1,False
CATTGTACTCGATG-1,3,1856.0,712,-0.45865372,-0.5354735800424878,0.0,0,11.0,3,0.0,0,3.0,2,0.0,0,2,True
CATTGTACTTATCC-1,0,1616.0,608,-0.7824093,-1.0709471600849756,2.0,2,0.0,0,0.0,0,0.0,0,0.0,0,1,False
CATTGTACTTTGCT-1,4,4198.0,1267,2.700661,2.322101774991942,0.0,0,6.0,1,1.0,1,46.0,4,0.0,0,1,False
CATTGTTGCTAGTG-1,0,2170.0,680,-0.03507352,-0.7002346815940225,1.0,1,2.0,1,0.0,0,0.0,0,0.0,0,0,False
CATTTCGACTCTAT-1,2,1790.0,767,-0.5476865,-0.2522904367507875,23.0,2,0.0,0,5.0,2,0.0,0,0.0,0,2,True
CATTTCGAGATACC-1,2,2656.0,1118,0.6205315,1.5549328958926087,0.0,0,2.0,1,59.0,3,1.0,1,0.0,0,1,False
CATTTGACCACACA-1,2,1685.0,728,-0.68932956,-0.45309302926672046,5.0,2,0.0,0,4.0,1,1.0,1,0.0,0,1,False
CATTTGACCCTGAA-1,2,1728.0,803,-0.63132334,-0.06693419750531097,5.0,2,1.0,1,5.0,1,0.0,0,0.0,0,1,False
CATTTGTGACGACT-1,3,2454.0,779,0.34803724,-0.190505023668962,0.0,0,18.0,3,0.0,0,1.0,1,0.0,0,1,False
CATTTGTGCATTGG-1,0,2634.0,914,0.5908539,0.504580873501575,9.0,2,2.0,1,0.0,0,2.0,2,1.0,1,3,True
CATTTGTGCGGAGA-1,0,2442.0,733,0.33184946,-0.42734910714929314,4.0,2,3.0,1,0.0,0,1.0,1,0.0,0,1,False
CATTTGTGGGATCT-1,3,2460.0,834,0.35613114,0.09267811962273827,0.0,0,21.0,3,0.0,0,0.0,0,0.0,0,1,False
CCAAAGTGCTACGA-1,1,3438.0,1253,1.6754351,2.2500187930631457,0.0,0,1.0,1,1.0,1,156.0,4,0.0,0,1,False
CCAAAGTGTGAGAA-1,1,1051.0,472,-1.5445839,-1.7711818416789982,0.0,0,0.0,0,1.0,1,29.0,4,0.0,0,1,False
CCAACCTGAAGTAG-1,2,2139.0,878,-0.07689195,0.3192246342560985,8.0,2,0.0,0,12.0,2,1.0,1,0.0,0,2,True
CCAACCTGACGTAC-1,1,2605.0,848,0.55173343,0.1647611015515347,0.0,0,1.0,1,0.0,0,120.0,4,0.0,0,1,False
CCAACCTGTTCGCC-1,1,3211.0,1020,1.3692163,1.0503520223910336,3.0,2,4.0,1,0.0,0,84.0,4,0.0,0,2,True
CCAAGAACCCAATG-1,0,1740.0,659,-0.6151356,-0.8083591544872172,4.0,2,0.0,0,1.0,1,1.0,1,0.0,0,1,False
CCAAGAACGTAGCT-1,0,3230.0,1008,1.3948469,0.9885666093092083,4.0,2,1.0,1,0.0,0,1.0,1,0.0,0,1,False
CCAAGAACGTGTCA-1,0,2329.0,744,0.17941454,-0.37071247849095307,5.0,2,1.0,1,0.0,0,1.0,1,0.0,0,1,False
CCAAGAACTACTGG-1,2,1765.0,843,-0.58141106,0.1390171794341074,4.0,2,0.0,0,29.0,2,0.0,0,0.0,0,2,True
CCAAGAACTCCTAT-1,3,838.0,391,-1.8319169,-2.1882333799813205,0.0,0,5.0,2,1.0,1,1.0,1,0.0,0,1,False
CCAAGATGTCATTC-1,0,1713.0,670,-0.6515581,-0.7517225258288771,1.0,1,1.0,1,0.0,0,1.0,1,0.0,0,0,False
CCAAGATGTTTCAC-1,0,2093.0,837,-0.1389451,0.10812447289319466,6.0,2,0.0,0,0.0,0,0.0,0,0.0,0,1,False
CCAAGTGAGGAACG-1,0,3005.0,875,1.0913261,0.30377828098564214,5.0,2,1.0,1,0.0,0,2.0,2,0.0,0,2,True
CCAAGTGATCAAGC-1,0,2711.0,938,0.6947255,0.6281516996652261,7.0,2,0.0,0,1.0,1,1.0,1,0.0,0,1,False
CCAATGGAACAGCT-1,1,1421.0,652,-1.0454607,-0.8444006454516154,0.0,0,0.0,0,0.0,0,40.0,4,0.0,0,1,False
CCAATTTGAACGTC-1,1,2671.0,932,0.6407662,0.5972589931243133,0.0,0,3.0,1,0.0,0,138.0,4,0.0,0,1,False
CCACCATGAACGTC-1,0,2186.0,760,-0.013489815,-0.28833192771518573,1.0,1,1.0,1,1.0,1,2.0,2,0.0,0,1,False
CCACCATGATCGGT-1,0,2494.0,732,0.4019965,-0.4324978915727786,1.0,1,1.0,1,0.0,0,1.0,1,0.0,0,0,False
CCACCATGGACGAG-1,4,4779.0,1558,3.4844193,3.820398042226211,0.0,0,4.0,1,1.0,1,40.0,4,0.0,0,1,False
CCACCATGGGGAGT-1,0,2048.0,750,-0.19964927,-0.3398197719500403,2.0,1,0.0,0,0.0,0,0.0,0,0.0,0,0,False
CCACCATGTCCTGC-1,2,2158.0,940,-0.0512613,0.638449268512197,7.0,1,2.0,1,11.0,1,1.0,1,0.0,0,0,False
CCACTGACCCGCTT-1,1,1953.0,705,-0.3278025,-0.571515071006886,0.0,0,2.0,1,0.0,0,117.0,4,0.0,0,1,False
CCACTGTGGGAAGC-1,1,865.0,404,-1.7954944,-2.1212991824760095,0.0,0,0.0,0,0.0,0,72.0,3,0.0,0,1,False
CCACTGTGTGTAGC-1,0,2305.0,689,0.14703898,-0.6538956217826534,2.0,2,0.0,0,2.0,2,2.0,2,0.0,0,3,True
CCACTTCTCGGGAA-1,1,3465.0,1070,1.7118576,1.3077912435653067,0.0,0,2.0,1,0.0,0,104.0,4,0.0,0,1,False
CCAGAAACCCTGTC-1,3,1200.0,544,-1.3435856,-1.400469363188045,0.0,0,8.0,3,0.0,0,0.0,0,0.0,0,1,False
CCAGAAACGAACTC-1,0,2588.0,927,0.5288008,0.571515071006886,4.0,2,0.0,0,0.0,0,3.0,2,0.0,0,2,True
CCAGAAACGGTCTA-1,0,2790.0,816,0.80129504,0.0,29.0,1,3.0,1,1.0,1,2.0,1,1.0,1,1,False
CCAGACCTCTGAGT-1,1,794.0,387,-1.8912721,-2.2088285176752622,0.0,0,4.0,1,0.0,0,8.0,3,0.0,0,1,False
CCAGACCTTGTGGT-1,0,1459.0,559,-0.9941994,-1.323237596835763,3.0,1,1.0,1,0.0,0,1.0,1,0.0,0,0,False
CCAGCACTGCGATT-1,4,4088.0,1320,2.552273,2.5949873494366718,0.0,0,3.0,1,1.0,1,26.0,4,0.0,0,1,False
CCAGCGGAAAGGCG-1,1,1572.0,640,-0.8417645,-0.9061860585334409,0.0,0,3.0,1,0.0,0,50.0,4,0.0,0,1,False
CCAGCGGACGACTA-1,1,2454.0,886,0.34803724,0.36041490964398215,0.0,0,4.0,1,0.0,0,113.0,4,0.0,0,1,False
CCAGCGGATGGGAG-1,0,3217.0,1074,1.3773102,1.3283863812592485,5.0,2,2.0,1,0.0,0,2.0,2,0.0,0,2,True
CCAGCTACACAGTC-1,0,1758.0,689,-0.5908539,-0.6538956217826534,6.0,2,0.0,0,0.0,0,3.0,2,0.0,0,2,True
CCAGCTACCAGCTA-1,3,1099.0,524,-1.4798328,-1.5034450516577542,0.0,0,10.0,3,0.0,0,0.0,0,0.0,0,1,False
CCAGGTCTACACCA-1,3,1367.0,604,-1.1183057,-1.0915422977789175,0.0,0,11.0,3,0.0,0,2.0,2,0.0,0,2,True
CCAGGTCTAGCATC-1,1,1803.0,800,-0.53014976,-0.08238055077576735,1.0,1,7.0,1,0.0,0,101.0,4,0.0,0,1,False
CCAGGTCTATGGTC-1,0,2846.0,865,0.876838,0.2522904367507875,28.0,2,2.0,1,0.0,0,2.0,2,0.0,0,2,True
CCAGTCACACTGGT-1,1,3250.0,938,1.4218266,0.6281516996652261,0.0,0,0.0,0,2.0,1,235.0,4,0.0,0,1,False
CCAGTCACACTGTG-1,3,1761.0,752,-0.58680695,-0.3295222031030694,0.0,0,9.0,2,0.0,0,2.0,1,0.0,0,1,False
CCAGTCACGTTGTG-1,0,2152.0,770,-0.05935519,-0.23684408348033115,7.0,2,2.0,1,0.0,0,2.0,2,0.0,0,2,True
CCAGTCTGCGGAGA-1,7,15818.0,3400,18.375826,13.304458950286428,2.0,1,35.0,3,3.0,2,7.0,4,0.0,0,3,True
CCAGTGCTAACCAC-1,0,3399.0,1104,1.6228248,1.4828499139638123,11.0,2,1.0,1,0.0,0,0.0,0,0.0,0,1,False
CCAGTGCTCGTAGT-1,0,2562.0,841,0.49372724,0.1287196105871365,4.0,2,0.0,0,1.0,1,4.0,4,0.0,0,2,True
CCATCCGAAAGCAA-1,0,2456.0,785,0.3507352,-0.15961231712804924,2.0,1,0.0,0,2.0,2,2.0,1,0.0,0,1,False
CCATCCGAACGACT-1,0,929.0,444,-1.7091596,-1.915347805536591,3.0,2,0.0,0,2.0,1,0.0,0,0.0,0,1,False
CCATCCGAAGGTTC-1,3,1806.0,703,-0.5261028,-0.5818126398538569,1.0,1,11.0,3,0.0,0,1.0,1,0.0,0,1,False
CCATCCGATTCGCC-1,1,1314.0,593,-1.1898017,-1.1481789264372575,0.0,0,4.0,2,0.0,0,123.0,3,0.0,0,2,True
CCATCGTGAACGGG-1,0,2206.0,874,0.013489815,0.29862949656215665,3.0,2,0.0,0,0.0,0,2.0,1,0.0,0,1,False
CCATCGTGCTAGAC-1,4,2559.0,901,0.4896803,0.43764667599626406,0.0,0,1.0,1,2.0,1,47.0,4,0.0,0,1,False
CCCAACACCTCGCT-1,3,2863.0,924,0.8997707,0.5560687177364296,0.0,0,13.0,3,1.0,1,3.0,3,0.0,0,2,True
CCCAACACGCATCA-1,0,2200.0,797,0.005395926,-0.09782690404622373,2.0,1,0.0,0,1.0,1,2.0,1,0.0,0,0,False
CCCAACACTTTGTC-1,1,3439.0,1218,1.676784,2.0698113382411547,0.0,0,2.0,1,2.0,2,125.0,3,0.0,0,2,True
CCCAACTGCAATCG-1,1,853.0,415,-1.8116822,-2.0646625538176693,0.0,0,0.0,0,0.0,0,23.0,4,0.0,0,1,False
CCCAGACTGCCTTC-1,1,4754.0,1378,3.4506948,2.893616845998828,1.0,1,6.0,1,1.0,1,156.0,4,0.0,0,1,False
CCCAGACTGGTTTG-1,3,2556.0,946,0.48563334,0.6693419750531098,0.0,0,11.0,3,0.0,0,1.0,1,0.0,0,1,False
CCCAGACTTTCGCC-1,4,4410.0,1320,2.9866452,2.5949873494366718,0.0,0,5.0,1,0.0,0,33.0,3,0.0,0,1,False
CCCAGTTGCAGTTG-1,1,3416.0,1169,1.6457574,1.8175209014903673,0.0,0,6.0,1,1.0,1,59.0,4,0.0,0,1,False
CCCAGTTGGGTACT-1,0,1756.0,744,-0.5935519,-0.37071247849095307,1.0,1,0.0,0,0.0,0,1.0,1,0.0,0,0,False
CCCAGTTGTCTATC-1,3,1924.0,726,-0.36692297,-0.4633905981136914,0.0,0,13.0,3,0.0,0,0.0,0,0.0,0,1,False
CCCGATTGTGTTTC-1,0,2271.0,797,0.10117362,-0.09782690404622373,3.0,2,0.0,0,1.0,1,0.0,0,0.0,0,1,False
CCCGGAGAAGGGTG-1,1,1019.0,490,-1.5877513,-1.6785037220562598,0.0,0,2.0,2,0.0,0,52.0,4,0.0,0,2,True
CCCTACGAATTGGC-1,1,1865.0,767,-0.44651288,-0.2522904367507875,3.0,2,4.0,1,0.0,0,137.0,4,0.0,0,2,True
CCCTAGTGCAAAGA-1,0,2448.0,943,0.33994335,0.6538956217826534,7.0,2,2.0,1,0.0,0,2.0,2,0.0,0,2,True
CCCTCAGACACTTT-1,3,2070.0,808,-0.16997167,-0.041190275387883675,0.0,0,13.0,3,0.0,0,0.0,0,0.0,0,1,False
CCCTCAGACGAGAG-1,0,2925.0,925,0.98340756,0.5612175021599151,4.0,2,1.0,1,1.0,1,0.0,0,0.0,0,1,False
CCCTCAGAGGTCAT-1,0,2020.0,660,-0.23742075,-0.8032103700637317,3.0,2,2.0,1,1.0,1,0.0,0,0.0,0,1,False
CCCTGAACTAAAGG-1,3,1530.0,566,-0.8984217,-1.2871961058713648,0.0,0,10.0,3,0.0,0,0.0,0,0.0,0,1,False
CCCTGATGCAACCA-1,0,2914.0,843,0.96856874,0.1390171794341074,8.0,2,1.0,1,1.0,1,1.0,1,0.0,0,1,False
CCCTGATGCAAGCT-1,3,1846.0,727,-0.47214353,-0.4582418136902059,0.0,0,15.0,3,0.0,0,0.0,0,0.0,0,1,False
CCCTTACTAACCAC-1,1,3559.0,1220,1.8386618,2.0801089070881256,1.0,1,3.0,2,0.0,0,164.0,4,0.0,0,2,True
CCCTTACTGCAGTT-1,2,973.0,457,-1.6498045,-1.84841360803128,2.0,2,0.0,0,2.0,1,0.0,0,0.0,0,1,False
CCGAAAACCTTGTT-1,1,5144.0,1512,3.9767976,3.58355395874588,0.0,0,3.0,1,0.0,0,133.0,4,0.0,0,1,False
CCGACACTGGTTTG-1,0,3324.0,1136,1.5216511,1.6476110155153472,1.0,1,6.0,1,0.0,0,2.0,1,0.0,0,0,False
CCGACTACCCAGTA-1,1,3182.0,1170,1.3300958,1.8226696859138527,0.0,0,5.0,1,0.0,0,92.0,4,1.0,1,2,True
CCGACTACCGTGTA-1,0,1455.0,524,-0.99959534,-1.5034450516577542,4.0,1,0.0,0,0.0,0,1.0,1,0.0,0,0,False
CCGACTACTGAGGG-1,0,2370.0,876,0.2347228,0.30892706540912757,4.0,2,3.0,2,3.0,1,0.0,0,0.0,0,2,True
CCGATAGACCTAAG-1,0,1636.0,523,-0.7554297,-1.5085938360812396,5.0,2,1.0,1,0.0,0,1.0,1,0.0,0,1,False
CCGATAGAGTTGGT-1,1,2958.0,999,1.027924,0.9422275494978392,0.0,0,1.0,1,0.0,0,57.0,4,0.0,0,1,False
CCGCGAGACACACA-1,1,2108.0,777,-0.11871038,-0.20080259251593294,0.0,0,2.0,1,0.0,0,130.0,4,0.0,0,1,False
CCGCGAGAGGTTCA-1,2,1965.0,772,-0.31161472,-0.22654651463336023,4.0,2,1.0,1,7.0,2,1.0,1,0.0,0,2,True
CCGCTATGGGACGA-1,3,1997.0,816,-0.26844734,0.0,1.0,1,7.0,3,0.0,0,0.0,0,0.0,0,1,False
CCGCTATGTGCAAC-1,1,2523.0,1015,0.44111696,1.0246081002736065,0.0,0,6.0,1,0.0,0,98.0,4,0.0,0,1,False
CCGCTATGTGCACA-1,1,2854.0,939,0.88762987,0.6333004840887115,0.0,0,4.0,1,1.0,1,213.0,4,0.0,0,1,False
CCGGTACTGTCCTC-1,0,2495.0,855,0.4033455,0.20080259251593294,7.0,2,1.0,1,0.0,0,2.0,1,0.0,0,1,False
CCGTACACAAGCAA-1,0,1744.0,714,-0.60973966,-0.5251760111955168,2.0,1,3.0,1,0.0,0,2.0,2,0.0,0,1,False
CCGTACACAGCGTT-1,3,2007.0,793,-0.2549575,-0.11842204174016557,1.0,1,14.0,3,0.0,0,0.0,0,0.0,0,1,False
CCGTACACGTCATG-1,2,2076.0,837,-0.16187778,0.10812447289319466,8.0,2,2.0,1,9.0,1,0.0,0,0.0,0,1,False
CCGTACACGTTGGT-1,1,3297.0,1193,1.4852287,1.9410917276540183,0.0,0,2.0,1,0.0,0,169.0,4,0.0,0,1,False
CCGTACACTAACGC-1,2,2041.0,763,-0.20909214,-0.2728855744447294,5.0,2,0.0,0,11.0,2,2.0,1,0.0,0,2,True
CCTAAACTTTCGTT-1,0,2351.0,832,0.20909214,0.08238055077576735,1.0,1,0.0,0,0.0,0,0.0,0,0.0,0,0,False
CCTAAGGACCCAAA-1,0,2053.0,674,-0.19290435,-0.7311273881349353,2.0,2,2.0,2,0.0,0,0.0,0,0.0,0,2,True
CCTAAGGACTAGCA-1,1,1514.0,623,-0.92000544,-0.9937153937326937,0.0,0,2.0,1,0.0,0,52.0,4,0.0,0,1,False
CCTAAGGAGGGCAA-1,0,796.0,420,-1.8885741,-2.038918631700242,1.0,1,0.0,0,0.0,0,0.0,0,0.0,0,0,False
CCTAAGGATGATGC-1,0,2517.0,834,0.43302307,0.09267811962273827,13.0,2,1.0,1,0.0,0,1.0,1,0.0,0,1,False
CCTAAGGATGTCAG-1,0,2882.0,874,0.92540133,0.29862949656215665,4.0,1,1.0,1,1.0,1,1.0,1,0.0,0,0,False
CCTACCGACTCTTA-1,0,1893.0,679,-0.4087414,-0.705383466017508,8.0,2,0.0,0,0.0,0,2.0,2,0.0,0,2,True
CCTACCGAGGGATG-1,3,2343.0,810,0.19830029,-0.030892706540912758,0.0,0,10.0,2,2.0,1,2.0,1,0.0,0,1,False
CCTAGAGAGGTGAG-1,3,1387.0,545,-1.0913261,-1.3953205787645595,0.0,0,40.0,3,1.0,1,1.0,1,0.0,0,1,False
CCTATAACCAAAGA-1,0,2560.0,785,0.4910293,-0.15961231712804924,3.0,2,2.0,2,1.0,1,1.0,1,0.0,0,2,True
CCTATAACGAGACG-1,4,1505.0,586,-0.93214625,-1.1842204174016557,0.0,0,0.0,0,0.0,0,12.0,3,0.0,0,1,False
CCTATAACTCAGAC-1,0,2661.0,819,0.6272764,0.015446353270456379,3.0,2,2.0,1,0.0,0,2.0,2,0.0,0,2,True
CCTATAACTGCATG-1,4,1721.0,669,-0.6407662,-0.7568713102523625,1.0,1,3.0,1,0.0,0,13.0,3,0.0,0,1,False
CCTCGAACACTTTC-1,2,1644.0,813,-0.7446378,-0.015446353270456379,0.0,0,3.0,1,21.0,3,2.0,1,0.0,0,1,False
CCTCGAACCCGTAA-1,1,2060.0,780,-0.18346149,-0.18535623924547653,0.0,0,1.0,1,0.0,0,35.0,4,0.0,0,1,False
CCTCGAACGTATCG-1,0,1617.0,647,-0.78106034,-0.8701445675690427,2.0,2,1.0,1,0.0,0,0.0,0,0.0,0,1,False
CCTCGAACTTACTC-1,0,3183.0,923,1.3314447,0.5509199333129442,6.0,2,0.0,0,1.0,1,3.0,2,0.0,0,2,True
CCTCTACTCTTCGC-1,1,4464.0,1322,3.0594902,2.6052849182836426,4.0,2,1.0,1,1.0,1,115.0,4,0.0,0,2,True
CCTCTACTGGCATT-1,0,2174.0,699,-0.029677594,-0.6024077775477987,1.0,1,1.0,1,0.0,0,0.0,0,0.0,0,0,False
CCTGACTGAAGTAG-1,2,2127.0,791,-0.09307972,-0.1287196105871365,3.0,1,3.0,1,2.0,1,1.0,1,0.0,0,0,False
CCTGACTGGGGAGT-1,0,2542.0,816,0.4667476,0.0,3.0,2,0.0,0,0.0,0,0.0,0,0.0,0,1,False
CCTGACTGTGTCTT-1,3,1618.0,666,-0.7797113,-0.7723176635228189,0.0,0,20.0,3,0.0,0,2.0,1,0.0,0,1,False
CCTGCAACACGTTG-1,1,2093.0,801,-0.1389451,-0.07723176635228189,1.0,1,1.0,1,0.0,0,53.0,4,0.0,0,1,False
CCTGGACTCGTGAT-1,0,1353.0,592,-1.1371914,-1.153327710860743,1.0,1,0.0,0,0.0,0,0.0,0,0.0,0,0,False
CCTTAATGCCCAAA-1,3,1852.0,739,-0.46404964,-0.3964564006083804,0.0,0,12.0,3,0.0,0,2.0,2,0.0,0,2,True
CCTTAATGTTCTAC-1,4,3832.0,1241,2.2069337,2.1882333799813205,0.0,0,6.0,1,1.0,1,56.0,4,0.0,0,1,False
CCTTCACTACGACT-1,0,2168.0,859,-0.037771482,0.22139773020987477,5.0,1,1.0,1,0.0,0,1.0,1,0.0,0,0,False
CCTTCACTCAGTCA-1,3,1418.0,683,-1.0495076,-0.6847883283235662,0.0,0,6.0,3,0.0,0,0.0,0,0.0,0,1,False
CCTTCACTGGAGTG-1,1,1656.0,595,-0.72845006,-1.1378813575902866,0.0,0,3.0,1,0.0,0,109.0,4,0.0,0,1,False
CCTTTAGATTCATC-1,1,3505.0,1191,1.7658168,1.9307941588070474,0.0,0,4.0,1,0.0,0,249.0,4,1.0,1,2,True
CGAACATGCCCTAC-1,1,2320.0,857,0.16727372,0.21110016136290385,0.0,0,3.0,1,0.0,0,26.0,4,0.0,0,1,False
CGAACATGTCAGAC-1,0,2210.0,774,0.018885741,-0.2162489457863893,2.0,2,1.0,1,0.0,0,1.0,1,0.0,0,1,False
CGAAGACTGGAACG-1,2,2442.0,945,0.33184946,0.6641931906296242,3.0,2,4.0,1,3.0,1,0.0,0,0.0,0,1,False
CGAAGACTGTTACG-1,0,1735.0,687,-0.6218805,-0.6641931906296242,1.0,1,0.0,0,0.0,0,1.0,1,0.0,0,0,False
CGAAGGGAAACCTG-1,2,2154.0,903,-0.056657225,0.447944244843235,4.0,2,2.0,1,25.0,2,1.0,1,0.0,0,2,True
CGAAGGGATCCGAA-1,3,1834.0,731,-0.48833132,-0.43764667599626406,0.0,0,9.0,3,0.0,0,0.0,0,0.0,0,1,False
CGAAGTACCAACTG-1,3,1562.0,618,-0.8552543,-1.019459315850121,0.0,0,6.0,2,0.0,0,2.0,2,0.0,0,2,True
CGAATCGAGGAGCA-1,1,581.0,336,-2.178605,-2.4714165232730205,1.0,1,2.0,1,0.0,0,16.0,4,0.0,0,1,False
CGAATCGAGGAGGT-1,0,2512.0,922,0.42627817,0.5457711488894588,7.0,2,0.0,0,0.0,0,3.0,3,0.0,0,2,True
CGACAAACCCATAG-1,0,2870.0,801,0.90921354,-0.07723176635228189,6.0,2,1.0,1,1.0,1,2.0,2,0.0,0,2,True
CGACAAACCGACAT-1,3,2096.0,810,-0.13489816,-0.030892706540912758,0.0,0,9.0,3,0.0,0,1.0,1,0.0,0,1,False
CGACCACTAAAGTG-1,2,1933.0,940,-0.35478213,0.638449268512197,2.0,1,1.0,1,51.0,2,2.0,1,0.0,0,1,False
CGACCACTGCCAAT-1,2,1849.0,942,-0.46809658,0.6487468373591679,0.0,0,1.0,1,36.0,3,0.0,0,0.0,0,1,False
CGACCGGAAGGTCT-1,0,2727.0,867,0.7163092,0.2625880055977584,3.0,2,3.0,1,0.0,0,2.0,1,0.0,0,1,False
CGACCGGATGGAAA-1,0,2696.0,945,0.67449075,0.6641931906296242,4.0,2,4.0,1,0.0,0,1.0,1,0.0,0,1,False
CGACCTTGCTAGTG-1,0,1977.0,767,-0.29542696,-0.2522904367507875,4.0,2,2.0,1,0.0,0,0.0,0,0.0,0,1,False
CGACCTTGGCAAGG-1,0,865.0,341,-1.7954944,-2.4456726011555934,0.0,0,0.0,0,0.0,0,1.0,1,0.0,0,0,False
CGACGTCTATCGTG-1,0,2042.0,700,-0.20774315,-0.5972589931243133,6.0,2,0.0,0,5.0,2,1.0,1,0.0,0,2,True
CGACGTCTCGTGTA-1,0,1953.0,691,-0.3278025,-0.6435980529356824,4.0,2,0.0,0,0.0,0,0.0,0,0.0,0,1,False
CGACGTCTGAGGCA-1,0,1056.0,422,-1.5378389,-2.0286210628532713,2.0,2,1.0,1,1.0,1,0.0,0,0.0,0,1,False
CGACTCACGTCGTA-1,0,2159.0,774,-0.04991232,-0.2162489457863893,4.0,2,3.0,1,0.0,0,1.0,1,0.0,0,1,False
CGACTCACGTTGCA-1,0,1093.0,500,-1.4879266,-1.6270158778214052,2.0,1,1.0,1,0.0,0,1.0,1,0.0,0,0,False
CGACTCTGTGTGAC-1,0,3130.0,1099,1.2599487,1.4571059918463851,5.0,2,0.0,0,0.0,0,0.0,0,0.0,0,1,False
CGACTGCTTCCTCG-1,1,2011.0,808,-0.24956158,-0.041190275387883675,0.0,0,2.0,1,0.0,0,72.0,4,0.0,0,1,False
CGAGAACTAAGGCG-1,2,1912.0,727,-0.38311076,-0.4582418136902059,10.0,2,1.0,1,39.0,3,0.0,0,0.0,0,2,True
CGAGAACTACGTTG-1,0,1842.0,616,-0.47753948,-1.029756884697092,1.0,1,0.0,0,0.0,0,1.0,1,0.0,0,0,False
CGAGAACTTGTTCT-1,1,2548.0,925,0.4748415,0.5612175021599151,0.0,0,2.0,1,0.0,0,270.0,4,0.0,0,1,False
CGAGATTGGACACT-1,2,1942.0,834,-0.34264132,0.09267811962273827,2.0,1,1.0,1,18.0,1,0.0,0,0.0,0,0,False
CGAGATTGGCCATA-1,2,1042.0,454,-1.5567247,-1.8638599613017364,1.0,1,0.0,0,8.0,2,1.0,1,0.0,0,1,False
CGAGCCGAACACCA-1,0,2385.0,812,0.2549575,-0.020595137693941837,2.0,1,3.0,1,0.0,0,1.0,1,0.0,0,0,False
CGAGCCGACGACAT-1,2,1354.0,566,-1.1358424,-1.2871961058713648,2.0,2,0.0,0,8.0,1,3.0,2,0.0,0,2,True
CGAGCCGAGGCGAA-1,2,2445.0,767,0.3358964,-0.2522904367507875,4.0,2,1.0,1,0.0,0,0.0,0,0.0,0,1,False
CGAGCGTGCTCCAC-1,0,3298.0,1053,1.4865776,1.220261908366054,5.0,2,1.0,1,1.0,1,4.0,3,0.0,0,2,True
CGAGCGTGGATACC-1,0,3359.0,913,1.5688655,0.49943208907808956,13.0,2,1.0,1,0.0,0,1.0,1,0.0,0,1,False
CGAGCGTGTATGCG-1,1,1529.0,627,-0.8997707,-0.9731202560387519,0.0,0,0.0,0,1.0,1,34.0,4,0.0,0,1,False
CGAGGAGACCTCCA-1,3,1530.0,648,-0.8984217,-0.8649957831455573,0.0,0,13.0,3,0.0,0,1.0,1,0.0,0,1,False
CGAGGAGATGTCGA-1,0,1066.0,449,-1.5243491,-1.8896038834191637,1.0,1,0.0,0,0.0,0,0.0,0,0.0,0,0,False
CGAGGCACCTATGG-1,2,1973.0,752,-0.30082288,-0.3295222031030694,3.0,2,1.0,1,30.0,1,2.0,2,0.0,0,2,True
CGAGGCACTATGCG-1,1,4175.0,1325,2.6696346,2.620731271554099,0.0,0,4.0,1,0.0,0,142.0,4,0.0,0,1,False
CGAGGCACTCTTCA-1,0,1827.0,776,-0.49777418,-0.2059513769394184,9.0,2,1.0,1,3.0,1,3.0,2,0.0,0,2,True
CGAGGCTGACGCTA-1,2,1371.0,668,-1.1129098,-0.762020094675848,0.0,0,0.0,0,28.0,3,0.0,0,0.0,0,1,False
CGAGGCTGGCAGTT-1,1,2937.0,1014,0.99959534,1.019459315850121,0.0,0,3.0,2,0.0,0,81.0,4,1.0,1,3,True
CGAGGGCTACGACT-1,3,1662.0,598,-0.72035617,-1.1224350043198301,0.0,0,12.0,2,0.0,0,1.0,1,0.0,0,1,False
CGAGGGCTCGAATC-1,0,904.0,430,-1.7428842,-1.9874307874653874,3.0,2,0.0,0,0.0,0,0.0,0,0.0,0,1,False
CGAGTATGTCACCC-1,4,2741.0,963,0.7351949,0.7568713102523625,1.0,1,0.0,0,0.0,0,39.0,4,0.0,0,1,False
CGATACGAACAGTC-1,1,3042.0,1073,1.1412383,1.323237596835763,1.0,1,2.0,1,0.0,0,32.0,3,0.0,0,1,False
CGATACGACAGGAG-1,7,6722.0,2023,6.1054907,6.2145827991469496,11.0,2,1.0,1,2.0,1,1.0,1,0.0,0,1,False
CGATACGATTCACT-1,3,2020.0,728,-0.23742075,-0.45309302926672046,0.0,0,18.0,3,0.0,0,1.0,1,0.0,0,1,False
CGATAGACCCGTAA-1,1,1221.0,532,-1.315257,-1.4622547762698705,0.0,0,1.0,1,0.0,0,18.0,4,0.0,0,1,False
CGATAGACCGTACA-1,0,2090.0,926,-0.14299205,0.5663662865834006,2.0,2,0.0,0,0.0,0,1.0,1,0.0,0,1,False
CGATAGACGTAGGG-1,1,1829.0,724,-0.49507624,-0.4736881669606623,0.0,0,1.0,1,0.0,0,76.0,4,0.0,0,1,False
CGATAGACTGTTCT-1,0,1299.0,559,-1.2100364,-1.323237596835763,2.0,2,1.0,1,0.0,0,1.0,1,0.0,0,1,False
CGATCAGAAGAACA-1,2,2198.0,869,0.002697963,0.2728855744447294,10.0,2,0.0,0,39.0,2,1.0,1,0.0,0,2,True
CGATCAGAGAGGGT-1,0,2721.0,962,0.7082153,0.7517225258288771,4.0,2,5.0,1,0.0,0,2.0,2,0.0,0,2,True
CGATCAGAGGTACT-1,0,5139.0,1338,3.9700527,2.68766546905941,4.0,2,1.0,1,1.0,1,4.0,3,0.0,0,2,True
CGATCAGATGTGAC-1,5,6908.0,1974,6.356401,5.962292362396163,1.0,1,1.0,1,0.0,0,97.0,3,0.0,0,1,False
CGATCCACCGGGAA-1,2,3230.0,1102,1.3948469,1.4725523451168414,24.0,2,2.0,1,21.0,1,1.0,1,0.0,0,1,False
CGATCCACTTCCAT-1,3,591.0,326,-2.1651154,-2.5229043675078753,0.0,0,3.0,2,0.0,0,0.0,0,0.0,0,1,False
CGCAAATGCTCGAA-1,0,1011.0,427,-1.5985432,-2.0028771407358437,2.0,2,0.0,0,0.0,0,1.0,1,0.0,0,1,False
CGCAACCTCCTTGC-1,0,2310.0,806,0.1537839,-0.0514878442348546,1.0,1,2.0,1,0.0,0,3.0,2,0.0,0,1,False
CGCAACCTGGACGA-1,0,2321.0,820,0.16862269,0.020595137693941837,9.0,2,4.0,2,0.0,0,1.0,1,0.0,0,2,True
CGCACGGAGGACGA-1,3,1171.0,554,-1.382706,-1.3489815189531904,0.0,0,11.0,3,0.0,0,0.0,0,0.0,0,1,False
CGCACGGATCTTTG-1,0,1930.0,594,-0.35882908,-1.143030142013772,4.0,2,1.0,1,0.0,0,1.0,1,0.0,0,1,False
CGCACTACAGAATG-1,0,1864.0,680,-0.44786188,-0.7002346815940225,6.0,2,1.0,1,0.0,0,2.0,2,0.0,0,2,True
CGCACTACAGCCAT-1,0,3375.0,1030,1.5904492,1.1018398666258884,7.0,2,0.0,0,0.0,0,0.0,0,0.0,0,1,False
CGCACTACATTGGC-1,0,2816.0,849,0.83636856,0.16990988597502016,5.0,2,2.0,1,0.0,0,1.0,1,0.0,0,1,False
CGCACTACTCGCCT-1,3,1281.0,563,-1.2343181,-1.3026424591418213,0.0,0,9.0,3,0.0,0,1.0,1,1.0,1,2,True
CGCACTACTCGTGA-1,2,2071.0,879,-0.16862269,0.32437341867958397,4.0,2,0.0,0,2.0,1,0.0,0,0.0,0,1,False
CGCACTTGTCACGA-1,1,3084.0,1089,1.1978956,1.4056181476115304,1.0,1,4.0,1,0.0,0,166.0,4,1.0,1,2,True
CGCAGGACAGATCC-1,2,2212.0,822,0.021583704,0.030892706540912758,3.0,2,1.0,1,5.0,1,2.0,2,0.0,0,2,True
CGCAGGACCTACTT-1,0,1067.0,447,-1.5230001,-1.8999014522661346,2.0,1,0.0,0,0.0,0,0.0,0,0.0,0,0,False
CGCAGGACTTGTCT-1,4,5162.0,1687,4.001079,4.484591232855835,0.0,0,5.0,2,1.0,1,55.0,4,0.0,0,2,True
CGCAGGTGCACTGA-1,0,2751.0,865,0.74868476,0.2522904367507875,2.0,2,2.0,1,0.0,0,1.0,1,0.0,0,1,False
CGCAGGTGCCATAG-1,4,4314.0,1252,2.857143,2.2448700086396602,0.0,0,5.0,1,3.0,2,38.0,3,2.0,2,3,True
CGCAGGTGGGAACG-1,0,2276.0,938,0.10791852,0.6281516996652261,3.0,2,1.0,1,1.0,1,1.0,1,0.0,0,1,False
CGCATAGATCACGA-1,1,954.0,461,-1.6754351,-1.8278184703373381,0.0,0,2.0,1,0.0,0,60.0,4,0.0,0,1,False
CGCCATACTGCAAC-1,0,3446.0,1053,1.686227,1.220261908366054,4.0,2,5.0,1,0.0,0,2.0,2,0.0,0,2,True
CGCCATTGAGAGGC-1,0,2763.0,852,0.76487255,0.18535623924547653,7.0,2,2.0,1,1.0,1,0.0,0,0.0,0,1,False
CGCCATTGCTATGG-1,0,1792.0,737,-0.5449885,-0.4067539694553513,1.0,1,2.0,2,0.0,0,1.0,1,0.0,0,1,False
CGCCATTGGAGACG-1,0,2287.0,803,0.12275732,-0.06693419750531097,7.0,2,3.0,1,0.0,0,2.0,2,0.0,0,2,True
CGCCATTGGAGCAG-1,3,2021.0,772,-0.23607177,-0.22654651463336023,1.0,1,11.0,3,0.0,0,0.0,0,0.0,0,1,False
CGCCATTGTACTGG-1,3,1684.0,723,-0.69067854,-0.4788369513841477,0.0,0,11.0,3,0.0,0,0.0,0,0.0,0,1,False
CGCCGAGAGCTTAG-1,2,2047.0,993,-0.20099825,0.9113348429569263,0.0,0,0.0,0,54.0,2,0.0,0,0.0,0,1,False
CGCCTAACGAATGA-1,5,4597.0,1455,3.2389047,3.2900732466072085,0.0,0,0.0,0,1.0,1,144.0,4,0.0,0,1,False
CGCCTAACTGCTCC-1,0,3489.0,1006,1.7442331,0.9782690404622373,3.0,2,0.0,0,0.0,0,0.0,0,0.0,0,1,False
CGCGAGACACAGCT-1,0,2246.0,798,0.06744908,-0.09267811962273827,5.0,2,1.0,1,4.0,1,0.0,0,0.0,0,1,False
CGCGAGACAGGTCT-1,3,3171.0,1033,1.315257,1.1172862198963447,0.0,0,12.0,3,0.0,0,0.0,0,0.0,0,1,False
CGCGAGACGCTACA-1,0,1968.0,785,-0.3075678,-0.15961231712804924,5.0,2,1.0,1,0.0,0,2.0,1,0.0,0,1,False
CGCGATCTCAGTCA-1,1,2553.0,945,0.4815864,0.6641931906296242,0.0,0,3.0,1,0.0,0,43.0,4,0.0,0,1,False
CGCGATCTGTTGAC-1,1,2109.0,742,-0.1173614,-0.381010047337924,1.0,1,1.0,1,1.0,1,139.0,4,0.0,0,1,False
CGCGATCTTTCTTG-1,3,2394.0,761,0.26709834,-0.2831831432917003,1.0,1,9.0,3,0.0,0,1.0,1,0.0,0,1,False
CGCGGATGGCCAAT-1,0,2261.0,833,0.0876838,0.08752933519925281,2.0,1,0.0,0,0.0,0,2.0,1,0.0,0,0,False
CGCTAAGAATGTCG-1,0,2703.0,1040,0.6839336,1.153327710860743,3.0,2,2.0,1,1.0,1,1.0,1,0.0,0,1,False
CGCTAAGACAACTG-1,0,2771.0,858,0.7756644,0.2162489457863893,4.0,2,3.0,2,0.0,0,2.0,2,0.0,0,3,True
CGCTAAGACCCTTG-1,0,2620.0,867,0.5719682,0.2625880055977584,5.0,2,1.0,1,0.0,0,2.0,1,0.0,0,1,False
CGCTACTGAACAGA-1,1,3806.0,1186,2.1718602,1.90505023668962,0.0,0,3.0,1,0.0,0,132.0,4,2.0,1,2,True
CGCTACTGAGAACA-1,0,2460.0,845,0.35613114,0.14931474828107832,4.0,2,1.0,1,1.0,1,1.0,1,0.0,0,1,False
CGCTACTGTGAGCT-1,0,1925.0,686,-0.365574,-0.6693419750531098,5.0,2,0.0,0,0.0,0,0.0,0,0.0,0,1,False
CGCTACTGTTCCCG-1,2,1366.0,670,-1.1196547,-0.7517225258288771,3.0,1,0.0,0,11.0,2,0.0,0,0.0,0,1,False
CGCTCATGCATTTC-1,1,1468.0,628,-0.9820586,-0.9679714716152664,0.0,0,1.0,1,0.0,0,37.0,4,0.0,0,1,False
CGGAATTGCACTAG-1,0,901.0,425,-1.7469311,-2.0131747095828145,3.0,2,0.0,0,0.0,0,0.0,0,0.0,0,1,False
CGGAATTGGTTTGG-1,0,1896.0,724,-0.40469447,-0.4736881669606623,4.0,2,5.0,1,0.0,0,0.0,0,0.0,0,1,False
CGGAATTGTGGAGG-1,0,1544.0,660,-0.879536,-0.8032103700637317,4.0,2,1.0,1,0.0,0,0.0,0,0.0,0,1,False
CGGACCGATGCGTA-1,2,1834.0,808,-0.48833132,-0.041190275387883675,8.0,2,2.0,1,14.0,1,1.0,1,0.0,0,1,False
CGGACCGATGGGAG-1,0,985.0,469,-1.6336167,-1.7866281949494545,1.0,1,1.0,1,0.0,0,1.0,1,0.0,0,0,False
CGGACTCTAAACAG-1,3,1658.0,599,-0.72575206,-1.1172862198963447,0.0,0,12.0,3,1.0,1,0.0,0,0.0,0,1,False
CGGACTCTCCAATG-1,0,1999.0,808,-0.26574937,-0.041190275387883675,4.0,2,2.0,1,1.0,1,0.0,0,0.0,0,1,False
CGGACTCTCCTCGT-1,2,1873.0,854,-0.43572104,0.19565380809244745,4.0,1,4.0,1,25.0,2,1.0,1,0.0,0,1,False
CGGAGGCTATTCCT-1,0,848.0,397,-1.8184271,-2.1573406734404075,0.0,0,1.0,1,0.0,0,1.0,1,0.0,0,0,False
CGGAGGCTTGGATC-1,0,2834.0,784,0.86065024,-0.1647611015515347,3.0,2,2.0,1,0.0,0,0.0,0,0.0,0,1,False
CGGATAACAACGAA-1,1,2575.0,892,0.511264,0.3913076161848949,0.0,0,3.0,1,1.0,1,100.0,4,0.0,0,1,False
CGGATAACAGCTCA-1,0,2428.0,878,0.31296372,0.3192246342560985,1.0,1,1.0,1,0.0,0,2.0,2,0.0,0,1,False
CGGATAACTCAGTG-1,1,959.0,449,-1.6686902,-1.8896038834191637,0.0,0,0.0,0,0.0,0,47.0,4,0.0,0,1,False
CGGCACGAACTCAG-1,2,2270.0,889,0.09982464,0.37586126291443855,4.0,2,1.0,1,5.0,2,1.0,1,0.0,0,2,True
CGGCACGAAGGGTG-1,0,2437.0,823,0.32510456,0.036041490964398216,5.0,2,2.0,1,1.0,1,0.0,0,0.0,0,1,False
CGGCACGACTACGA-1,4,2837.0,1049,0.86469716,1.199666770672112,0.0,0,3.0,1,0.0,0,20.0,3,0.0,0,1,False
CGGCATCTTAGAAG-1,2,1982.0,823,-0.28868204,0.036041490964398216,3.0,2,0.0,0,0.0,0,1.0,1,0.0,0,1,False
CGGCATCTTCGTAG-1,1,3310.0,1053,1.5027654,1.220261908366054,0.0,0,3.0,1,3.0,2,250.0,4,0.0,0,2,True
CGGCCAGAAAGGTA-1,0,2076.0,740,-0.16187778,-0.3913076161848949,3.0,1,3.0,1,0.0,0,2.0,2,0.0,0,1,False
CGGCCAGAGAGGCA-1,2,2408.0,997,0.2859841,0.9319299806508682,6.0,2,2.0,1,27.0,3,1.0,1,0.0,0,2,True
CGGCGAACCAGTCA-1,1,3764.0,1240,2.1152031,2.183084595557835,0.0,0,1.0,1,0.0,0,44.0,4,0.0,0,1,False
CGGCGAACGACAAA-1,2,1587.0,788,-0.82152975,-0.14416596385759287,2.0,1,2.0,1,43.0,2,2.0,2,0.0,0,2,True
CGGCGAACGGTCTA-1,0,2498.0,878,0.4073924,0.3192246342560985,5.0,2,4.0,1,0.0,0,0.0,0,0.0,0,1,False
CGGCGAACTACTTC-1,2,1729.0,778,-0.62997437,-0.19565380809244745,1.0,1,2.0,1,66.0,3,2.0,2,0.0,0,2,True
CGGGACTGCGTGTA-1,0,4275.0,1063,2.8045325,1.2717497526009085,7.0,2,55.0,1,0.0,0,1.0,1,0.0,0,1,False
CGGGACTGGAATAG-1,2,2012.0,814,-0.2482126,-0.010297568846970919,3.0,1,1.0,1,14.0,1,1.0,1,0.0,0,0,False
CGGGCATGACCCAA-1,2,1030.0,463,-1.5729125,-1.8175209014903673,2.0,1,0.0,0,9.0,2,0.0,0,12.0,2,2,True
CGGGCATGTCTCTA-1,2,2864.0,1078,0.90111965,1.3489815189531904,0.0,0,1.0,1,55.0,3,0.0,0,0.0,0,1,False
CGGGCATGTTGTGG-1,0,2196.0,742,0.0,-0.381010047337924,4.0,1,0.0,0,0.0,0,0.0,0,0.0,0,0,False
CGGTAAACTCGCAA-1,0,3142.0,1095,1.2761365,1.4365108541524432,3.0,1,1.0,1,5.0,3,1.0,1,0.0,0,1,False
CGGTCACTGTTTGG-1,0,2138.0,805,-0.07824093,-0.05663662865834006,2.0,1,1.0,1,1.0,1,0.0,0,0.0,0,0,False
CGGTCACTTACTTC-1,0,3247.0,1119,1.4177796,1.5600816803160942,5.0,1,4.0,1,0.0,0,3.0,1,0.0,0,0,False
CGTAACGAATCAGC-1,0,1219.0,461,-1.317955,-1.8278184703373381,3.0,1,0.0,0,0.0,0,1.0,1,0.0,0,0,False
CGTAACGATCGCCT-1,0,3413.0,1022,1.6417105,1.0606495912380047,7.0,2,4.0,1,0.0,0,1.0,1,0.0,0,1,False
CGTACCACACACAC-1,0,2084.0,804,-0.15108593,-0.061785413081825516,5.0,2,0.0,0,0.0,0,1.0,1,0.0,0,1,False
CGTACCACACGTTG-1,0,2157.0,674,-0.05261028,-0.7311273881349353,5.0,2,0.0,0,0.0,0,2.0,1,0.0,0,1,False
CGTACCACCTCATT-1,0,2382.0,828,0.25091058,0.061785413081825516,3.0,2,1.0,1,1.0,1,1.0,1,0.0,0,1,False
CGTACCACGCTACA-1,2,892.0,417,-1.759072,-2.0543649849706984,0.0,0,0.0,0,4.0,2,0.0,0,0.0,0,1,False
CGTACCACGGAGCA-1,0,2132.0,763,-0.08633482,-0.2728855744447294,3.0,2,1.0,1,0.0,0,0.0,0,0.0,0,1,False
CGTACCTGGACGAG-1,4,833.0,407,-1.8386618,-2.105852829205553,0.0,0,0.0,0,1.0,1,9.0,2,0.0,0,1,False
CGTACCTGGCATCA-1,2,2472.0,996,0.3723189,0.9267811962273828,3.0,1,1.0,1,89.0,3,1.0,1,0.0,0,1,False
CGTAGCCTCTCTCG-1,1,2310.0,851,0.1537839,0.18020745482199108,0.0,0,3.0,1,0.0,0,120.0,4,0.0,0,1,False
CGTAGCCTGCGAAG-1,0,2242.0,866,0.06205315,0.257439221174273,3.0,2,1.0,1,0.0,0,2.0,1,0.0,0,1,False
CGTAGCCTGTATGC-1,4,3497.0,1116,1.755025,1.5446353270456379,0.0,0,5.0,1,5.0,1,78.0,4,0.0,0,1,False
CGTCAAGAAAGGTA-1,1,1111.0,505,-1.463645,-1.6012719557039778,0.0,0,1.0,1,0.0,0,65.0,4,0.0,0,1,False
CGTCAAGAACGTGT-1,0,2815.0,927,0.8350196,0.571515071006886,8.0,2,2.0,1,0.0,0,0.0,0,0.0,0,1,False
CGTCAAGACAGAGG-1,0,2748.0,956,0.7446378,0.7208298192879643,7.0,2,2.0,1,0.0,0,1.0,1,0.0,0,1,False
CGTCAAGACAGGAG-1,2,2162.0,931,-0.04586537,0.5921102087008279,8.0,2,0.0,0,26.0,3,0.0,0,0.0,0,2,True
CGTCCATGCTCTTA-1,0,2746.0,892,0.74193984,0.3913076161848949,5.0,2,0.0,0,0.0,0,3.0,1,0.0,0,1,False
CGTCGACTTTCCGC-1,2,2188.0,903,-0.010791852,0.447944244843235,3.0,2,3.0,2,4.0,1,4.0,2,0.0,0,3,True
CGTGATGACGCTAA-1,0,909.0,494,-1.7361393,-1.657908584362318,0.0,0,1.0,1,0.0,0,0.0,0,0.0,0,0,False
CGTGATGAGGTTCA-1,2,1747.0,708,-0.6056927,-0.5560687177364296,1.0,1,0.0,0,2.0,1,2.0,2,0.0,0,1,False
CGTGCACTTATGGC-1,1,3067.0,1064,1.1749629,1.276898537024394,0.0,0,5.0,2,0.0,0,74.0,4,0.0,0,2,True
CGTGTAGAAAAACG-1,0,2027.0,794,-0.22797789,-0.11327325731668011,8.0,2,0.0,0,0.0,0,1.0,1,0.0,0,1,False
CGTGTAGACGATAC-1,2,1650.0,783,-0.7365439,-0.16990988597502016,3.0,1,4.0,1,14.0,2,0.0,0,0.0,0,1,False
CGTGTAGAGTTACG-1,2,2074.0,950,-0.16457574,0.6899371127470516,1.0,1,1.0,1,41.0,3,3.0,3,0.0,0,2,True
CGTGTAGAGTTCAG-1,1,1889.0,719,-0.41413733,-0.49943208907808956,0.0,0,0.0,0,1.0,1,125.0,4,0.0,0,1,False
CGTGTAGATTCGGA-1,2,1674.0,842,-0.7041684,0.13386839501062195,2.0,1,1.0,1,38.0,3,1.0,1,0.0,0,1,False
CGTTAGGAAACCAC-1,0,2240.0,888,0.05935519,0.37071247849095307,4.0,2,2.0,1,0.0,0,1.0,1,0.0,0,1,False
CGTTAGGATCATTC-1,1,4080.0,1351,2.5414813,2.754599666564721,0.0,0,0.0,0,0.0,0,89.0,4,0.0,0,1,False
CGTTATACCCTGAA-1,2,2386.0,1002,0.2563065,0.9576739027682954,7.0,2,0.0,0,13.0,2,3.0,2,0.0,0,3,True
CGTTTAACTGGTCA-1,0,2767.0,872,0.77026844,0.28833192771518573,8.0,2,2.0,1,0.0,0,3.0,2,0.0,0,2,True
CTAAACCTCTGACA-1,2,2532.0,1184,0.4532578,1.8947526678426492,0.0,0,3.0,1,71.0,3,1.0,1,0.0,0,1,False
CTAAACCTGTGCAT-1,3,2516.0,909,0.4316741,0.4788369513841477,0.0,0,14.0,3,0.0,0,0.0,0,0.0,0,1,False
CTAACACTAACGTC-1,0,2764.0,869,0.7662215,0.2728855744447294,4.0,2,2.0,2,0.0,0,1.0,1,0.0,0,2,True
CTAACACTAGTGCT-1,4,2355.0,894,0.21448806,0.4016051850318659,0.0,0,1.0,1,0.0,0,85.0,4,0.0,0,1,False
CTAACGGAACCGAT-1,2,1997.0,995,-0.26844734,0.9216324118038972,0.0,0,0.0,0,28.0,3,1.0,1,0.0,0,1,False
CTAACGGATTTCTG-1,0,2256.0,769,0.08093889,-0.2419928679038166,5.0,2,4.0,1,0.0,0,2.0,2,0.0,0,2,True
CTAACTACGGCAAG-1,0,1286.0,553,-1.2275732,-1.3541303033766758,5.0,1,1.0,1,1.0,1,1.0,1,0.0,0,0,False
CTAAGGACACCATG-1,0,2134.0,805,-0.08363686,-0.05663662865834006,8.0,2,0.0,0,1.0,1,0.0,0,0.0,0,1,False
CTAAGGACCGTTAG-1,0,5484.0,1425,4.4354515,3.135609713902645,7.0,2,2.0,1,1.0,1,2.0,1,0.0,0,1,False
CTAAGGACGCCATA-1,1,2878.0,1011,0.92000544,1.0040129625796645,0.0,0,0.0,0,0.0,0,148.0,4,0.0,0,1,False
CTAAGGTGCCTAAG-1,3,1111.0,452,-1.463645,-1.8741575301487072,0.0,0,4.0,2,1.0,1,1.0,1,0.0,0,1,False
CTAAGGTGTTGCAG-1,0,2957.0,894,1.026575,0.4016051850318659,5.0,2,2.0,1,1.0,1,0.0,0,0.0,0,1,False
CTAAGGTGTTTCTG-1,0,1009.0,426,-1.6012411,-2.008025925159329,3.0,2,0.0,0,0.0,0,0.0,0,0.0,0,1,False
CTAATAGAGCTATG-1,0,600.0,239,-2.1529746,-2.97084861235111,1.0,1,1.0,1,0.0,0,1.0,1,0.0,0,0,False
CTAATGCTTGTGGT-1,1,2067.0,829,-0.17401862,0.06693419750531097,0.0,0,1.0,1,0.0,0,49.0,4,0.0,0,1,False
CTACAACTCCCGTT-1,2,2194.0,895,-0.002697963,0.4067539694553513,7.0,2,2.0,1,26.0,1,2.0,1,0.0,0,1,False
CTACCTCTCAACCA-1,0,2333.0,786,0.18481047,-0.15446353270456378,1.0,1,2.0,1,2.0,1,1.0,1,0.0,0,0,False
CTACGCACACCTAG-1,4,3710.0,1136,2.0423582,1.6476110155153472,1.0,1,3.0,1,0.0,0,30.0,4,0.0,0,1,False
CTACGCACTCTCCG-1,0,2637.0,923,0.59490085,0.5509199333129442,4.0,2,0.0,0,1.0,1,1.0,1,0.0,0,1,False
CTACGCACTGGTCA-1,2,2468.0,1012,0.36692297,1.00916174700315,2.0,2,1.0,1,57.0,2,2.0,2,0.0,0,3,True
CTACGGCTTTCTTG-1,1,3911.0,1357,2.3135033,2.7854923731056336,1.0,1,3.0,1,1.0,1,139.0,4,0.0,0,1,False
CTACTATGAACCAC-1,1,3184.0,1093,1.3327937,1.4262132853054723,0.0,0,6.0,1,3.0,2,81.0,4,0.0,0,2,True
CTACTATGATGTGC-1,1,1662.0,649,-0.72035617,-0.8598469987220717,0.0,0,2.0,1,0.0,0,69.0,4,0.0,0,1,False
CTACTATGCTAAGC-1,2,2704.0,851,0.68528265,0.18020745482199108,4.0,2,3.0,1,2.0,1,3.0,2,0.0,0,2,True
CTACTATGTAAAGG-1,3,1264.0,548,-1.2572508,-1.3798742254941032,0.0,0,7.0,2,0.0,0,1.0,1,0.0,0,1,False
CTACTCCTATGTCG-1,2,2181.0,1052,-0.020234723,1.2151131239425685,1.0,1,0.0,0,41.0,3,1.0,1,0.0,0,1,False
CTACTCCTGCCATA-1,1,586.0,307,-2.1718602,-2.620731271554099,0.0,0,1.0,1,0.0,0,31.0,4,0.0,0,1,False
CTAGAGACACTTTC-1,0,3199.0,1150,1.3530285,1.7196939974441434,10.0,2,5.0,1,0.0,0,5.0,2,0.0,0,2,True
CTAGAGACAGCATC-1,2,2206.0,907,0.013489815,0.4685393825371768,7.0,1,3.0,1,21.0,2,0.0,0,0.0,0,1,False
CTAGAGACTTTGGG-1,1,5515.0,1621,4.4772696,4.144771460905795,0.0,0,4.0,1,5.0,2,96.0,4,0.0,0,2,True
CTAGATCTCTCTAT-1,0,1822.0,731,-0.5045191,-0.43764667599626406,5.0,2,1.0,1,0.0,0,0.0,0,0.0,0,1,False
CTAGATCTTCGACA-1,0,2392.0,897,0.2644004,0.4170515383023222,1.0,1,2.0,1,0.0,0,1.0,1,0.0,0,0,False
CTAGGATGAGCCTA-1,3,5867.0,1741,4.9521112,4.76262559172405,0.0,0,15.0,2,0.0,0,2.0,1,0.0,0,1,False
CTAGGATGATCGTG-1,3,2159.0,762,-0.04991232,-0.2780343588682148,0.0,0,6.0,3,0.0,0,1.0,1,1.0,1,2,True
CTAGGCCTCTCAGA-1,0,1998.0,712,-0.26709834,-0.5354735800424878,3.0,2,1.0,1,0.0,0,2.0,2,0.0,0,2,True
CTAGGTGATGGTTG-1,4,3254.0,1195,1.4272225,1.9513892965009891,0.0,0,4.0,1,0.0,0,30.0,4,0.0,0,1,False
CTAGTTACCAGAGG-1,0,2740.0,850,0.73384595,0.17505867039850562,1.0,1,1.0,1,0.0,0,0.0,0,0.0,0,0,False
CTAGTTACCGCATA-1,0,2357.0,861,0.21718603,0.2316952990568457,3.0,1,1.0,1,0.0,0,0.0,0,0.0,0,0,False
CTAGTTACGAAACA-1,2,2245.0,966,0.0661001,0.7723176635228189,0.0,0,0.0,0,58.0,2,2.0,2,0.0,0,2,True
CTAGTTTGAGTACC-1,2,1601.0,742,-0.802644,-0.381010047337924,1.0,1,1.0,1,14.0,1,0.0,0,0.0,0,0,False
CTATAAGATCGTTT-1,3,2733.0,843,0.7244031,0.1390171794341074,0.0,0,10.0,2,0.0,0,2.0,1,0.0,0,1,False
CTATACTGAGGTTC-1,1,732.0,331,-1.974909,-2.4971604453904477,0.0,0,0.0,0,0.0,0,34.0,4,0.0,0,1,False
CTATACTGCCAGTA-1,0,2691.0,839,0.6677459,0.11842204174016557,1.0,1,3.0,1,0.0,0,4.0,2,0.0,0,1,False
CTATACTGCGCTAA-1,1,1856.0,733,-0.45865372,-0.42734910714929314,1.0,1,4.0,1,0.0,0,116.0,4,0.0,0,1,False
CTATACTGCTACGA-1,2,2129.0,947,-0.090381764,0.6744907594765952,1.0,1,4.0,1,50.0,2,3.0,3,0.0,0,2,True
CTATACTGTCTCAT-1,2,1774.0,842,-0.5692702,0.13386839501062195,0.0,0,0.0,0,33.0,3,0.0,0,0.0,0,1,False
CTATACTGTTCGTT-1,0,4760.0,1520,3.4587886,3.6247442341337637,1.0,1,3.0,1,1.0,1,5.0,2,0.0,0,1,False
CTATAGCTGTCACA-1,0,2123.0,660,-0.09847565,-0.8032103700637317,27.0,2,1.0,1,0.0,0,2.0,1,0.0,0,1,False
CTATAGCTTCGCTC-1,1,2542.0,980,0.4667476,0.8444006454516154,0.0,0,3.0,1,0.0,0,99.0,4,0.0,0,1,False
CTATAGCTTGCCTC-1,1,2498.0,912,0.4073924,0.4942833046546041,0.0,0,5.0,1,0.0,0,76.0,4,0.0,0,1,False
CTATCAACGAACTC-1,0,2520.0,910,0.43707,0.4839857358076332,4.0,2,2.0,1,0.0,0,1.0,1,0.0,0,1,False
CTATCAACGCAGAG-1,0,3160.0,1060,1.3004183,1.2563033993304522,5.0,2,5.0,2,1.0,1,0.0,0,0.0,0,2,True
CTATCAACTTTGGG-1,0,2053.0,679,-0.19290435,-0.705383466017508,3.0,2,0.0,0,0.0,0,1.0,1,0.0,0,1,False
CTATCCCTCCACCT-1,1,2172.0,822,-0.032375555,0.030892706540912758,0.0,0,4.0,2,1.0,1,89.0,4,0.0,0,2,True
CTATGTACGAGAGC-1,0,3144.0,995,1.2788345,0.9216324118038972,7.0,2,3.0,1,0.0,0,0.0,0,0.0,0,1,False
CTATGTACGCTTAG-1,0,2072.0,693,-0.16727372,-0.6333004840887115,4.0,2,0.0,0,0.0,0,1.0,1,0.0,0,1,False
CTATGTACTGTTTC-1,3,4824.0,1481,3.5451236,3.4239416416178305,5.0,2,11.0,3,1.0,1,1.0,1,0.0,0,2,True
CTATGTTGAAAGCA-1,0,3166.0,925,1.3085121,0.5612175021599151,2.0,2,2.0,1,0.0,0,0.0,0,0.0,0,1,False
CTATGTTGTCCTCG-1,0,1635.0,574,-0.75677866,-1.2460058304834811,4.0,2,1.0,1,0.0,0,0.0,0,0.0,0,1,False
CTATGTTGTCTCGC-1,0,3493.0,1051,1.749629,1.209964339519083,9.0,2,3.0,1,0.0,0,1.0,1,0.0,0,1,False
CTATTGACAAACGA-1,1,1289.0,571,-1.2235262,-1.2614521837539376,0.0,0,1.0,1,0.0,0,42.0,4,0.0,0,1,False
CTATTGACACTGGT-1,1,2939.0,1027,1.0022932,1.0863935133554319,1.0,1,2.0,1,1.0,1,21.0,3,0.0,0,1,False
CTATTGACGGTGAG-1,4,3967.0,1262,2.3890462,2.296357852874515,1.0,1,2.0,2,0.0,0,30.0,3,0.0,0,2,True
CTATTGTGGCAAGG-1,0,1937.0,669,-0.34938622,-0.7568713102523625,3.0,2,2.0,1,0.0,0,2.0,2,0.0,0,2,True
CTCAATTGGTTCAG-1,0,3235.0,956,1.4015918,0.7208298192879643,3.0,2,2.0,1,0.0,0,3.0,1,0.0,0,1,False
CTCAATTGGTTGCA-1,1,1907.0,746,-0.38985565,-0.36041490964398215,0.0,0,2.0,2,0.0,0,80.0,4,0.0,0,2,True
CTCAGAGATAGAAG-1,0,2565.0,863,0.49777418,0.2419928679038166,4.0,2,2.0,1,0.0,0,1.0,1,0.0,0,1,False
CTCAGCACTCTAGG-1,0,2343.0,895,0.19830029,0.4067539694553513,6.0,2,1.0,1,1.0,1,0.0,0,0.0,0,1,False
CTCAGCACTGAACC-1,1,1151.0,488,-1.4096857,-1.6888012909032308,0.0,0,1.0,1,0.0,0,12.0,4,0.0,0,1,False
CTCAGCACTTGCAG-1,0,1860.0,643,-0.4532578,-0.8907397052629845,4.0,1,3.0,1,0.0,0,0.0,0,0.0,0,0,False
CTCAGCTGAACCTG-1,1,2927.0,922,0.9861055,0.5457711488894588,1.0,1,1.0,1,0.0,0,100.0,4,0.0,0,1,False
CTCAGCTGCAGTTG-1,0,2341.0,819,0.19560233,0.015446353270456379,4.0,2,3.0,1,3.0,1,1.0,1,0.0,0,1,False
CTCAGCTGTTTCTG-1,0,1857.0,646,-0.45730475,-0.8752933519925281,7.0,2,1.0,1,1.0,1,1.0,1,1.0,1,2,True
CTCAGGCTCGTTGA-1,4,4502.0,1463,3.1107514,3.3312635219950923,2.0,1,3.0,1,0.0,0,37.0,4,0.0,0,1,False
CTCAGGCTGCTAAC-1,0,1197.0,549,-1.3476325,-1.3747254410706178,1.0,1,1.0,1,0.0,0,0.0,0,0.0,0,0,False
CTCATTGACCTTAT-1,0,3103.0,1112,1.2235262,1.524040189351696,6.0,2,4.0,1,0.0,0,0.0,0,0.0,0,1,False
CTCATTGATGCTTT-1,1,3006.0,1005,1.0926751,0.9731202560387519,1.0,1,1.0,1,2.0,1,34.0,4,0.0,0,1,False
CTCATTGATTGCTT-1,1,592.0,300,-2.1637664,-2.656772762518497,0.0,0,0.0,0,0.0,0,11.0,3,0.0,0,1,False
CTCCACGAGAGATA-1,5,4633.0,1445,3.287468,3.238585402372354,0.0,0,3.0,1,1.0,1,67.0,3,1.0,1,2,True
CTCCATCTCTTAGG-1,0,2107.0,725,-0.120059356,-0.4685393825371768,6.0,2,0.0,0,0.0,0,1.0,1,0.0,0,1,False
CTCCATCTGACGAG-1,0,2886.0,898,0.9307973,0.4222003227258077,2.0,1,3.0,1,0.0,0,1.0,1,0.0,0,0,False
CTCCGAACAAGTGA-1,4,2439.0,992,0.3278025,0.9061860585334409,0.0,0,3.0,1,0.0,0,21.0,3,0.0,0,1,False
CTCCTACTGCCTTC-1,1,1292.0,563,-1.2194793,-1.3026424591418213,0.0,0,2.0,1,0.0,0,18.0,4,0.0,0,1,False
CTCGAAGATGTGGT-1,0,2951.0,869,1.018481,0.2728855744447294,4.0,2,2.0,1,0.0,0,0.0,0,0.0,0,1,False
CTCGAAGATTAGGC-1,1,2373.0,903,0.23876974,0.447944244843235,0.0,0,0.0,0,0.0,0,116.0,4,0.0,0,1,False
CTCGACTGCTCTAT-1,0,1143.0,515,-1.4204775,-1.5497841114691233,2.0,1,3.0,1,0.0,0,0.0,0,0.0,0,0,False
CTCGACTGGGTGAG-1,0,2020.0,751,-0.23742075,-0.3346709875265549,2.0,1,0.0,0,0.0,0,1.0,1,0.0,0,0,False
CTCGACTGGTTGAC-1,2,1810.0,875,-0.5207069,0.30377828098564214,2.0,1,0.0,0,69.0,3,4.0,3,0.0,0,2,True
CTCGAGCTCTGGAT-1,2,1157.0,588,-1.4015918,-1.1739228485546849,1.0,1,0.0,0,40.0,1,0.0,0,0.0,0,0,False
CTCGCATGACTTTC-1,0,1839.0,740,-0.4815864,-0.3913076161848949,5.0,2,2.0,1,0.0,0,3.0,2,0.0,0,2,True
CTCGCATGCTTAGG-1,0,2188.0,796,-0.010791852,-0.1029756884697092,1.0,1,1.0,1,0.0,0,0.0,0,0.0,0,0,False
CTCTAAACCTCGAA-1,0,2271.0,797,0.10117362,-0.09782690404622373,4.0,2,3.0,1,0.0,0,2.0,2,0.0,0,2,True
CTCTAAACGGCGAA-1,0,2001.0,651,-0.2630514,-0.8495494298751008,1.0,1,0.0,0,1.0,1,0.0,0,0.0,0,0,False
CTCTAATGTCCAAG-1,1,2338.0,901,0.19155538,0.43764667599626406,0.0,0,2.0,1,0.0,0,101.0,4,0.0,0,1,False
CTGAACGACAGTCA-1,0,2728.0,986,0.71765816,0.8752933519925281,3.0,2,0.0,0,0.0,0,0.0,0,0.0,0,1,False
CTGAACGATGAGGG-1,0,1537.0,723,-0.88897884,-0.4788369513841477,2.0,2,1.0,1,0.0,0,2.0,2,0.0,0,2,True
CTGAAGACCCAACA-1,0,2752.0,952,0.75003374,0.7002346815940225,8.0,2,0.0,0,0.0,0,0.0,0,0.0,0,1,False
CTGAAGACGTGCAT-1,3,2300.0,891,0.14029408,0.38615883176140947,0.0,0,15.0,3,0.0,0,0.0,0,0.0,0,1,False
CTGAAGTGAAGCCT-1,4,4070.0,1434,2.5279913,3.181948773714014,0.0,0,4.0,1,1.0,1,51.0,4,0.0,0,1,False
CTGAAGTGCAGCTA-1,3,1714.0,650,-0.6502091,-0.8546982142985863,0.0,0,12.0,3,0.0,0,0.0,0,0.0,0,1,False
CTGAAGTGGCTATG-1,0,1889.0,712,-0.41413733,-0.5354735800424878,4.0,2,2.0,1,0.0,0,1.0,1,0.0,0,1,False
CTGAAGTGTCCAGA-1,0,3299.0,955,1.4879266,0.7156810348644789,3.0,2,2.0,1,0.0,0,0.0,0,0.0,0,1,False
CTGAATCTGAATAG-1,0,2022.0,876,-0.2347228,0.30892706540912757,3.0,2,1.0,1,0.0,0,1.0,1,0.0,0,1,False
CTGACAGAATCGTG-1,2,2698.0,1010,0.67718875,0.9988641781561791,10.0,2,0.0,0,29.0,1,0.0,0,0.0,0,1,False
CTGACCACAGCAAA-1,0,2477.0,823,0.3790638,0.036041490964398216,0.0,0,5.0,1,0.0,0,1.0,1,0.0,0,0,False
CTGAGAACCGGGAA-1,0,3915.0,1076,2.3188992,1.3386839501062195,7.0,2,4.0,2,0.0,0,0.0,0,0.0,0,2,True
CTGAGAACGTAAAG-1,2,1418.0,738,-1.0495076,-0.4016051850318659,0.0,0,0.0,0,41.0,2,1.0,1,0.0,0,1,False
CTGATACTAGTAGA-1,0,2228.0,691,0.04316741,-0.6435980529356824,7.0,1,1.0,1,0.0,0,1.0,1,1.0,1,1,False
CTGATTTGGTGTTG-1,1,2992.0,1061,1.0737894,1.2614521837539376,0.0,0,7.0,1,1.0,1,183.0,4,0.0,0,1,False
CTGCAGCTAACCGT-1,0,2674.0,771,0.6448132,-0.2316952990568457,2.0,1,0.0,0,0.0,0,3.0,2,0.0,0,1,False
CTGCAGCTGACACT-1,0,3101.0,807,1.2208283,-0.046339059811369133,5.0,2,1.0,1,0.0,0,0.0,0,0.0,0,1,False
CTGCAGCTGGATTC-1,1,4043.0,1386,2.4915688,2.934807121386712,0.0,0,3.0,1,1.0,1,54.0,3,0.0,0,1,False
CTGCAGCTTGGCAT-1,2,3900.0,1264,2.2986646,2.306655421721486,5.0,2,0.0,0,5.0,1,3.0,1,0.0,0,1,False
CTGCCAACAGGAGC-1,2,2857.0,952,0.8916768,0.7002346815940225,4.0,2,1.0,1,4.0,1,0.0,0,0.0,0,1,False
CTGCCAACCAGCTA-1,0,2209.0,814,0.01753676,-0.010297568846970919,7.0,2,2.0,1,0.0,0,1.0,1,0.0,0,1,False
CTGCCAACTAACCG-1,1,2262.0,793,0.089032784,-0.11842204174016557,0.0,0,2.0,2,1.0,1,37.0,4,0.0,0,2,True
CTGCCAACTGCTCC-1,2,1869.0,794,-0.44111696,-0.11327325731668011,3.0,1,2.0,1,8.0,1,0.0,0,0.0,0,0,False
CTGCCAACTTGCAG-1,0,2344.0,760,0.19964927,-0.28833192771518573,1.0,1,0.0,0,0.0,0,0.0,0,0.0,0,0,False
CTGCCAACTTGCTT-1,2,2327.0,882,0.17671658,0.3398197719500403,3.0,2,1.0,1,3.0,1,0.0,0,0.0,0,1,False
CTGCGACTCCACCT-1,2,687.0,348,-2.035613,-2.409631110191195,1.0,1,0.0,0,2.0,1,1.0,1,0.0,0,0,False
CTGGAAACAAACGA-1,2,2367.0,868,0.23067585,0.2677367900212439,5.0,1,0.0,0,24.0,2,1.0,1,0.0,0,1,False
CTGGAAACATCGAC-1,0,2151.0,842,-0.060704168,0.13386839501062195,9.0,1,5.0,1,1.0,1,3.0,1,0.0,0,0,False
CTGGATGACTGGAT-1,2,2036.0,818,-0.21583705,0.010297568846970919,3.0,1,1.0,1,13.0,2,0.0,0,0.0,0,1,False
CTGGATGACTTGTT-1,0,1455.0,624,-0.99959534,-0.9885666093092083,2.0,1,0.0,0,0.0,0,0.0,0,0.0,0,0,False
CTGGATGATGTGAC-1,3,868.0,417,-1.7914475,-2.0543649849706984,0.0,0,19.0,3,0.0,0,0.0,0,0.0,0,1,False
CTGGCACTCAAGCT-1,1,2563.0,901,0.49507624,0.43764667599626406,0.0,0,1.0,1,2.0,1,141.0,4,0.0,0,1,False
CTGGCACTGGACAG-1,2,1554.0,625,-0.86604613,-0.9834178248857228,3.0,2,0.0,0,12.0,1,0.0,0,0.0,0,1,False
CTGTAACTAACCAC-1,0,2165.0,836,-0.04181843,0.1029756884697092,5.0,2,0.0,0,0.0,0,1.0,1,0.0,0,1,False
CTGTAACTAGCGTT-1,0,1982.0,722,-0.28868204,-0.4839857358076332,3.0,1,1.0,1,0.0,0,0.0,0,0.0,0,0,False
CTGTATACGTAAAG-1,0,979.0,436,-1.6417105,-1.9565380809244746,3.0,2,0.0,0,0.0,0,0.0,0,0.0,0,1,False
CTGTATACGTACGT-1,1,3500.0,1108,1.759072,1.5034450516577542,0.0,0,0.0,0,0.0,0,76.0,4,0.0,0,1,False
CTGTATACGTTGGT-1,0,1827.0,723,-0.49777418,-0.4788369513841477,1.0,1,0.0,0,0.0,0,1.0,1,0.0,0,0,False
CTGTGAGACAACCA-1,4,4058.0,1298,2.5118036,2.4817140921199914,0.0,0,7.0,1,0.0,0,29.0,2,0.0,0,1,False
CTGTGAGACCTTGC-1,2,1660.0,717,-0.7230541,-0.5097296579250605,3.0,1,2.0,2,13.0,2,1.0,1,0.0,0,2,True
CTGTGAGACGAACT-1,1,2277.0,843,0.1092675,0.1390171794341074,0.0,0,0.0,0,0.0,0,166.0,4,0.0,0,1,False
CTGTGAGACTGTAG-1,1,3255.0,1089,1.4285715,1.4056181476115304,0.0,0,2.0,1,2.0,1,151.0,4,0.0,0,1,False
CTTAAAGAACCTGA-1,0,2297.0,696,0.13624713,-0.6178541308182551,5.0,2,0.0,0,0.0,0,1.0,1,0.0,0,1,False
CTTAACACCTGTAG-1,0,2068.0,885,-0.17266963,0.3552661252204967,1.0,1,1.0,1,0.0,0,0.0,0,0.0,0,0,False
CTTAACACGAGCTT-1,0,3210.0,1143,1.3678672,1.6836525064797452,4.0,2,3.0,1,1.0,1,5.0,2,0.0,0,2,True
CTTAACACTATCGG-1,3,1748.0,627,-0.6043437,-0.9731202560387519,0.0,0,13.0,3,0.0,0,2.0,2,0.0,0,2,True
CTTAAGCTACCTAG-1,0,2360.0,807,0.22123297,-0.046339059811369133,2.0,2,3.0,1,0.0,0,3.0,2,0.0,0,2,True
CTTAAGCTAGTACC-1,0,920.0,423,-1.7213005,-2.023472278429786,1.0,1,1.0,1,0.0,0,0.0,0,0.0,0,0,False
CTTAAGCTCATCAG-1,0,1860.0,729,-0.4532578,-0.447944244843235,0.0,0,4.0,1,0.0,0,2.0,1,0.0,0,0,False
CTTAAGCTCCGCTT-1,3,2372.0,851,0.23742075,0.18020745482199108,0.0,0,19.0,3,0.0,0,1.0,1,0.0,0,1,False
CTTAAGCTTCCTCG-1,2,1724.0,713,-0.6367193,-0.5303247956190024,3.0,2,0.0,0,4.0,1,0.0,0,0.0,0,1,False
CTTACAACTAACGC-1,0,2368.0,854,0.23202482,0.19565380809244745,3.0,2,1.0,1,0.0,0,1.0,1,0.0,0,1,False
CTTACAACTCCCGT-1,1,1504.0,607,-0.9334952,-1.076095944508461,0.0,0,4.0,1,0.0,0,128.0,4,0.0,0,1,False
CTTACTGACGTACA-1,0,1857.0,627,-0.45730475,-0.9731202560387519,5.0,2,1.0,1,0.0,0,0.0,0,0.0,0,1,False
CTTAGACTAAACGA-1,0,2396.0,823,0.2697963,0.036041490964398216,3.0,1,2.0,1,1.0,1,1.0,1,0.0,0,0,False
CTTAGGGACTTGCC-1,0,2989.0,1061,1.0697423,1.2614521837539376,13.0,2,2.0,1,1.0,1,2.0,2,0.0,0,2,True
CTTAGGGAGAATCC-1,0,1636.0,573,-0.7554297,-1.2511546149069668,2.0,1,0.0,0,0.0,0,1.0,1,0.0,0,0,False
CTTATCGACTCATT-1,0,1966.0,743,-0.31026575,-0.37586126291443855,3.0,2,1.0,1,0.0,0,0.0,0,0.0,0,1,False
CTTCACCTACCTGA-1,4,4888.0,1528,3.6314583,3.665934509521647,0.0,0,8.0,1,0.0,0,65.0,4,1.0,1,2,True
CTTCATGAAGCATC-1,3,1927.0,681,-0.36287603,-0.695085897170537,0.0,0,14.0,3,0.0,0,2.0,1,0.0,0,1,False
CTTCATGAAGTACC-1,0,1322.0,542,-1.1790099,-1.410766932035016,1.0,1,0.0,0,0.0,0,2.0,1,0.0,0,0,False
CTTCATGACCGAAT-1,2,935.0,420,-1.7010658,-2.038918631700242,0.0,0,0.0,0,5.0,2,0.0,0,0.0,0,1,False
CTTGAACTACGCAT-1,0,2077.0,731,-0.16052881,-0.43764667599626406,4.0,1,3.0,1,0.0,0,1.0,1,0.0,0,0,False
CTTGATTGAGGTTC-1,2,2005.0,920,-0.25765547,0.5354735800424878,6.0,2,1.0,1,28.0,3,0.0,0,0.0,0,2,True
CTTGATTGATCTTC-1,1,2094.0,761,-0.13759612,-0.2831831432917003,0.0,0,2.0,1,0.0,0,38.0,4,6.0,1,2,True
CTTGATTGCATTCT-1,0,2273.0,881,0.10387158,0.3346709875265549,8.0,2,0.0,0,1.0,1,1.0,1,0.0,0,1,False
CTTGATTGTTTCGT-1,0,3234.0,981,1.4002428,0.8495494298751008,4.0,2,2.0,1,0.0,0,2.0,1,0.0,0,1,False
CTTGTATGACACCA-1,3,2020.0,784,-0.23742075,-0.1647611015515347,0.0,0,12.0,3,0.0,0,2.0,1,0.0,0,1,False
CTTGTATGCGCAAT-1,3,1035.0,496,-1.5661676,-1.6476110155153472,0.0,0,6.0,3,0.0,0,0.0,0,0.0,0,1,False
CTTTACGAGCGAAG-1,0,1483.0,573,-0.9618238,-1.2511546149069668,3.0,2,1.0,1,0.0,0,1.0,1,0.0,0,1,False
CTTTAGACCGTGAT-1,0,1507.0,521,-0.9294483,-1.5188914049282105,2.0,1,1.0,1,0.0,0,2.0,2,0.0,0,1,False
CTTTAGACGAGACG-1,0,2250.0,662,0.072845004,-0.7929128012167608,3.0,1,2.0,1,1.0,1,1.0,1,0.0,0,0,False
CTTTAGACGATACC-1,0,2498.0,792,0.4073924,-0.12357082616365103,1.0,1,0.0,0,0.0,0,2.0,1,0.0,0,0,False
CTTTAGACGTTGGT-1,2,2934.0,972,0.99554837,0.8032103700637317,5.0,2,0.0,0,2.0,1,3.0,1,0.0,0,1,False
CTTTAGACTCATTC-1,0,2510.0,855,0.4235802,0.20080259251593294,3.0,2,2.0,1,6.0,1,1.0,1,0.0,0,1,False
CTTTAGTGACGGGA-1,2,2214.0,978,0.024281668,0.8341030766046444,0.0,0,0.0,0,50.0,2,0.0,0,0.0,0,1,False
CTTTAGTGGGTGGA-1,0,1648.0,590,-0.7392419,-1.1636252797077138,4.0,2,1.0,1,0.0,0,0.0,0,0.0,0,1,False
CTTTCAGAGAAACA-1,0,2493.0,902,0.40064752,0.44279546041974954,3.0,2,4.0,2,0.0,0,1.0,1,0.0,0,2,True
CTTTGATGAGCACT-1,0,2019.0,694,-0.23876974,-0.6281516996652261,2.0,1,2.0,1,1.0,1,2.0,1,0.0,0,0,False
CTTTGATGTCTAGG-1,2,1935.0,816,-0.3520842,0.0,2.0,2,1.0,1,7.0,1,1.0,1,0.0,0,1,False
CTTTGATGTGTCCC-1,0,3460.0,974,1.7051127,0.8135079389107026,1.0,1,0.0,0,0.0,0,1.0,1,0.0,0,0,False
CTTTGATGTGTGGT-1,0,2490.0,816,0.39660057,0.0,3.0,1,1.0,1,0.0,0,1.0,1,0.0,0,0,False
GAAACAGAACTACG-1,0,1958.0,751,-0.32105762,-0.3346709875265549,3.0,2,0.0,0,1.0,1,5.0,3,0.0,0,2,True
GAAACAGAATCACG-1,0,2178.0,789,-0.024281668,-0.1390171794341074,2.0,2,1.0,1,1.0,1,1.0,1,0.0,0,1,False
GAAACAGACATTCT-1,0,2572.0,858,0.50721705,0.2162489457863893,0.0,0,1.0,1,0.0,0,0.0,0,0.0,0,0,False
GAAACCTGATCGTG-1,0,2487.0,813,0.39255363,-0.015446353270456379,5.0,2,1.0,1,0.0,0,0.0,0,0.0,0,1,False
GAAACCTGATGCCA-1,0,2390.0,841,0.26170242,0.1287196105871365,4.0,2,2.0,1,1.0,1,3.0,2,0.0,0,2,True
GAAACCTGCTTATC-1,0,3634.0,1080,1.9398354,1.3592790878001613,8.0,2,3.0,1,1.0,1,1.0,1,0.0,0,1,False
GAAACCTGGACTAC-1,4,5326.0,1690,4.2223125,4.500037586126291,0.0,0,6.0,2,0.0,0,99.0,4,6.0,2,3,True
GAAACCTGTGCTAG-1,0,1723.0,716,-0.63806826,-0.514878442348546,4.0,2,0.0,0,0.0,0,1.0,1,0.0,0,1,False
GAAAGATGATTTCC-1,0,2501.0,955,0.41143936,0.7156810348644789,2.0,2,0.0,0,1.0,1,2.0,2,0.0,0,2,True
GAAAGATGCTGATG-1,4,4688.0,1464,3.361662,3.3364123064185778,1.0,1,3.0,1,1.0,1,29.0,4,0.0,0,1,False
GAAAGATGCTTCGC-1,1,2315.0,740,0.16052881,-0.3913076161848949,0.0,0,3.0,1,0.0,0,59.0,4,0.0,0,1,False
GAAAGATGTAAGGA-1,0,650.0,295,-2.0855255,-2.6825166846359245,1.0,1,0.0,0,0.0,0,2.0,1,0.0,0,0,False
GAAAGATGTTTGCT-1,2,1291.0,540,-1.2208283,-1.4210645008819869,2.0,1,0.0,0,1.0,1,1.0,1,0.0,0,0,False
GAAAGCCTACGTTG-1,3,2282.0,738,0.11601241,-0.4016051850318659,0.0,0,11.0,3,0.0,0,0.0,0,0.0,0,1,False
GAAAGTGAAAGTGA-1,5,6175.0,1571,5.3675976,3.887332239731522,1.0,1,6.0,1,0.0,0,135.0,3,0.0,0,1,False
GAAAGTGACCACAA-1,1,3254.0,1118,1.4272225,1.5549328958926087,0.0,0,8.0,2,0.0,0,81.0,4,0.0,0,2,True
GAAAGTGACTCAAG-1,0,3358.0,917,1.5675166,0.5200272267720314,5.0,2,0.0,0,0.0,0,4.0,2,0.0,0,2,True
GAAATACTACCAAC-1,1,561.0,283,-2.2055848,-2.74430209771775,0.0,0,0.0,0,0.0,0,21.0,4,0.0,0,1,False
GAAATACTCTTAGG-1,3,2037.0,701,-0.21448806,-0.5921102087008279,1.0,1,18.0,3,0.0,0,3.0,2,0.0,0,2,True
GAAATACTTCCTCG-1,0,2034.0,840,-0.218535,0.12357082616365103,4.0,2,3.0,1,0.0,0,0.0,0,0.0,0,1,False
GAACACACGTGCAT-1,1,3826.0,1251,2.19884,2.239721224216175,1.0,1,6.0,2,0.0,0,238.0,4,0.0,0,2,True
GAACACACTGCCTC-1,0,2166.0,674,-0.040469445,-0.7311273881349353,3.0,2,2.0,1,0.0,0,1.0,1,0.0,0,1,False
GAACAGCTAACTGC-1,1,5489.0,1631,4.4421964,4.196259305140649,0.0,0,7.0,1,0.0,0,43.0,4,0.0,0,1,False
GAACAGCTCTCAGA-1,4,4199.0,1273,2.70201,2.352994481532855,0.0,0,6.0,1,0.0,0,34.0,3,0.0,0,1,False
GAACCAACCACAAC-1,0,863.0,380,-1.7981924,-2.2448700086396602,0.0,0,0.0,0,2.0,1,1.0,1,0.0,0,0,False
GAACCAACTTCCGC-1,2,1607.0,796,-0.7945501,-0.1029756884697092,0.0,0,0.0,0,35.0,2,0.0,0,0.0,0,1,False
GAACCTGAACGTGT-1,0,4754.0,1489,3.4506948,3.4651319170057144,6.0,2,2.0,2,4.0,1,0.0,0,0.0,0,2,True
GAACCTGAGAGACG-1,0,2490.0,878,0.39660057,0.3192246342560985,4.0,2,2.0,1,1.0,1,0.0,0,0.0,0,1,False
GAACCTGATGAACC-1,0,2869.0,937,0.9078646,0.6230029152417406,5.0,2,0.0,0,0.0,0,2.0,2,1.0,1,3,True
GAACGGGATACTTC-1,0,2033.0,725,-0.219884,-0.4685393825371768,2.0,2,2.0,1,1.0,1,0.0,0,0.0,0,1,False
GAACGTTGACGGAG-1,2,1208.0,562,-1.3327937,-1.3077912435653067,4.0,2,5.0,2,15.0,1,0.0,0,0.0,0,2,True
GAACTGTGACCTGA-1,4,4023.0,1361,2.4645894,2.8060875107995753,0.0,0,2.0,1,0.0,0,45.0,3,0.0,0,1,False
GAACTGTGCCAGTA-1,1,2040.0,818,-0.21044113,0.010297568846970919,0.0,0,3.0,1,0.0,0,104.0,3,0.0,0,1,False
GAAGAATGCAATCG-1,0,2089.0,718,-0.14434102,-0.504580873501575,2.0,1,0.0,0,0.0,0,0.0,0,0.0,0,0,False
GAAGCGGACCTATT-1,1,4006.0,1341,2.4416566,2.7031118223298662,0.0,0,5.0,1,1.0,1,50.0,4,0.0,0,1,False
GAAGCTACGAATGA-1,1,2607.0,902,0.55443144,0.44279546041974954,0.0,0,4.0,1,0.0,0,52.0,4,0.0,0,1,False
GAAGCTACGGTTTG-1,0,1763.0,837,-0.584109,0.10812447289319466,5.0,1,1.0,1,0.0,0,0.0,0,0.0,0,0,False
GAAGGGTGAAAGTG-1,0,2472.0,802,0.3723189,-0.07208298192879643,3.0,2,1.0,1,0.0,0,1.0,1,0.0,0,1,False
GAAGGGTGCTTAGG-1,1,2937.0,988,0.99959534,0.8855909208394991,0.0,0,2.0,1,0.0,0,155.0,4,0.0,0,1,False
GAAGGTCTGAAAGT-1,0,2278.0,1082,0.11061648,1.3695766566471324,3.0,2,2.0,1,0.0,0,5.0,2,0.0,0,2,True
GAAGGTCTGTTGCA-1,0,3210.0,973,1.3678672,0.8083591544872172,3.0,1,1.0,1,0.0,0,1.0,1,0.0,0,0,False
GAAGGTCTTAAAGG-1,5,5637.0,1627,4.6418457,4.175664167446707,1.0,1,7.0,1,0.0,0,125.0,2,0.0,0,1,False
GAAGTAGACTCCCA-1,2,1871.0,795,-0.438419,-0.10812447289319466,3.0,2,2.0,1,55.0,3,0.0,0,0.0,0,2,True
GAAGTAGATCCAAG-1,4,4035.0,1408,2.480777,3.048080378703392,0.0,0,2.0,1,0.0,0,23.0,4,0.0,0,1,False
GAAGTCACCCTCGT-1,1,1853.0,771,-0.46270066,-0.2316952990568457,1.0,1,6.0,1,0.0,0,66.0,4,0.0,0,1,False
GAAGTCACCCTGTC-1,3,1975.0,647,-0.2981249,-0.8701445675690427,0.0,0,10.0,3,0.0,0,2.0,1,0.0,0,1,False
GAAGTCTGTCGCAA-1,3,1998.0,779,-0.26709834,-0.190505023668962,0.0,0,18.0,3,0.0,0,2.0,1,0.0,0,1,False
GAAGTCTGTTCTGT-1,0,2242.0,646,0.06205315,-0.8752933519925281,0.0,0,0.0,0,0.0,0,2.0,1,0.0,0,0,False
GAAGTGCTAAACGA-1,2,1804.0,815,-0.5288008,-0.005148784423485459,0.0,0,0.0,0,31.0,2,1.0,1,0.0,0,1,False
GAAGTGCTCCGCTT-1,1,3251.0,1127,1.4231756,1.6012719557039778,0.0,0,0.0,0,1.0,1,225.0,4,0.0,0,1,False
GAAGTGCTTAACCG-1,0,2586.0,881,0.5261028,0.3346709875265549,4.0,2,1.0,1,1.0,1,1.0,1,0.0,0,1,False
GAATGCACCCTAAG-1,0,3034.0,950,1.1304466,0.6899371127470516,3.0,2,4.0,1,0.0,0,2.0,2,0.0,0,2,True
GAATGCACCTTCGC-1,2,1978.0,828,-0.29407796,0.061785413081825516,5.0,2,1.0,1,120.0,2,1.0,1,0.0,0,2,True
GAATGCTGCGGTAT-1,0,2569.0,732,0.50317013,-0.4324978915727786,4.0,2,1.0,1,0.0,0,2.0,1,0.0,0,1,False
GAATGGCTAAGATG-1,0,740.0,377,-1.9641172,-2.2603163619101165,1.0,1,2.0,2,0.0,0,0.0,0,0.0,0,1,False
GAATTAACGATAAG-1,0,2135.0,782,-0.08228787,-0.17505867039850562,9.0,1,1.0,1,0.0,0,0.0,0,1.0,1,1,False
GAATTAACGGTCAT-1,0,1911.0,753,-0.38445973,-0.32437341867958397,6.0,2,0.0,0,0.0,0,2.0,2,0.0,0,2,True
GAATTAACGTCGTA-1,2,1319.0,705,-1.1830568,-0.571515071006886,0.0,0,0.0,0,29.0,3,2.0,2,0.0,0,2,True
GAATTAACTGAAGA-1,3,2480.0,975,0.38311076,0.818656723334188,0.0,0,15.0,3,0.0,0,2.0,1,0.0,0,1,False
GACAACACAGGCGA-1,0,2576.0,716,0.512613,-0.514878442348546,5.0,2,0.0,0,0.0,0,1.0,1,0.0,0,1,False
GACAACACATCGTG-1,0,2592.0,887,0.5341967,0.36556369406746764,4.0,2,2.0,1,0.0,0,1.0,1,0.0,0,1,False
GACAACACTCGCCT-1,0,2228.0,808,0.04316741,-0.041190275387883675,2.0,1,0.0,0,0.0,0,1.0,1,0.0,0,0,False
GACAACTGAGGTTC-1,0,2501.0,795,0.41143936,-0.10812447289319466,2.0,2,1.0,1,0.0,0,0.0,0,0.0,0,1,False
GACAGGGAAGAGTA-1,3,1573.0,661,-0.8404155,-0.7980615856402462,0.0,0,10.0,3,0.0,0,2.0,1,0.0,0,1,False
GACAGGGAATGCCA-1,0,2541.0,911,0.46539864,0.48913452023111864,4.0,2,1.0,1,1.0,1,2.0,2,0.0,0,2,True
GACAGTACGAGCTT-1,4,4929.0,1546,3.6867666,3.7586126291443853,0.0,0,7.0,2,1.0,1,37.0,3,0.0,0,2,True
GACAGTACTTCGGA-1,4,5193.0,1509,4.0428977,3.5681076054754235,0.0,0,4.0,1,1.0,1,41.0,3,0.0,0,1,False
GACAGTTGAGTAGA-1,3,3107.0,1021,1.2289221,1.0555008068145193,1.0,1,33.0,3,0.0,0,1.0,1,0.0,0,1,False
GACATTCTCCACCT-1,5,6191.0,1749,5.389181,4.8038158671119335,0.0,0,7.0,1,1.0,1,62.0,3,0.0,0,1,False
GACCAAACGACTAC-1,1,2041.0,774,-0.20909214,-0.2162489457863893,0.0,0,2.0,1,1.0,1,59.0,4,0.0,0,1,False
GACCAAACGTATCG-1,1,2228.0,910,0.04316741,0.4839857358076332,0.0,0,2.0,1,0.0,0,73.0,4,0.0,0,1,False
GACCATGACTCTCG-1,1,1017.0,445,-1.5904492,-1.9101990211131055,0.0,0,0.0,0,2.0,2,27.0,4,1.0,1,3,True
GACCCTACTAAAGG-1,3,1493.0,714,-0.94833404,-0.5251760111955168,0.0,0,12.0,3,1.0,1,0.0,0,0.0,0,1,False
GACCTAGACCTCAC-1,0,1177.0,529,-1.3746122,-1.4777011295403268,3.0,2,0.0,0,0.0,0,0.0,0,0.0,0,1,False
GACCTAGACGAGAG-1,0,2591.0,846,0.5328477,0.15446353270456378,3.0,1,0.0,0,0.0,0,3.0,1,0.0,0,0,False
GACCTCACAAGGTA-1,0,1822.0,628,-0.5045191,-0.9679714716152664,2.0,2,1.0,1,0.0,0,1.0,1,0.0,0,1,False
GACCTCACGTACGT-1,1,3514.0,1152,1.7779577,1.7299915662911145,0.0,0,2.0,1,0.0,0,68.0,4,0.0,0,1,False
GACCTCTGCATCAG-1,0,4014.0,1118,2.4524484,1.5549328958926087,5.0,2,2.0,1,0.0,0,2.0,1,0.0,0,1,False
GACGAACTCCCACT-1,0,2191.0,755,-0.0067449077,-0.31407584983261305,7.0,2,1.0,1,0.0,0,1.0,1,0.0,0,1,False
GACGATTGCCAATG-1,3,1183.0,570,-1.3665183,-1.266600968177423,1.0,1,3.0,2,0.0,0,1.0,1,0.0,0,1,False
GACGCCGACCTTCG-1,0,2707.0,1175,0.68932956,1.84841360803128,7.0,2,4.0,1,2.0,1,1.0,1,0.0,0,1,False
GACGCTCTCTCTCG-1,6,682.0,266,-2.0423582,-2.831831432917003,0.0,0,0.0,0,0.0,0,0.0,0,75.0,2,1,False
GACGGCACACGGGA-1,2,1800.0,915,-0.5341967,0.5097296579250605,0.0,0,0.0,0,37.0,3,3.0,2,0.0,0,2,True
GACGGCACGAGATA-1,1,3152.0,1130,1.2896264,1.6167183089744344,0.0,0,3.0,1,0.0,0,136.0,4,0.0,0,1,False
GACGTAACCTATGG-1,0,2218.0,849,0.029677594,0.16990988597502016,4.0,2,3.0,1,0.0,0,2.0,1,0.0,0,1,False
GACGTAACCTGTGA-1,0,2520.0,937,0.43707,0.6230029152417406,9.0,2,2.0,2,0.0,0,3.0,1,0.0,0,2,True
GACGTAACTATGGC-1,0,3217.0,1138,1.3773102,1.657908584362318,10.0,2,1.0,1,0.0,0,4.0,2,0.0,0,2,True
GACGTATGTTGACG-1,0,2551.0,906,0.47888845,0.4633905981136914,7.0,2,3.0,2,0.0,0,0.0,0,0.0,0,2,True
GACGTATGTTTGCT-1,0,2409.0,839,0.28733307,0.11842204174016557,4.0,1,1.0,1,0.0,0,2.0,2,0.0,0,1,False
GACGTCCTACGGAG-1,0,2223.0,803,0.036422502,-0.06693419750531097,5.0,2,57.0,1,0.0,0,1.0,1,0.0,0,1,False
GACGTCCTCTCAAG-1,1,2411.0,902,0.29003105,0.44279546041974954,0.0,0,3.0,1,1.0,1,89.0,4,1.0,1,2,True
GACGTCCTGATAAG-1,3,2255.0,787,0.07958991,-0.14931474828107832,0.0,0,7.0,3,0.0,0,4.0,3,0.0,0,2,True
GACTACGATGGTCA-1,3,1872.0,776,-0.43707,-0.2059513769394184,1.0,1,13.0,3,0.0,0,1.0,1,0.0,0,1,False
GACTCCTGCTCGCT-1,0,1861.0,714,-0.45190883,-0.5251760111955168,2.0,2,2.0,1,1.0,1,1.0,1,0.0,0,1,False
GACTCCTGGGTTAC-1,0,2647.0,867,0.6083907,0.2625880055977584,3.0,1,1.0,1,0.0,0,0.0,0,0.0,0,0,False
GACTCCTGTTATCC-1,0,1462.0,714,-0.9901525,-0.5251760111955168,1.0,1,2.0,1,0.0,0,1.0,1,0.0,0,0,False
GACTCCTGTTGGTG-1,1,2716.0,879,0.7014704,0.32437341867958397,1.0,1,1.0,1,0.0,0,231.0,4,0.0,0,1,False
GACTGAACAACCGT-1,3,663.0,332,-2.0679886,-2.4920116609669622,0.0,0,7.0,3,0.0,0,0.0,0,0.0,0,1,False
GACTGAACCAATCG-1,1,2297.0,763,0.13624713,-0.2728855744447294,1.0,1,3.0,1,0.0,0,110.0,4,0.0,0,1,False
GACTGATGTGATGC-1,0,2647.0,855,0.6083907,0.20080259251593294,2.0,2,0.0,0,1.0,1,2.0,2,0.0,0,2,True
GACTTTACATGCCA-1,0,2475.0,784,0.37636584,-0.1647611015515347,1.0,1,1.0,1,0.0,0,0.0,0,0.0,0,0,False
GACTTTACGACAGG-1,3,1349.0,552,-1.1425874,-1.3592790878001613,0.0,0,6.0,3,0.0,0,1.0,1,0.0,0,1,False
GAGAAATGTTCTCA-1,3,2055.0,633,-0.1902064,-0.9422275494978392,0.0,0,9.0,2,0.0,0,2.0,1,0.0,0,1,False
GAGATAGAAAAAGC-1,1,3323.0,1226,1.5203022,2.1110016136290386,0.0,0,2.0,1,0.0,0,60.0,4,0.0,0,1,False
GAGATCACGACAAA-1,4,3174.0,1131,1.319304,1.6218670933979198,0.0,0,2.0,1,1.0,1,28.0,2,0.0,0,1,False
GAGATGCTCTGGAT-1,2,2074.0,848,-0.16457574,0.1647611015515347,2.0,1,0.0,0,4.0,1,2.0,1,0.0,0,0,False
GAGATGCTGAATGA-1,0,1802.0,809,-0.53149873,-0.036041490964398216,9.0,2,0.0,0,0.0,0,0.0,0,0.0,0,1,False
GAGCAGGATTCCCG-1,2,1896.0,823,-0.40469447,0.036041490964398216,1.0,1,1.0,1,5.0,1,0.0,0,0.0,0,0,False
GAGCATACTTTGCT-1,4,6691.0,1750,6.063672,4.808964651535419,6.0,2,3.0,1,0.0,0,20.0,2,0.0,0,2,True
GAGCGCACGCGTAT-1,1,1774.0,710,-0.5692702,-0.5457711488894588,0.0,0,2.0,1,0.0,0,95.0,4,0.0,0,1,False
GAGCGCACGGTGAG-1,2,1054.0,482,-1.5405369,-1.7196939974441434,5.0,2,0.0,0,3.0,2,0.0,0,0.0,0,2,True
GAGCGCTGAAGATG-1,2,1630.0,782,-0.7635236,-0.17505867039850562,1.0,1,0.0,0,47.0,3,0.0,0,0.0,0,1,False
GAGCGCTGTCTTAC-1,1,1978.0,721,-0.29407796,-0.48913452023111864,0.0,0,1.0,1,0.0,0,102.0,4,0.0,0,1,False
GAGCGGCTGGGAGT-1,3,1519.0,595,-0.9132605,-1.1378813575902866,1.0,1,12.0,3,0.0,0,0.0,0,0.0,0,1,False
GAGGACGACTCAGA-1,0,1171.0,514,-1.382706,-1.5549328958926087,1.0,1,0.0,0,0.0,0,1.0,1,0.0,0,0,False
GAGGATCTGAAAGT-1,3,716.0,371,-1.9964926,-2.2912090684510296,0.0,0,0.0,0,0.0,0,0.0,0,0.0,0,0,False
GAGGCAGACTTGCC-1,2,2237.0,923,0.05530824,0.5509199333129442,7.0,2,2.0,1,29.0,2,2.0,1,0.0,0,2,True
GAGGGAACACCAGT-1,0,1676.0,746,-0.7014704,-0.36041490964398215,6.0,2,0.0,0,0.0,0,1.0,1,0.0,0,1,False
GAGGGAACGAGGGT-1,0,1827.0,840,-0.49777418,0.12357082616365103,2.0,1,1.0,1,0.0,0,0.0,0,0.0,0,0,False
GAGGGATGGGAAAT-1,0,1496.0,672,-0.94428706,-0.7414249569819061,4.0,1,0.0,0,0.0,0,1.0,1,0.0,0,0,False
GAGGGCCTTCACCC-1,0,2479.0,954,0.3817618,0.7105322504409934,7.0,2,6.0,2,0.0,0,1.0,1,0.0,0,2,True
GAGGGTGAAGAGTA-1,0,2598.0,795,0.54229057,-0.10812447289319466,3.0,2,1.0,1,1.0,1,0.0,0,0.0,0,1,False
GAGGTACTACGGTT-1,0,2041.0,719,-0.20909214,-0.49943208907808956,5.0,2,1.0,1,0.0,0,0.0,0,0.0,0,1,False
GAGGTACTACTCAG-1,1,1979.0,717,-0.292729,-0.5097296579250605,0.0,0,1.0,1,0.0,0,209.0,4,0.0,0,1,False
GAGGTACTGACACT-1,2,1922.0,857,-0.36962095,0.21110016136290385,2.0,1,1.0,1,31.0,2,0.0,0,0.0,0,1,False
GAGGTACTGGGAGT-1,0,1321.0,578,-1.1803589,-1.2254106927895394,0.0,0,1.0,1,0.0,0,1.0,1,0.0,0,0,False
GAGGTACTTAGCGT-1,1,3385.0,1062,1.603939,1.266600968177423,0.0,0,3.0,1,0.0,0,94.0,4,0.0,0,1,False
GAGGTGGAGTACGT-1,0,1514.0,593,-0.92000544,-1.1481789264372575,2.0,1,1.0,1,0.0,0,0.0,0,0.0,0,0,False
GAGGTGGATCCTCG-1,2,1988.0,997,-0.28058815,0.9319299806508682,1.0,1,3.0,1,55.0,3,0.0,0,0.0,0,1,False
GAGGTTACTCGTTT-1,1,3753.0,1264,2.1003642,2.306655421721486,3.0,1,6.0,1,0.0,0,56.0,4,0.0,0,1,False
GAGGTTTGTAAGCC-1,1,684.0,341,-2.03966,-2.4456726011555934,0.0,0,0.0,0,0.0,0,18.0,4,0.0,0,1,False
GAGTCAACCATTCT-1,0,897.0,388,-1.752327,-2.203679733251777,0.0,0,0.0,0,0.0,0,0.0,0,0.0,0,0,False
GAGTCAACGGGAGT-1,0,2625.0,751,0.57871306,-0.3346709875265549,3.0,2,2.0,2,0.0,0,0.0,0,0.0,0,2,True
GAGTCTGATCGTGA-1,0,2349.0,829,0.20639418,0.06693419750531097,6.0,2,1.0,1,0.0,0,1.0,1,0.0,0,1,False
GAGTCTGATTTGGG-1,3,1492.0,592,-0.949683,-1.153327710860743,0.0,0,11.0,2,0.0,0,0.0,0,0.0,0,1,False
GAGTGACTCAGCTA-1,0,2883.0,1185,0.9267503,1.8999014522661346,8.0,2,3.0,1,0.0,0,0.0,0,0.0,0,1,False
GAGTGACTCGGTAT-1,2,2182.0,910,-0.018885741,0.4839857358076332,4.0,2,2.0,1,15.0,1,0.0,0,0.0,0,1,False
GAGTGACTCTTGCC-1,3,1833.0,738,-0.4896803,-0.4016051850318659,0.0,0,10.0,3,0.0,0,0.0,0,0.0,0,1,False
GAGTGACTGACTAC-1,3,1253.0,473,-1.2720896,-1.7660330572555127,1.0,1,5.0,1,0.0,0,1.0,1,0.0,0,0,False
GAGTGACTGTCTAG-1,0,2146.0,816,-0.06744908,0.0,2.0,2,0.0,0,0.0,0,3.0,2,0.0,0,2,True
GAGTGGGAGTCTTT-1,3,1580.0,640,-0.8309726,-0.9061860585334409,0.0,0,10.0,3,0.0,0,1.0,1,0.0,0,1,False
GAGTGGGATGCCCT-1,0,2473.0,744,0.3736679,-0.37071247849095307,5.0,2,1.0,1,1.0,1,0.0,0,0.0,0,1,False
GAGTGGGATGCTGA-1,3,1497.0,634,-0.9429381,-0.9370787650743536,0.0,0,9.0,3,0.0,0,1.0,1,0.0,0,1,False
GAGTGTTGCTGTAG-1,0,2788.0,951,0.7985971,0.695085897170537,4.0,1,1.0,1,0.0,0,3.0,2,0.0,0,1,False
GAGTGTTGTGGTCA-1,0,2043.0,800,-0.20639418,-0.08238055077576735,0.0,0,2.0,2,0.0,0,0.0,0,0.0,0,1,False
GAGTTGTGCATGGT-1,1,692.0,325,-2.0288682,-2.5280531519313607,0.0,0,1.0,1,0.0,0,25.0,4,0.0,0,1,False
GAGTTGTGCTGAGT-1,2,2000.0,849,-0.2644004,0.16990988597502016,5.0,2,2.0,1,9.0,1,2.0,2,0.0,0,2,True
GAGTTGTGGCGAGA-1,1,1224.0,498,-1.31121,-1.637313446668376,0.0,0,0.0,0,0.0,0,51.0,4,0.0,0,1,False
GAGTTGTGGTAGCT-1,6,2405.0,849,0.28193715,0.16990988597502016,0.0,0,1.0,1,0.0,0,1.0,1,116.0,2,1,False
GAGTTGTGTATGCG-1,4,4175.0,1416,2.6696346,3.0892706540912758,0.0,0,1.0,1,0.0,0,38.0,3,0.0,0,1,False
GATAAGGAGAAACA-1,1,1138.0,486,-1.4272225,-1.6990988597502017,0.0,0,0.0,0,0.0,0,83.0,4,0.0,0,1,False
GATAAGGATTCACT-1,1,2517.0,875,0.43302307,0.30377828098564214,0.0,0,6.0,1,0.0,0,99.0,4,0.0,0,1,False
GATACTCTATCGGT-1,0,2341.0,795,0.19560233,-0.10812447289319466,3.0,2,0.0,0,0.0,0,1.0,1,0.0,0,1,False
GATACTCTTACTTC-1,0,2879.0,979,0.9213544,0.8392518610281299,4.0,2,3.0,1,0.0,0,3.0,1,0.0,0,1,False
GATACTCTTGACTG-1,1,2142.0,752,-0.072845004,-0.3295222031030694,0.0,0,3.0,1,2.0,2,120.0,4,0.0,0,2,True
GATAGAGAAGGGTG-1,2,2063.0,850,-0.17941454,0.17505867039850562,8.0,2,1.0,1,14.0,1,0.0,0,0.0,0,1,False
GATAGAGACTGTGA-1,0,3962.0,1095,2.3823013,1.4365108541524432,3.0,2,3.0,1,0.0,0,1.0,1,0.0,0,1,False
GATAGAGATCACGA-1,5,2808.0,995,0.8255767,0.9216324118038972,0.0,0,3.0,2,1.0,1,133.0,4,0.0,0,2,True
GATAGCACCCATAG-1,0,2636.0,827,0.5935519,0.05663662865834006,5.0,2,2.0,1,0.0,0,0.0,0,0.0,0,1,False
GATAGCACGAAGGC-1,1,3628.0,1157,1.9317416,1.7557354884085417,1.0,1,5.0,1,0.0,0,91.0,4,0.0,0,1,False
GATAGCACTTGTCT-1,0,2941.0,954,1.0049913,0.7105322504409934,5.0,1,1.0,1,1.0,1,1.0,1,0.0,0,0,False
GATATAACAAGGTA-1,0,3232.0,1059,1.3975449,1.2511546149069668,34.0,2,3.0,1,0.0,0,5.0,2,0.0,0,2,True
GATATAACACGCAT-1,0,2246.0,695,0.06744908,-0.6230029152417406,4.0,2,0.0,0,0.0,0,1.0,1,0.0,0,1,False
GATATATGCTGGAT-1,0,2668.0,786,0.6367193,-0.15446353270456378,4.0,2,0.0,0,0.0,0,0.0,0,0.0,0,1,False
GATATATGTCCGTC-1,2,1819.0,743,-0.508566,-0.37586126291443855,5.0,2,0.0,0,13.0,1,0.0,0,0.0,0,1,False
GATATATGTGGAGG-1,1,3773.0,1209,2.127344,2.023472278429786,4.0,2,4.0,1,0.0,0,123.0,3,0.0,0,2,True
GATATCCTAGAAGT-1,0,2301.0,892,0.14164306,0.3913076161848949,7.0,2,1.0,1,0.0,0,0.0,0,0.0,0,1,False
GATATCCTCCCGTT-1,1,1070.0,490,-1.5189532,-1.6785037220562598,0.0,0,0.0,0,0.0,0,48.0,4,0.0,0,1,False
GATATTGACAGGAG-1,2,1735.0,743,-0.6218805,-0.37586126291443855,4.0,2,1.0,1,2.0,1,1.0,1,0.0,0,1,False
GATATTGACGAGTT-1,4,4409.0,1446,2.9852962,3.2437341867958396,0.0,0,5.0,2,0.0,0,37.0,3,0.0,0,2,True
GATATTGAGCCAAT-1,0,2421.0,764,0.30352086,-0.2677367900212439,3.0,2,1.0,1,0.0,0,0.0,0,0.0,0,1,False
GATCCCTGACCTTT-1,2,2213.0,1050,0.022932686,1.2048155550955975,0.0,0,1.0,1,45.0,3,0.0,0,0.0,0,1,False
GATCCCTGTGTAGC-1,2,2322.0,851,0.16997167,0.18020745482199108,4.0,2,1.0,1,15.0,1,1.0,1,0.0,0,1,False
GATCCGCTGGTCAT-1,1,3066.0,1114,1.1736139,1.534337758198667,0.0,0,3.0,1,0.0,0,176.0,4,0.0,0,1,False
GATCGAACCGAGAG-1,0,4587.0,1425,3.2254148,3.135609713902645,5.0,2,2.0,1,4.0,1,2.0,2,0.0,0,2,True
GATCGATGACTAGC-1,3,1136.0,554,-1.4299204,-1.3489815189531904,0.0,0,5.0,3,0.0,0,1.0,1,0.0,0,1,False
GATCGATGGTAAAG-1,3,1771.0,612,-0.57331717,-1.0503520223910336,0.0,0,6.0,3,0.0,0,0.0,0,0.0,0,1,False
GATCGATGTAAGGA-1,1,2504.0,854,0.4154863,0.19565380809244745,1.0,1,2.0,1,0.0,0,203.0,4,0.0,0,1,False
GATCGTGACACTAG-1,0,2249.0,786,0.071496025,-0.15446353270456378,4.0,2,2.0,1,0.0,0,0.0,0,0.0,0,1,False
GATCGTGATTCACT-1,0,2068.0,889,-0.17266963,0.37586126291443855,1.0,1,1.0,1,0.0,0,1.0,1,0.0,0,0,False
GATCTACTGGTGAG-1,2,1967.0,782,-0.30891678,-0.17505867039850562,2.0,2,0.0,0,1.0,1,3.0,1,0.0,0,1,False
GATCTACTTTGCAG-1,3,1624.0,712,-0.7716174,-0.5354735800424878,0.0,0,9.0,3,0.0,0,0.0,0,0.0,0,1,False
GATCTTACACCCAA-1,4,3608.0,1323,1.9047619,2.610433702707128,0.0,0,1.0,1,0.0,0,28.0,4,0.0,0,1,False
GATCTTACCCTACC-1,0,2802.0,920,0.8174828,0.5354735800424878,3.0,2,1.0,1,0.0,0,3.0,2,0.0,0,2,True
GATCTTACGAATAG-1,1,1541.0,681,-0.8835829,-0.695085897170537,0.0,0,0.0,0,1.0,1,27.0,3,0.0,0,1,False
GATCTTACGAGATA-1,1,2197.0,790,0.0013489815,-0.13386839501062195,0.0,0,0.0,0,0.0,0,157.0,4,0.0,0,1,False
GATGCAACTCCAGA-1,0,2486.0,845,0.39120466,0.14931474828107832,9.0,2,3.0,1,0.0,0,0.0,0,0.0,0,1,False
GATGCCCTACGTAC-1,0,2808.0,1010,0.8255767,0.9988641781561791,1.0,1,1.0,1,0.0,0,1.0,1,0.0,0,0,False
GATGCCCTCTCATT-1,0,2402.0,838,0.2778902,0.11327325731668011,3.0,2,2.0,2,0.0,0,1.0,1,0.0,0,2,True
GATGCCCTGGCAAG-1,1,2299.0,806,0.1389451,-0.0514878442348546,0.0,0,0.0,0,0.0,0,132.0,4,0.0,0,1,False
GATGCCCTTTTGCT-1,0,1522.0,584,-0.90921354,-1.1945179862486266,1.0,1,0.0,0,0.0,0,1.0,1,0.0,0,0,False
GATTACCTTGTTCT-1,0,2468.0,878,0.36692297,0.3192246342560985,5.0,2,2.0,1,0.0,0,2.0,2,0.0,0,2,True
GATTCGGAACGACT-1,0,2623.0,779,0.5760151,-0.190505023668962,8.0,2,2.0,1,0.0,0,3.0,2,0.0,0,2,True
GATTCGGACAGGAG-1,1,2871.0,1008,0.9105625,0.9885666093092083,0.0,0,2.0,1,0.0,0,75.0,4,0.0,0,1,False
GATTCGGAGAAGGC-1,4,3633.0,1181,1.9384865,1.8793063145721927,0.0,0,2.0,2,0.0,0,38.0,4,0.0,0,2,True
GATTCTTGATTCGG-1,1,3001.0,1149,1.0859301,1.714545213020658,0.0,0,2.0,1,0.0,0,123.0,4,0.0,0,1,False
GATTCTTGCCGATA-1,0,2258.0,808,0.08363686,-0.041190275387883675,9.0,2,1.0,1,1.0,1,0.0,0,0.0,0,1,False
GATTCTTGCGAGTT-1,3,1547.0,604,-0.875489,-1.0915422977789175,0.0,0,10.0,3,0.0,0,2.0,2,0.0,0,2,True
GATTGGACCCGTTC-1,3,3465.0,1155,1.7118576,1.7454379195615708,2.0,1,11.0,3,0.0,0,1.0,1,0.0,0,1,False
GATTGGACGGTGTT-1,3,1759.0,714,-0.58950496,-0.5251760111955168,0.0,0,9.0,3,0.0,0,0.0,0,0.0,0,1,False
GATTGGACTTTCGT-1,3,1632.0,640,-0.7608256,-0.9061860585334409,0.0,0,12.0,3,0.0,0,0.0,0,0.0,0,1,False
GATTGGTGTGTCAG-1,0,3235.0,1087,1.4015918,1.3953205787645595,11.0,2,0.0,0,0.0,0,2.0,2,0.0,0,2,True
GATTTAGACACTCC-1,4,4119.0,1290,2.5940914,2.440523816732108,1.0,1,3.0,1,0.0,0,33.0,3,0.0,0,1,False
GATTTAGACTAAGC-1,3,2964.0,1193,1.0360178,1.9410917276540183,0.0,0,27.0,3,0.0,0,1.0,1,0.0,0,1,False
GATTTAGATTCGTT-1,1,662.0,323,-2.0693376,-2.5383507207783316,0.0,0,1.0,1,0.0,0,20.0,4,0.0,0,1,False
GATTTGCTAACGAA-1,0,2322.0,804,0.16997167,-0.061785413081825516,2.0,2,2.0,1,0.0,0,1.0,1,0.0,0,1,False
GATTTGCTAACGGG-1,1,691.0,370,-2.0302172,-2.296357852874515,0.0,0,1.0,1,0.0,0,24.0,4,0.0,0,1,False
GCAACCCTCCTCGT-1,1,744.0,359,-1.9587212,-2.352994481532855,0.0,0,1.0,1,0.0,0,35.0,4,0.0,0,1,False
GCAACTGATTGCGA-1,0,2803.0,853,0.8188318,0.190505023668962,5.0,2,0.0,0,1.0,1,2.0,1,0.0,0,1,False
GCAAGACTACTGGT-1,0,2894.0,1165,0.9415891,1.7969257637964253,7.0,2,3.0,1,0.0,0,1.0,1,0.0,0,1,False
GCAAGACTAGGTCT-1,0,2191.0,836,-0.0067449077,0.1029756884697092,7.0,2,1.0,1,0.0,0,1.0,1,0.0,0,1,False
GCAAGACTCCCTTG-1,0,2701.0,923,0.6812357,0.5509199333129442,5.0,2,0.0,0,0.0,0,1.0,1,0.0,0,1,False
GCAATCGACTGCAA-1,2,2344.0,861,0.19964927,0.2316952990568457,6.0,2,1.0,1,4.0,2,0.0,0,0.0,0,2,True
GCAATCGAGACGTT-1,1,3898.0,1283,2.2959666,2.4044823257677095,1.0,1,4.0,1,0.0,0,74.0,4,0.0,0,1,False
GCAATCGATCCTTA-1,1,3053.0,1010,1.1560771,0.9988641781561791,0.0,0,2.0,1,0.0,0,48.0,4,0.0,0,1,False
GCAATTCTCGTGTA-1,0,2592.0,889,0.5341967,0.37586126291443855,2.0,1,1.0,1,0.0,0,3.0,1,0.0,0,0,False
GCAATTCTTCTCCG-1,0,3261.0,983,1.4366653,0.8598469987220717,5.0,2,2.0,1,0.0,0,4.0,2,0.0,0,2,True
GCACAAACAATGCC-1,0,1238.0,510,-1.2923243,-1.5755280335865507,1.0,1,1.0,1,5.0,1,0.0,0,0.0,0,0,False
GCACAAACGGTACT-1,0,2829.0,939,0.8539053,0.6333004840887115,3.0,2,3.0,1,2.0,1,1.0,1,0.0,0,1,False
GCACAATGGTGCAT-1,5,2610.0,881,0.55847836,0.3346709875265549,1.0,1,4.0,2,2.0,1,68.0,4,0.0,0,2,True
GCACACCTGTGCTA-1,2,1374.0,695,-1.1088629,-0.6230029152417406,0.0,0,1.0,1,22.0,3,0.0,0,0.0,0,1,False
GCACCACTCATGAC-1,1,3641.0,1208,1.9492784,2.0183234940063,1.0,1,4.0,1,1.0,1,125.0,4,0.0,0,1,False
GCACCACTGTTTGG-1,1,776.0,362,-1.9155538,-2.3375481282623984,0.0,0,1.0,1,0.0,0,47.0,4,0.0,0,1,False
GCACCACTTCCTTA-1,2,1945.0,969,-0.33859438,0.7877640167932753,1.0,1,0.0,0,40.0,3,2.0,1,0.0,0,1,False
GCACCACTTTCGGA-1,1,3246.0,1135,1.4164306,1.6424622310918615,0.0,0,6.0,1,0.0,0,262.0,4,0.0,0,1,False
GCACCTACGCGATT-1,0,4271.0,1236,2.7991366,2.162489457863893,6.0,2,2.0,2,0.0,0,1.0,1,0.0,0,2,True
GCACCTTGGCTGTA-1,0,1753.0,580,-0.59759885,-1.2151131239425685,1.0,1,1.0,1,1.0,1,1.0,1,0.0,0,0,False
GCACCTTGGGGAGT-1,1,3739.0,1102,2.0814786,1.4725523451168414,0.0,0,1.0,1,1.0,1,63.0,4,0.0,0,1,False
GCACGGACCAGCTA-1,0,3169.0,972,1.312559,0.8032103700637317,6.0,2,1.0,1,0.0,0,2.0,2,0.0,0,2,True
GCACGGTGACCTCC-1,0,2261.0,824,0.0876838,0.041190275387883675,6.0,2,1.0,1,0.0,0,1.0,1,0.0,0,1,False
GCACGGTGCTATGG-1,1,3103.0,1168,1.2235262,1.8123721170668818,0.0,0,4.0,1,0.0,0,129.0,4,0.0,0,1,False
GCACTAGAACGGGA-1,0,2491.0,919,0.39794955,0.5303247956190024,1.0,1,0.0,0,0.0,0,2.0,2,0.0,0,1,False
GCACTAGAAGATGA-1,3,1545.0,637,-0.878187,-0.9216324118038972,0.0,0,8.0,3,0.0,0,0.0,0,0.0,0,1,False
GCACTAGACCTTTA-1,4,3626.0,1176,1.9290437,1.8535623924547655,0.0,0,5.0,1,0.0,0,23.0,3,0.0,0,1,False
GCACTAGACGTAAC-1,3,743.0,376,-1.9600701,-2.2654651463336024,0.0,0,5.0,2,1.0,1,0.0,0,0.0,0,1,False
GCACTAGAGTCGTA-1,2,2419.0,977,0.30082288,0.828954292181159,3.0,1,3.0,1,96.0,2,1.0,1,0.0,0,1,False
GCACTAGATGCAAC-1,0,2664.0,913,0.63132334,0.49943208907808956,6.0,2,0.0,0,0.0,0,1.0,1,0.0,0,1,False
GCACTGCTGAGGCA-1,2,3471.0,1120,1.7199515,1.5652304647395796,7.0,2,3.0,2,2.0,2,1.0,1,0.0,0,3,True
GCAGATACAGCGTT-1,2,2092.0,791,-0.14029408,-0.1287196105871365,3.0,2,1.0,1,10.0,1,3.0,2,0.0,0,2,True
GCAGATACGACGGA-1,0,1670.0,619,-0.70956427,-1.0143105314266356,4.0,2,1.0,1,0.0,0,0.0,0,0.0,0,1,False
GCAGATACGCAGAG-1,0,2140.0,750,-0.075542964,-0.3398197719500403,2.0,2,1.0,1,0.0,0,0.0,0,0.0,0,1,False
GCAGCCGACAGTCA-1,0,3034.0,910,1.1304466,0.4839857358076332,3.0,1,1.0,1,1.0,1,0.0,0,0.0,0,0,False
GCAGCGTGCACTCC-1,0,2298.0,775,0.13759612,-0.21110016136290385,7.0,2,1.0,1,0.0,0,1.0,1,0.0,0,1,False
GCAGCTCTCAATCG-1,0,1858.0,659,-0.45595577,-0.8083591544872172,5.0,2,2.0,1,0.0,0,2.0,1,0.0,0,1,False
GCAGCTCTGTTTCT-1,0,1684.0,762,-0.69067854,-0.2780343588682148,6.0,2,1.0,1,0.0,0,1.0,1,0.0,0,1,False
GCAGGGCTAAGAAC-1,0,2968.0,767,1.0414138,-0.2522904367507875,2.0,1,3.0,1,0.0,0,1.0,1,0.0,0,0,False
GCAGGGCTAAGGGC-1,0,1464.0,673,-0.9874545,-0.7362761725584207,3.0,1,3.0,1,0.0,0,1.0,1,0.0,0,0,False
GCAGGGCTATCGAC-1,2,1980.0,943,-0.29138002,0.6538956217826534,1.0,1,1.0,1,57.0,2,2.0,1,0.0,0,1,False
GCAGGGCTTGGGAG-1,2,2194.0,939,-0.002697963,0.6333004840887115,1.0,1,0.0,0,3.0,2,0.0,0,0.0,0,1,False
GCAGTCCTAACTGC-1,0,2107.0,761,-0.120059356,-0.2831831432917003,7.0,2,3.0,1,0.0,0,0.0,0,1.0,1,2,True
GCAGTCCTCTCTTA-1,0,1830.0,725,-0.49372724,-0.4685393825371768,1.0,1,0.0,0,0.0,0,1.0,1,0.0,0,0,False
GCATCAGATGCGTA-1,2,2047.0,767,-0.20099825,-0.2522904367507875,2.0,2,0.0,0,1.0,1,0.0,0,0.0,0,1,False
GCATGTGACAAGCT-1,0,2949.0,871,1.0157831,0.2831831432917003,3.0,2,2.0,1,0.0,0,2.0,2,0.0,0,2,True
GCATTGGAGAAGGC-1,0,3069.0,1043,1.177661,1.1687740641311992,7.0,2,1.0,1,1.0,1,0.0,0,0.0,0,1,False
GCCAAAACGAGGCA-1,2,2087.0,850,-0.14703898,0.17505867039850562,5.0,2,0.0,0,4.0,1,1.0,1,0.0,0,1,False
GCCAAATGATCGAC-1,0,2886.0,994,0.9307973,0.9164836273804118,2.0,1,1.0,1,0.0,0,5.0,4,0.0,0,1,False
GCCAACCTACGGTT-1,0,2141.0,680,-0.074193984,-0.7002346815940225,1.0,1,1.0,1,0.0,0,0.0,0,0.0,0,0,False
GCCAACCTCGCCTT-1,0,1770.0,595,-0.57466614,-1.1378813575902866,1.0,1,2.0,1,0.0,0,0.0,0,0.0,0,0,False
GCCACGGAGGCGAA-1,1,1999.0,699,-0.26574937,-0.6024077775477987,0.0,0,3.0,1,0.0,0,67.0,4,0.0,0,1,False
GCCACGGATACTGG-1,0,2407.0,749,0.2846351,-0.3449685563735258,1.0,1,1.0,1,0.0,0,2.0,2,0.0,0,1,False
GCCACTACCTACTT-1,3,1736.0,681,-0.6205315,-0.695085897170537,0.0,0,12.0,3,0.0,0,3.0,2,0.0,0,2,True
GCCACTACGTCTTT-1,0,2096.0,735,-0.13489816,-0.4170515383023222,4.0,2,2.0,1,0.0,0,1.0,1,0.0,0,1,False
GCCCAACTACCGAT-1,0,2575.0,887,0.511264,0.36556369406746764,13.0,2,3.0,2,1.0,1,0.0,0,0.0,0,2,True
GCCCAACTATGGTC-1,2,1831.0,683,-0.49237826,-0.6847883283235662,6.0,2,1.0,1,17.0,1,0.0,0,0.0,0,1,False
GCCCATACAGCGTT-1,0,1957.0,778,-0.3224066,-0.19565380809244745,3.0,2,0.0,0,4.0,1,1.0,1,0.0,0,1,False
GCCGACGAACTCTT-1,1,2980.0,984,1.0576016,0.8649957831455573,0.0,0,7.0,1,1.0,1,62.0,4,0.0,0,1,False
GCCGAGTGCGTTGA-1,2,3190.0,988,1.3408877,0.8855909208394991,4.0,2,1.0,1,0.0,0,1.0,1,0.0,0,1,False
GCCGGAACGAACTC-1,2,2325.0,830,0.17401862,0.07208298192879643,6.0,2,1.0,1,21.0,1,0.0,0,0.0,0,1,False
GCCGGAACGTTCTT-1,2,1581.0,809,-0.82962364,-0.036041490964398216,3.0,1,0.0,0,46.0,3,1.0,1,0.0,0,1,False
GCCGGAACTGCACA-1,2,1591.0,685,-0.81613386,-0.6744907594765952,2.0,1,0.0,0,18.0,2,0.0,0,0.0,0,1,False
GCCGGAACTTACTC-1,0,2019.0,782,-0.23876974,-0.17505867039850562,1.0,1,0.0,0,1.0,1,0.0,0,0.0,0,0,False
GCCGTACTACCTGA-1,0,2258.0,642,0.08363686,-0.89588848968647,3.0,2,1.0,1,0.0,0,2.0,2,0.0,0,2,True
GCCGTACTGGCAAG-1,1,1696.0,740,-0.67449075,-0.3913076161848949,0.0,0,5.0,1,0.0,0,109.0,4,0.0,0,1,False
GCCTACACAGTTCG-1,2,2056.0,959,-0.18885742,0.7362761725584207,2.0,1,3.0,1,74.0,2,0.0,0,0.0,0,1,False
GCCTACACCACTGA-1,4,2617.0,906,0.5679212,0.4633905981136914,0.0,0,5.0,1,1.0,1,20.0,4,1.0,1,2,True
GCCTACACCTTGAG-1,0,2816.0,828,0.83636856,0.061785413081825516,6.0,2,2.0,1,0.0,0,0.0,0,0.0,0,1,False
GCCTAGCTACGGAG-1,3,1727.0,618,-0.63267237,-1.019459315850121,0.0,0,3.0,2,0.0,0,0.0,0,0.0,0,1,False
GCCTAGCTCTATTC-1,0,2418.0,821,0.2994739,0.0257439221174273,7.0,2,2.0,1,1.0,1,1.0,1,0.0,0,1,False
GCCTAGCTTCTCAT-1,0,2154.0,716,-0.056657225,-0.514878442348546,3.0,2,3.0,1,0.0,0,0.0,0,0.0,0,1,False
GCCTAGCTTCTCTA-1,4,3409.0,1208,1.6363146,2.0183234940063,0.0,0,3.0,1,0.0,0,25.0,3,0.0,0,1,False
GCCTCAACCATGGT-1,0,2602.0,800,0.5476865,-0.08238055077576735,6.0,2,2.0,1,0.0,0,2.0,2,0.0,0,2,True
GCCTCAACTCTTTG-1,7,5981.0,1954,5.105895,5.859316673926453,4.0,2,1.0,1,8.0,1,3.0,2,0.0,0,2,True
GCCTCATGTCTTAC-1,2,2173.0,749,-0.031026576,-0.3449685563735258,4.0,2,0.0,0,1.0,1,0.0,0,0.0,0,1,False
GCCTGACTCTCAAG-1,1,2001.0,754,-0.2630514,-0.3192246342560985,0.0,0,1.0,1,0.0,0,107.0,4,0.0,0,1,False
GCGAAGGAACTCTT-1,0,1247.0,570,-1.2801834,-1.266600968177423,0.0,0,1.0,1,1.0,1,0.0,0,0.0,0,0,False
GCGAAGGAGAGCTT-1,7,10275.0,2703,10.898422,9.715756207117062,6.0,2,2.0,1,11.0,1,5.0,2,0.0,0,2,True
GCGAAGGATGCCAA-1,0,2464.0,827,0.36152706,0.05663662865834006,6.0,2,0.0,0,0.0,0,0.0,0,0.0,0,1,False
GCGAGAGAGGGACA-1,0,1881.0,719,-0.42492917,-0.49943208907808956,1.0,1,3.0,1,0.0,0,0.0,0,0.0,0,0,False
GCGAGCACTGTCGA-1,3,611.0,334,-2.1381357,-2.4817140921199914,0.0,0,0.0,0,0.0,0,0.0,0,0.0,0,0,False
GCGAGCACTTGACG-1,0,2281.0,800,0.11466343,-0.08238055077576735,2.0,1,1.0,1,0.0,0,1.0,1,0.0,0,0,False
GCGAGCACTTGCTT-1,1,3144.0,1001,1.2788345,0.95252511834481,0.0,0,5.0,1,0.0,0,33.0,4,0.0,0,1,False
GCGATATGGTACGT-1,0,2070.0,885,-0.16997167,0.3552661252204967,4.0,1,2.0,1,0.0,0,3.0,1,0.0,0,0,False
GCGATATGGTGTTG-1,0,1762.0,631,-0.585458,-0.95252511834481,0.0,0,6.0,1,0.0,0,2.0,1,0.0,0,0,False
GCGCACGAAGTCGT-1,0,2262.0,755,0.089032784,-0.31407584983261305,5.0,2,1.0,1,0.0,0,1.0,1,0.0,0,1,False
GCGCACGACTTTAC-1,1,1686.0,628,-0.6879806,-0.9679714716152664,0.0,0,4.0,2,0.0,0,102.0,4,0.0,0,2,True
GCGCATCTAGGTCT-1,0,1395.0,550,-1.0805342,-1.3695766566471324,1.0,1,1.0,1,0.0,0,2.0,2,0.0,0,1,False
GCGCATCTGGTTAC-1,6,2513.0,979,0.42762715,0.8392518610281299,0.0,0,1.0,1,1.0,1,3.0,3,52.0,2,2,True
GCGCATCTTCGATG-1,0,2295.0,765,0.13354917,-0.2625880055977584,4.0,2,3.0,1,1.0,1,2.0,2,0.0,0,2,True
GCGCATCTTGCTCC-1,2,1995.0,835,-0.27114528,0.09782690404622373,0.0,0,1.0,1,39.0,3,2.0,2,0.0,0,2,True
GCGCATCTTTCTAC-1,0,2507.0,776,0.41953325,-0.2059513769394184,5.0,2,1.0,1,0.0,0,2.0,2,0.0,0,2,True
GCGCGAACGTTCTT-1,3,1659.0,637,-0.7244031,-0.9216324118038972,0.0,0,10.0,3,0.0,0,1.0,1,0.0,0,1,False
GCGCGATGAACGGG-1,0,2632.0,857,0.5881559,0.21110016136290385,5.0,2,0.0,0,0.0,0,1.0,1,0.0,0,1,False
GCGCGATGGTGCAT-1,2,3225.0,1410,1.388102,3.058377947550363,0.0,0,2.0,1,44.0,2,1.0,1,0.0,0,1,False
GCGGAGCTCCTGAA-1,0,1951.0,746,-0.33050048,-0.36041490964398215,3.0,2,2.0,1,0.0,0,1.0,1,0.0,0,1,False
GCGGCAACCCGATA-1,0,2371.0,778,0.23607177,-0.19565380809244745,3.0,1,2.0,1,0.0,0,3.0,2,0.0,0,1,False
GCGGCAACGGAGGT-1,3,1319.0,539,-1.1830568,-1.4262132853054723,0.0,0,8.0,3,0.0,0,0.0,0,0.0,0,1,False
GCGGCAACTGTCGA-1,1,699.0,365,-2.0194254,-2.322101774991942,0.0,0,2.0,1,0.0,0,35.0,4,0.0,0,1,False
GCGTAAACACGGTT-1,5,5924.0,1625,5.029003,4.165366598599737,2.0,2,4.0,1,2.0,2,120.0,2,0.0,0,3,True
GCGTAATGCACCAA-1,4,3965.0,1375,2.3863482,2.8781704927283718,0.0,0,4.0,1,1.0,1,36.0,3,0.0,0,1,False
GCGTATGAACACCA-1,0,2130.0,687,-0.089032784,-0.6641931906296242,1.0,1,1.0,1,0.0,0,0.0,0,0.0,0,0,False
GCGTATGATGAGAA-1,1,2731.0,1000,0.72170514,0.9473763339213246,0.0,0,1.0,1,1.0,1,98.0,4,0.0,0,1,False
GCTACAGAAAGGTA-1,0,2450.0,805,0.34264132,-0.05663662865834006,3.0,1,0.0,0,0.0,0,0.0,0,0.0,0,0,False
GCTACAGAATCTTC-1,3,648.0,337,-2.0882235,-2.466267738849535,1.0,1,2.0,2,0.0,0,0.0,0,0.0,0,1,False
GCTACAGATCTTAC-1,0,2112.0,734,-0.11331445,-0.4222003227258077,0.0,0,1.0,1,0.0,0,0.0,0,0.0,0,0,False
GCTACCTGAGAAGT-1,1,3293.0,1101,1.4798328,1.467403560693356,0.0,0,3.0,1,0.0,0,246.0,4,0.0,0,1,False
GCTACCTGATCACG-1,0,2168.0,796,-0.037771482,-0.1029756884697092,4.0,2,0.0,0,0.0,0,2.0,1,0.0,0,1,False
GCTACGCTAGAATG-1,0,2978.0,964,1.0549035,0.762020094675848,7.0,2,3.0,1,0.0,0,2.0,2,0.0,0,2,True
GCTACGCTAGCTAC-1,0,2110.0,782,-0.11601241,-0.17505867039850562,8.0,2,0.0,0,0.0,0,1.0,1,0.0,0,1,False
GCTACGCTCCCTAC-1,0,2757.0,1016,0.75677866,1.029756884697092,6.0,2,3.0,2,0.0,0,1.0,1,0.0,0,2,True
GCTAGAACAGAGGC-1,3,1512.0,641,-0.9227034,-0.9010372741099554,0.0,0,10.0,3,0.0,0,0.0,0,0.0,0,1,False
GCTAGAACGGATCT-1,0,2698.0,965,0.67718875,0.7671688790993335,2.0,2,3.0,1,0.0,0,1.0,1,0.0,0,1,False
GCTAGAACTCCCGT-1,0,1102.0,434,-1.4757859,-1.9668356497714456,1.0,1,1.0,1,1.0,1,1.0,1,0.0,0,0,False
GCTAGATGAGCTCA-1,1,2305.0,826,0.14703898,0.0514878442348546,0.0,0,1.0,1,0.0,0,69.0,4,0.0,0,1,False
GCTAGATGGCGATT-1,2,2014.0,777,-0.24551465,-0.20080259251593294,3.0,2,0.0,0,5.0,1,1.0,1,0.0,0,1,False
GCTATACTAAGGCG-1,0,3086.0,998,1.2005936,0.9370787650743536,4.0,2,0.0,0,0.0,0,1.0,1,0.0,0,1,False
GCTATACTAGCGTT-1,2,1509.0,601,-0.9267503,-1.1069886510493738,0.0,0,0.0,0,8.0,1,0.0,0,0.0,0,0,False
GCTATACTCTCTTA-1,0,2779.0,795,0.7864562,-0.10812447289319466,4.0,2,1.0,1,0.0,0,0.0,0,0.0,0,1,False
GCTATACTGGACGA-1,0,2823.0,944,0.8458114,0.6590444062061388,6.0,2,2.0,1,1.0,1,0.0,0,0.0,0,1,False
GCTCAAGAACCATG-1,4,5552.0,1674,4.527182,4.4176570353505245,0.0,0,17.0,2,0.0,0,37.0,4,0.0,0,2,True
GCTCAAGAAGTCAC-1,1,3219.0,1123,1.3800081,1.5806768180100361,0.0,0,3.0,1,1.0,1,55.0,4,0.0,0,1,False
GCTCAGCTGTCTAG-1,0,1682.0,595,-0.69337654,-1.1378813575902866,1.0,1,0.0,0,0.0,0,1.0,1,0.0,0,0,False
GCTCCATGAGAAGT-1,2,2129.0,994,-0.090381764,0.9164836273804118,2.0,1,0.0,0,22.0,1,1.0,1,0.0,0,0,False
GCTCCATGCCGAAT-1,0,1953.0,719,-0.3278025,-0.49943208907808956,7.0,2,0.0,0,0.0,0,2.0,2,0.0,0,2,True
GCTCGACTCTAGTG-1,1,1417.0,587,-1.0508566,-1.1790716329781703,0.0,0,1.0,1,0.0,0,105.0,4,0.0,0,1,False
GCTGATGAGGTATC-1,1,1907.0,758,-0.38985565,-0.29862949656215665,0.0,0,0.0,0,0.0,0,51.0,4,0.0,0,1,False
GCTTAACTACAGTC-1,1,916.0,452,-1.7266964,-1.8741575301487072,1.0,1,0.0,0,0.0,0,32.0,4,0.0,0,1,False
GCTTAACTACTGGT-1,2,1796.0,778,-0.5395926,-0.19565380809244745,3.0,2,0.0,0,16.0,1,2.0,1,0.0,0,1,False
GCTTAACTGCTGAT-1,0,2605.0,836,0.55173343,0.1029756884697092,7.0,2,1.0,1,0.0,0,0.0,0,0.0,0,1,False
GCTTAACTTAGACC-1,1,1124.0,515,-1.4461082,-1.5497841114691233,0.0,0,2.0,1,0.0,0,39.0,4,0.0,0,1,False
GCTTAACTTCAGTG-1,0,2709.0,844,0.6920275,0.14416596385759287,6.0,2,0.0,0,1.0,1,2.0,2,0.0,0,2,True
GGAACACTCACTTT-1,1,778.0,392,-1.9128559,-2.183084595557835,0.0,0,1.0,1,0.0,0,20.0,3,0.0,0,1,False
GGAACACTTCAGAC-1,6,623.0,278,-2.121948,-2.7700460198351773,1.0,1,0.0,0,0.0,0,0.0,0,36.0,2,1,False
GGAACTACTACTTC-1,0,1803.0,707,-0.53014976,-0.5612175021599151,2.0,2,1.0,1,0.0,0,0.0,0,0.0,0,1,False
GGAACTTGAAGGTA-1,1,3452.0,1158,1.6943208,1.760884272832027,1.0,1,0.0,0,0.0,0,189.0,4,0.0,0,1,False
GGAACTTGAGAATG-1,0,2301.0,794,0.14164306,-0.11327325731668011,1.0,1,2.0,1,2.0,2,1.0,1,0.0,0,1,False
GGAACTTGCTCCAC-1,1,2403.0,892,0.27923918,0.3913076161848949,0.0,0,0.0,0,0.0,0,90.0,4,0.0,0,1,False
GGAACTTGGGTAGG-1,3,1740.0,585,-0.6151356,-1.1893692018251412,0.0,0,4.0,2,0.0,0,0.0,0,0.0,0,1,False
GGAAGGACATCGGT-1,1,1386.0,558,-1.0926751,-1.3283863812592485,0.0,0,0.0,0,0.0,0,53.0,4,0.0,0,1,False
GGAAGGACCACTAG-1,0,2052.0,857,-0.19425334,0.21110016136290385,4.0,2,1.0,1,0.0,0,1.0,1,0.0,0,1,False
GGAAGGACGAGGGT-1,0,2879.0,877,0.9213544,0.31407584983261305,6.0,2,0.0,0,0.0,0,2.0,2,0.0,0,2,True
GGAAGGACGCGAAG-1,0,2168.0,857,-0.037771482,0.21110016136290385,6.0,1,3.0,1,1.0,1,3.0,2,0.0,0,1,False
GGAAGGTGGCGAGA-1,2,1630.0,839,-0.7635236,0.11842204174016557,0.0,0,2.0,1,21.0,2,0.0,0,0.0,0,1,False
GGAATCTGAAGGGC-1,0,1733.0,642,-0.6245785,-0.89588848968647,2.0,2,2.0,1,1.0,1,0.0,0,0.0,0,1,False
GGAATCTGAGGAGC-1,0,3498.0,1305,1.756374,2.51775558308439,8.0,2,5.0,1,0.0,0,2.0,2,0.0,0,2,True
GGAATCTGCTTAGG-1,3,1512.0,594,-0.9227034,-1.143030142013772,0.0,0,6.0,3,0.0,0,0.0,0,0.0,0,1,False
GGAATCTGCTTGTT-1,1,3348.0,1179,1.5540267,1.8690087457252218,0.0,0,2.0,2,1.0,1,199.0,4,1.0,1,3,True
GGAATCTGGGAGGT-1,0,2667.0,908,0.6353703,0.4736881669606623,5.0,2,1.0,1,0.0,0,3.0,1,0.0,0,1,False
GGAATGCTTTCTAC-1,0,2252.0,708,0.075542964,-0.5560687177364296,5.0,2,0.0,0,1.0,1,1.0,1,0.0,0,1,False
GGACAGGAAAGGGC-1,2,2172.0,817,-0.032375555,0.005148784423485459,1.0,1,1.0,1,8.0,2,0.0,0,0.0,0,1,False
GGACAGGAGTGCTA-1,3,2024.0,814,-0.23202482,-0.010297568846970919,0.0,0,16.0,3,0.0,0,0.0,0,0.0,0,1,False
GGACAGGATCTCGC-1,0,2190.0,840,-0.008093889,0.12357082616365103,6.0,1,3.0,1,0.0,0,2.0,1,0.0,0,0,False
GGACCCGAAGCTAC-1,1,3320.0,1194,1.5162553,1.9462405120775037,0.0,0,0.0,0,0.0,0,125.0,4,0.0,0,1,False
GGACCGTGCTTACT-1,1,1554.0,639,-0.86604613,-0.9113348429569263,0.0,0,1.0,1,1.0,1,63.0,4,0.0,0,1,False
GGACCGTGGGAACG-1,5,4455.0,1425,3.0473492,3.135609713902645,0.0,0,2.0,1,0.0,0,134.0,4,0.0,0,1,False
GGACCGTGTAACGC-1,0,2912.0,945,0.9658708,0.6641931906296242,1.0,1,1.0,1,0.0,0,2.0,1,0.0,0,0,False
GGACCTCTGTAAGA-1,1,2396.0,897,0.2697963,0.4170515383023222,0.0,0,1.0,1,0.0,0,81.0,4,0.0,0,1,False
GGACCTCTTTTCTG-1,2,2023.0,851,-0.2333738,0.18020745482199108,7.0,2,0.0,0,23.0,1,1.0,1,1.0,1,2,True
GGACGAGAGTGTCA-1,1,930.0,460,-1.7078106,-1.8329672547608236,0.0,0,1.0,1,1.0,1,57.0,4,1.0,1,2,True
GGACGCTGACGCAT-1,2,3046.0,1096,1.1466343,1.4416596385759286,3.0,2,1.0,1,5.0,1,0.0,0,0.0,0,1,False
GGACGCTGCTAGCA-1,0,3128.0,823,1.2572508,0.036041490964398216,3.0,2,1.0,1,0.0,0,5.0,2,0.0,0,2,True
GGACGCTGTCCTCG-1,2,1529.0,780,-0.8997707,-0.18535623924547653,0.0,0,0.0,0,38.0,3,1.0,1,0.0,0,1,False
GGAGAGACGTGAGG-1,0,2676.0,931,0.6475111,0.5921102087008279,1.0,1,10.0,3,0.0,0,1.0,1,0.0,0,1,False
GGAGCAGATTCAGG-1,3,1323.0,541,-1.177661,-1.4159157164585014,0.0,0,3.0,1,0.0,0,2.0,1,0.0,0,0,False
GGAGCCACCTTCTA-1,3,3349.0,1135,1.5553757,1.6424622310918615,0.0,0,17.0,3,0.0,0,0.0,0,0.0,0,1,False
GGAGCGCTACGCAT-1,1,3764.0,1223,2.1152031,2.095555260358582,0.0,0,2.0,1,1.0,1,70.0,4,0.0,0,1,False
GGAGCGCTCCGAAT-1,0,3243.0,994,1.4123837,0.9164836273804118,6.0,2,2.0,1,0.0,0,2.0,2,0.0,0,2,True
GGAGGATGCCACCT-1,0,1585.0,572,-0.82422775,-1.2563033993304522,5.0,2,1.0,1,0.0,0,1.0,1,0.0,0,1,False
GGAGGATGGTTGAC-1,1,1790.0,778,-0.5476865,-0.19565380809244745,1.0,1,3.0,2,0.0,0,73.0,4,0.0,0,2,True
GGAGGATGTCAGTG-1,1,2009.0,765,-0.25225955,-0.2625880055977584,0.0,0,2.0,1,0.0,0,106.0,4,0.0,0,1,False
GGAGGCCTCGTTGA-1,2,1941.0,906,-0.3439903,0.4633905981136914,0.0,0,1.0,1,31.0,1,0.0,0,0.0,0,0,False
GGAGGCCTTTCTTG-1,0,2407.0,792,0.2846351,-0.12357082616365103,6.0,2,3.0,1,0.0,0,0.0,0,0.0,0,1,False
GGAGGTGATACGCA-1,0,2326.0,753,0.1753676,-0.32437341867958397,4.0,2,0.0,0,0.0,0,0.0,0,0.0,0,1,False
GGAGGTGATCGCTC-1,0,1811.0,770,-0.5193579,-0.23684408348033115,26.0,2,3.0,1,0.0,0,0.0,0,0.0,0,1,False
GGATACTGCAGCTA-1,0,2650.0,852,0.6124376,0.18535623924547653,2.0,2,1.0,1,0.0,0,2.0,1,0.0,0,1,False
GGATACTGTCTAGG-1,0,2713.0,934,0.69742346,0.6075565619712843,7.0,2,2.0,2,0.0,0,1.0,1,0.0,0,2,True
GGATAGCTCGTCTC-1,0,3052.0,1046,1.1547282,1.1842204174016557,8.0,2,2.0,1,0.0,0,3.0,2,0.0,0,2,True
GGATAGCTCTGAAC-1,2,2051.0,817,-0.19560233,0.005148784423485459,4.0,2,3.0,1,12.0,2,0.0,0,0.0,0,2,True
GGATGTACCAAAGA-1,3,1886.0,644,-0.41818428,-0.8855909208394991,0.0,0,4.0,2,1.0,1,1.0,1,0.0,0,1,False
GGATGTACGCGAAG-1,0,1594.0,618,-0.8120869,-1.019459315850121,2.0,2,0.0,0,0.0,0,1.0,1,0.0,0,1,False
GGATGTACGTCTTT-1,1,562.0,314,-2.2042358,-2.584689780589701,0.0,0,0.0,0,0.0,0,25.0,4,0.0,0,1,False
GGATGTACGTGTCA-1,2,1635.0,723,-0.75677866,-0.4788369513841477,6.0,2,1.0,1,1.0,1,0.0,0,0.0,0,1,False
GGATTTCTAGGTTC-1,0,1900.0,735,-0.39929855,-0.4170515383023222,1.0,1,0.0,0,0.0,0,0.0,0,0.0,0,0,False
GGATTTCTTTGTCT-1,1,3343.0,1160,1.5472819,1.7711818416789982,0.0,0,3.0,1,3.0,2,46.0,3,0.0,0,2,True
GGCAAGGAAAAAGC-1,2,2374.0,1078,0.24011871,1.3489815189531904,0.0,0,1.0,1,69.0,3,3.0,2,0.0,0,2,True
GGCAAGGAAGAAGT-1,0,2710.0,867,0.69337654,0.2625880055977584,2.0,1,1.0,1,3.0,1,1.0,1,0.0,0,0,False
GGCAAGGACTTGGA-1,1,3092.0,1030,1.2086874,1.1018398666258884,0.0,0,2.0,1,2.0,1,114.0,4,0.0,0,1,False
GGCAAGGAGGACTT-1,0,2909.0,913,0.9618238,0.49943208907808956,3.0,2,1.0,1,0.0,0,1.0,1,0.0,0,1,False
GGCAATACGCTAAC-1,3,1076.0,474,-1.5108594,-1.760884272832027,0.0,0,6.0,3,0.0,0,0.0,0,0.0,0,1,False
GGCAATACGGCATT-1,2,1107.0,488,-1.4690409,-1.6888012909032308,2.0,1,0.0,0,8.0,1,0.0,0,0.0,0,0,False
GGCAATACGTTTCT-1,3,2075.0,795,-0.16322677,-0.10812447289319466,0.0,0,14.0,3,0.0,0,1.0,1,0.0,0,1,False
GGCACGTGGCTTAG-1,4,3599.0,1200,1.8926212,1.9771332186184165,2.0,1,4.0,1,4.0,2,19.0,4,0.0,0,2,True
GGCACGTGTGAGAA-1,7,10349.0,2685,10.998246,9.623078087494324,0.0,0,25.0,2,0.0,0,8.0,3,1.0,1,3,True
GGCACTCTTTTGTC-1,0,2542.0,994,0.4667476,0.9164836273804118,5.0,2,6.0,1,0.0,0,2.0,2,1.0,1,3,True
GGCATATGCTTATC-1,2,1939.0,897,-0.34668827,0.4170515383023222,2.0,2,4.0,1,44.0,3,0.0,0,0.0,0,2,True
GGCATATGGGGAGT-1,6,575.0,212,-2.1866992,-3.1098657917852175,0.0,0,0.0,0,0.0,0,2.0,2,52.0,2,2,True
GGCATATGTGTGAC-1,0,5303.0,1584,4.1912856,3.954266437236833,10.0,2,5.0,1,0.0,0,3.0,2,0.0,0,2,True
GGCCACGACAGAGG-1,0,890.0,426,-1.7617699,-2.008025925159329,1.0,1,1.0,1,0.0,0,0.0,0,0.0,0,0,False
GGCCAGACTGGTTG-1,0,2562.0,945,0.49372724,0.6641931906296242,0.0,0,2.0,1,0.0,0,1.0,1,0.0,0,0,False
GGCCCAGAAAGTAG-1,1,2684.0,935,0.65830296,0.6127053463947697,0.0,0,2.0,1,0.0,0,111.0,4,0.0,0,1,False
GGCCGAACAACGAA-1,0,2353.0,723,0.2117901,-0.4788369513841477,3.0,1,3.0,1,1.0,1,5.0,1,0.0,0,0,False
GGCCGAACGCAGAG-1,0,837.0,380,-1.8332659,-2.2448700086396602,1.0,1,0.0,0,0.0,0,0.0,0,0.0,0,0,False
GGCCGAACGTAGGG-1,0,1808.0,714,-0.52340484,-0.5251760111955168,8.0,2,0.0,0,0.0,0,2.0,1,0.0,0,1,False
GGCCGAACTCTAGG-1,2,1494.0,739,-0.94698507,-0.3964564006083804,0.0,0,2.0,2,24.0,3,1.0,1,0.0,0,2,True
GGCCGATGCAGGAG-1,0,2877.0,930,0.9186564,0.5869614242773424,6.0,2,3.0,1,0.0,0,3.0,2,0.0,0,2,True
GGCCGATGCCGAAT-1,0,2614.0,971,0.5638743,0.7980615856402462,3.0,1,1.0,1,0.0,0,0.0,0,0.0,0,0,False
GGCCGATGTACTCT-1,2,2606.0,771,0.5530824,-0.2316952990568457,6.0,2,2.0,1,8.0,1,0.0,0,0.0,0,1,False
GGCGACACTGCCCT-1,2,4438.0,1494,3.0244167,3.4908758391231416,3.0,1,0.0,0,59.0,3,2.0,1,0.0,0,1,False
GGCGACTGCGTAAC-1,0,2522.0,904,0.439768,0.45309302926672046,7.0,2,2.0,1,0.0,0,0.0,0,0.0,0,1,False
GGCGCATGCCTAAG-1,4,2095.0,797,-0.13624713,-0.09782690404622373,0.0,0,1.0,1,1.0,1,18.0,3,0.0,0,1,False
GGCGCATGCTCCAC-1,0,2534.0,952,0.45595577,0.7002346815940225,4.0,2,2.0,1,0.0,0,2.0,2,0.0,0,2,True
GGCGCATGTGGAAA-1,0,1200.0,470,-1.3435856,-1.781479410525969,1.0,1,0.0,0,0.0,0,0.0,0,0.0,0,0,False
GGCGGACTAGAGGC-1,0,1759.0,820,-0.58950496,0.020595137693941837,5.0,2,1.0,1,0.0,0,2.0,2,0.0,0,2,True
GGCGGACTAGGAGC-1,2,1974.0,805,-0.2994739,-0.05663662865834006,4.0,2,4.0,1,5.0,1,1.0,1,0.0,0,1,False
GGCGGACTCTGACA-1,0,2075.0,713,-0.16322677,-0.5303247956190024,4.0,2,1.0,1,0.0,0,0.0,0,0.0,0,1,False
GGCGGACTCTTGGA-1,2,1933.0,827,-0.35478213,0.05663662865834006,6.0,2,1.0,1,7.0,1,2.0,1,0.0,0,1,False
GGCGGACTTACTGG-1,0,2403.0,726,0.27923918,-0.4633905981136914,4.0,2,2.0,1,1.0,1,1.0,1,0.0,0,1,False
GGCGGACTTGAACC-1,0,2110.0,771,-0.11601241,-0.2316952990568457,5.0,2,2.0,1,0.0,0,0.0,0,0.0,0,1,False
GGCTAAACACCTGA-1,2,2433.0,975,0.31970862,0.818656723334188,0.0,0,0.0,0,65.0,3,2.0,1,0.0,0,1,False
GGCTAAACTCTTAC-1,0,2665.0,854,0.63267237,0.19565380809244745,5.0,1,2.0,1,0.0,0,0.0,0,0.0,0,0,False
GGCTAATGAGCACT-1,2,1650.0,727,-0.7365439,-0.4582418136902059,3.0,1,1.0,1,9.0,1,1.0,1,0.0,0,0,False
GGCTAATGGTCTAG-1,0,2253.0,759,0.07689195,-0.2934807121386712,4.0,2,0.0,0,0.0,0,1.0,1,0.0,0,1,False
GGCTCACTACTCAG-1,1,3515.0,1083,1.7793067,1.3747254410706178,0.0,0,2.0,1,0.0,0,275.0,4,0.0,0,1,False
GGGAACGAAGCTCA-1,4,4319.0,1554,2.8638878,3.799802904532269,1.0,1,2.0,1,0.0,0,36.0,3,0.0,0,1,False
GGGAACGACACAAC-1,3,1711.0,691,-0.65425605,-0.6435980529356824,1.0,1,5.0,3,0.0,0,1.0,1,0.0,0,1,False
GGGAACGAGTGTCA-1,1,1148.0,558,-1.4137326,-1.3283863812592485,0.0,0,1.0,1,0.0,0,48.0,4,0.0,0,1,False
GGGAAGTGTTGAGC-1,1,1553.0,625,-0.8673951,-0.9834178248857228,0.0,0,0.0,0,0.0,0,52.0,4,0.0,0,1,False
GGGACCACACGTTG-1,2,1863.0,795,-0.44921085,-0.10812447289319466,9.0,2,0.0,0,27.0,2,2.0,2,0.0,0,3,True
GGGACCACAGAACA-1,0,2090.0,749,-0.14299205,-0.3449685563735258,0.0,0,3.0,1,0.0,0,2.0,1,0.0,0,0,False
GGGACCACGAATAG-1,0,2384.0,837,0.25360852,0.10812447289319466,5.0,2,0.0,0,0.0,0,2.0,1,1.0,1,2,True
GGGACCACGTCATG-1,0,2558.0,797,0.48833132,-0.09782690404622373,5.0,2,5.0,1,0.0,0,1.0,1,0.0,0,1,False
GGGACCACTCAAGC-1,0,1064.0,453,-1.5270472,-1.8690087457252218,1.0,1,1.0,1,1.0,1,0.0,0,0.0,0,0,False
GGGACCACTCGTGA-1,0,2290.0,733,0.12680426,-0.42734910714929314,4.0,1,1.0,1,0.0,0,1.0,1,0.0,0,0,False
GGGACCACTGCATG-1,0,1929.0,604,-0.36017808,-1.0915422977789175,0.0,0,0.0,0,0.0,0,2.0,2,0.0,0,1,False
GGGACCTGACCCTC-1,1,3079.0,1028,1.1911507,1.0915422977789175,1.0,1,7.0,2,0.0,0,194.0,4,0.0,0,2,True
GGGACCTGCTTGCC-1,0,2338.0,803,0.19155538,-0.06693419750531097,0.0,0,1.0,1,0.0,0,0.0,0,0.0,0,0,False
GGGACCTGTGGAGG-1,3,1762.0,669,-0.585458,-0.7568713102523625,0.0,0,10.0,3,1.0,1,1.0,1,0.0,0,1,False
GGGATGGACGACAT-1,3,1307.0,503,-1.1992446,-1.611569524550949,0.0,0,6.0,3,0.0,0,1.0,1,0.0,0,1,False
GGGATGGATACTTC-1,0,2272.0,858,0.1025226,0.2162489457863893,4.0,2,1.0,1,0.0,0,2.0,2,0.0,0,2,True
GGGATGGATGGTTG-1,1,2068.0,832,-0.17266963,0.08238055077576735,0.0,0,3.0,2,0.0,0,54.0,4,0.0,0,2,True
GGGATTACGTCTAG-1,0,3000.0,1018,1.0845811,1.0400544535440628,4.0,2,4.0,1,1.0,1,2.0,2,0.0,0,2,True
GGGCAAGATGCATG-1,1,1424.0,585,-1.0414138,-1.1893692018251412,0.0,0,0.0,0,1.0,1,120.0,4,0.0,0,1,False
GGGCACACGGTGAG-1,4,4254.0,1221,2.776204,2.085257691511611,3.0,2,5.0,1,0.0,0,24.0,4,0.0,0,2,True
GGGCACACGTTGCA-1,0,4081.0,1286,2.5428302,2.419928679038166,6.0,2,5.0,1,0.0,0,2.0,2,0.0,0,2,True
GGGCAGCTTGGGAG-1,2,2245.0,902,0.0661001,0.44279546041974954,2.0,1,0.0,0,10.0,2,1.0,1,0.0,0,1,False
GGGCAGCTTTTCTG-1,0,2333.0,752,0.18481047,-0.3295222031030694,1.0,1,3.0,1,0.0,0,1.0,1,0.0,0,0,False
GGGCCAACCTTGGA-1,5,8415.0,2013,8.389317,6.163094954912095,0.0,0,2.0,1,0.0,0,84.0,1,0.0,0,0,False
GGGCCAACGCGTTA-1,3,2177.0,773,-0.02563065,-0.22139773020987477,0.0,0,15.0,3,0.0,0,2.0,1,0.0,0,1,False
GGGCCAACTACGCA-1,1,1432.0,663,-1.0306219,-0.7877640167932753,0.0,0,0.0,0,0.0,0,65.0,4,0.0,0,1,False
GGGCCAACTCCAAG-1,3,2437.0,840,0.32510456,0.12357082616365103,0.0,0,5.0,3,0.0,0,1.0,1,0.0,0,1,False
GGGCCATGATGGTC-1,2,2480.0,851,0.38311076,0.18020745482199108,5.0,2,0.0,0,3.0,1,2.0,2,0.0,0,2,True
GGGCCATGTTGACG-1,0,2262.0,887,0.089032784,0.36556369406746764,8.0,2,2.0,1,2.0,1,1.0,1,0.0,0,1,False
GGGTAACTCAGCTA-1,0,3427.0,1079,1.6605963,1.3541303033766758,9.0,2,2.0,1,0.0,0,0.0,0,0.0,0,1,False
GGGTAACTCTAGTG-1,3,1770.0,653,-0.57466614,-0.8392518610281299,0.0,0,53.0,3,0.0,0,0.0,0,0.0,0,1,False
GGGTAACTCTGGAT-1,0,1948.0,674,-0.33454743,-0.7311273881349353,11.0,2,4.0,2,0.0,0,0.0,0,0.0,0,2,True
GGGTTAACGTGCAT-1,2,1812.0,908,-0.5180089,0.4736881669606623,0.0,0,2.0,1,30.0,3,0.0,0,0.0,0,1,False
GGTAAAGAGCTAAC-1,2,1614.0,734,-0.78510725,-0.4222003227258077,10.0,2,0.0,0,18.0,2,1.0,1,0.0,0,2,True
GGTACAACTGCAAC-1,0,2654.0,909,0.61783355,0.4788369513841477,8.0,2,7.0,1,0.0,0,1.0,1,0.0,0,1,False
GGTACATGAAAGCA-1,3,1697.0,670,-0.6731418,-0.7517225258288771,0.0,0,10.0,3,0.0,0,3.0,2,0.0,0,2,True
GGTACATGAGCTCA-1,0,1751.0,800,-0.6002968,-0.08238055077576735,3.0,1,2.0,1,0.0,0,0.0,0,0.0,0,0,False
GGTACATGCGGTAT-1,0,1373.0,539,-1.1102118,-1.4262132853054723,7.0,2,1.0,1,0.0,0,1.0,1,0.0,0,1,False
GGTACATGGTTACG-1,0,1928.0,697,-0.36152706,-0.6127053463947697,4.0,2,1.0,1,1.0,1,1.0,1,0.0,0,1,False
GGTACATGTGGGAG-1,0,2747.0,941,0.7432888,0.6435980529356824,7.0,2,1.0,1,0.0,0,1.0,1,0.0,0,1,False
GGTACTGAACTCTT-1,1,2048.0,826,-0.19964927,0.0514878442348546,0.0,0,3.0,1,0.0,0,123.0,4,0.0,0,1,False
GGTAGTACACCACA-1,2,2290.0,800,0.12680426,-0.08238055077576735,4.0,2,0.0,0,1.0,1,2.0,2,0.0,0,2,True
GGTAGTACACTAGC-1,1,1655.0,642,-0.72979903,-0.89588848968647,0.0,0,2.0,1,0.0,0,26.0,4,0.0,0,1,False
GGTAGTACCCTGTC-1,0,2091.0,733,-0.14164306,-0.42734910714929314,2.0,2,0.0,0,0.0,0,0.0,0,0.0,0,1,False
GGTAGTACGCCATA-1,1,1345.0,605,-1.1479833,-1.0863935133554319,0.0,0,1.0,1,0.0,0,80.0,3,0.0,0,1,False
GGTAGTACTGTCTT-1,0,2747.0,991,0.7432888,0.9010372741099554,7.0,2,2.0,2,2.0,1,0.0,0,0.0,0,2,True
GGTATCGAGACAAA-1,1,809.0,379,-1.8710374,-2.2500187930631457,0.0,0,4.0,1,0.0,0,18.0,3,0.0,0,1,False
GGTATCGATGAACC-1,3,1507.0,561,-0.9294483,-1.3129400279887922,0.0,0,4.0,3,0.0,0,1.0,1,0.0,0,1,False
GGTCAAACCAAAGA-1,0,2389.0,844,0.26035345,0.14416596385759287,6.0,2,2.0,1,0.0,0,1.0,1,0.0,0,1,False
GGTCTAGAGAAACA-1,1,2333.0,787,0.18481047,-0.14931474828107832,0.0,0,2.0,1,1.0,1,177.0,4,0.0,0,1,False
GGTCTAGATAGCGT-1,1,4660.0,1460,3.3238904,3.315817168724636,0.0,0,9.0,1,0.0,0,79.0,4,0.0,0,1,False
GGTGATACCGACTA-1,3,1694.0,728,-0.67718875,-0.45309302926672046,0.0,0,12.0,3,0.0,0,3.0,3,0.0,0,2,True
GGTGATACGACTAC-1,1,2716.0,940,0.7014704,0.638449268512197,0.0,0,7.0,2,0.0,0,182.0,4,0.0,0,2,True
GGTGATACTGTTTC-1,0,2082.0,783,-0.1537839,-0.16990988597502016,6.0,1,0.0,0,0.0,0,2.0,2,0.0,0,1,False
GGTGGAGAAACGGG-1,2,1394.0,693,-1.0818832,-0.6333004840887115,1.0,1,1.0,1,43.0,2,0.0,0,0.0,0,1,False
GGTGGAGAAGTAGA-1,0,1897.0,794,-0.4033455,-0.11327325731668011,9.0,2,1.0,1,1.0,1,0.0,0,0.0,0,1,False
GGTGGAGACAGATC-1,2,1440.0,809,-1.01983,-0.036041490964398216,0.0,0,0.0,0,16.0,3,0.0,0,0.0,0,1,False
GGTGGAGATCGATG-1,0,2296.0,827,0.13489816,0.05663662865834006,2.0,1,3.0,1,1.0,1,0.0,0,0.0,0,0,False
GGTGGAGATCTCTA-1,1,1832.0,647,-0.4910293,-0.8701445675690427,0.0,0,2.0,1,0.0,0,101.0,4,1.0,1,2,True
GGTGGAGATTACTC-1,2,2452.0,880,0.34533927,0.3295222031030694,11.0,2,0.0,0,33.0,3,0.0,0,0.0,0,2,True
GGTTTACTACGCAT-1,2,2344.0,970,0.19964927,0.7929128012167608,8.0,2,2.0,1,9.0,3,0.0,0,0.0,0,2,True
GTAACGTGACCTCC-1,1,4521.0,1321,3.136382,2.600136133860157,0.0,0,6.0,1,0.0,0,249.0,4,0.0,0,1,False
GTAACGTGATCGGT-1,3,1887.0,679,-0.4168353,-0.705383466017508,0.0,0,13.0,3,0.0,0,1.0,1,0.0,0,1,False
GTAACGTGCAGCTA-1,3,2107.0,772,-0.120059356,-0.22654651463336023,0.0,0,14.0,3,0.0,0,0.0,0,0.0,0,1,False
GTAACGTGGTTGAC-1,3,2304.0,781,0.14569001,-0.18020745482199108,2.0,1,6.0,3,0.0,0,1.0,1,0.0,0,1,False
GTAAGCACAACGGG-1,0,2030.0,766,-0.22393094,-0.257439221174273,4.0,2,1.0,1,1.0,1,0.0,0,0.0,0,1,False
GTAAGCACTCATTC-1,3,1137.0,519,-1.4285715,-1.5291889737751816,0.0,0,10.0,3,0.0,0,0.0,0,0.0,0,1,False
GTAAGCTGGTACCA-1,1,1449.0,670,-1.0076892,-0.7517225258288771,1.0,1,0.0,0,1.0,1,68.0,4,0.0,0,1,False
GTAATAACCTTCTA-1,1,2207.0,795,0.014838797,-0.10812447289319466,0.0,0,3.0,1,1.0,1,64.0,4,0.0,0,1,False
GTAATAACGTTGTG-1,0,2117.0,643,-0.10656954,-0.8907397052629845,5.0,2,0.0,0,0.0,0,1.0,1,0.0,0,1,False
GTACCCTGACAGTC-1,4,5049.0,1548,3.8486443,3.7689101979913566,1.0,1,9.0,1,0.0,0,73.0,4,0.0,0,1,False
GTACCCTGGAGCTT-1,0,2350.0,756,0.20774315,-0.30892706540912757,3.0,2,2.0,1,0.0,0,0.0,0,0.0,0,1,False
GTACCCTGTCCTTA-1,2,1631.0,723,-0.76217455,-0.4788369513841477,1.0,1,1.0,1,14.0,2,1.0,1,0.0,0,1,False
GTACCCTGTGAACC-1,0,2510.0,787,0.4235802,-0.14931474828107832,3.0,2,2.0,1,0.0,0,0.0,0,0.0,0,1,False
GTACGTGAACGTTG-1,2,1741.0,642,-0.6137866,-0.89588848968647,7.0,2,1.0,1,11.0,2,0.0,0,0.0,0,2,True
GTACTTTGTCGACA-1,2,2420.0,856,0.30217186,0.2059513769394184,4.0,2,2.0,1,4.0,1,0.0,0,0.0,0,1,False
GTAGACTGAGATGA-1,1,2139.0,825,-0.07689195,0.046339059811369133,0.0,0,5.0,1,1.0,1,67.0,4,0.0,0,1,False
GTAGACTGTATTCC-1,0,2008.0,730,-0.25360852,-0.44279546041974954,3.0,2,2.0,1,1.0,1,0.0,0,0.0,0,1,False
GTAGCAACAGTCGT-1,1,2231.0,830,0.047214355,0.07208298192879643,0.0,0,1.0,1,0.0,0,75.0,4,0.0,0,1,False
GTAGCAACCATTTC-1,3,1655.0,651,-0.72979903,-0.8495494298751008,0.0,0,12.0,3,0.0,0,0.0,0,0.0,0,1,False
GTAGCAACGGTAGG-1,1,955.0,429,-1.6740861,-1.9925795718888728,0.0,0,1.0,1,0.0,0,65.0,4,0.0,0,1,False
GTAGCATGCACTCC-1,3,1680.0,641,-0.6960745,-0.9010372741099554,0.0,0,7.0,2,1.0,1,0.0,0,0.0,0,1,False
GTAGCATGTAAGCC-1,1,1542.0,635,-0.8822339,-0.9319299806508682,1.0,1,2.0,1,0.0,0,164.0,4,0.0,0,1,False
GTAGCCCTGACGTT-1,0,2451.0,810,0.3439903,-0.030892706540912758,5.0,1,3.0,2,0.0,0,1.0,1,0.0,0,1,False
GTAGCTGAAGCTAC-1,4,5102.0,1526,3.9201403,3.6556369406746763,1.0,1,1.0,1,2.0,2,60.0,4,0.0,0,2,True
GTAGCTGAATTCGG-1,0,2429.0,858,0.3143127,0.2162489457863893,1.0,1,1.0,1,1.0,1,0.0,0,0.0,0,0,False
GTAGGTACACGGGA-1,1,2857.0,971,0.8916768,0.7980615856402462,0.0,0,10.0,1,1.0,1,151.0,4,0.0,0,1,False
GTAGTGACCTCATT-1,0,2327.0,743,0.17671658,-0.37586126291443855,11.0,2,0.0,0,0.0,0,1.0,1,0.0,0,1,False
GTAGTGTGAGCGGA-1,2,2053.0,866,-0.19290435,0.257439221174273,1.0,1,2.0,1,37.0,3,0.0,0,0.0,0,1,False
GTAGTGTGAGGCGA-1,1,1146.0,506,-1.4164306,-1.5961231712804924,1.0,1,3.0,1,0.0,0,51.0,4,0.0,0,1,False
GTAGTGTGTGGTTG-1,0,1968.0,623,-0.3075678,-0.9937153937326937,4.0,2,1.0,1,1.0,1,1.0,1,0.0,0,1,False
GTATCACTGGTAGG-1,1,2502.0,922,0.41278836,0.5457711488894588,1.0,1,2.0,1,0.0,0,84.0,4,0.0,0,1,False
GTATCTACAGAAGT-1,2,2282.0,974,0.11601241,0.8135079389107026,8.0,2,0.0,0,30.0,2,3.0,1,0.0,0,2,True
GTATCTACGACGAG-1,2,1938.0,800,-0.34803724,-0.08238055077576735,3.0,2,4.0,1,9.0,1,1.0,1,0.0,0,1,False
GTATCTACGTTACG-1,0,2807.0,1013,0.82422775,1.0143105314266356,0.0,0,1.0,1,1.0,1,0.0,0,0.0,0,0,False
GTATTAGAAACAGA-1,0,3487.0,1426,1.7415352,3.1407584983261305,17.0,2,3.0,1,0.0,0,1.0,1,0.0,0,1,False
GTATTAGAGGTCTA-1,0,1408.0,584,-1.0629975,-1.1945179862486266,4.0,2,0.0,0,0.0,0,0.0,0,0.0,0,1,False
GTATTCACACAGCT-1,0,1804.0,690,-0.5288008,-0.6487468373591679,6.0,2,1.0,1,0.0,0,3.0,1,0.0,0,1,False
GTATTCACGGGTGA-1,2,1739.0,702,-0.6164846,-0.5869614242773424,0.0,0,0.0,0,4.0,1,0.0,0,0.0,0,0,False
GTCAACGACACTGA-1,0,3628.0,1175,1.9317416,1.84841360803128,6.0,2,0.0,0,0.0,0,0.0,0,0.0,0,1,False
GTCAACGAGTGTAC-1,1,2148.0,806,-0.06475111,-0.0514878442348546,0.0,0,2.0,1,0.0,0,87.0,4,0.0,0,1,False
GTCAACGATCAGGT-1,2,554.0,323,-2.2150278,-2.5383507207783316,1.0,1,1.0,1,0.0,0,0.0,0,0.0,0,0,False
GTCAATCTACACCA-1,2,2272.0,882,0.1025226,0.3398197719500403,6.0,2,1.0,1,5.0,1,1.0,1,0.0,0,1,False
GTCAATCTGTAGCT-1,2,3332.0,1245,1.532443,2.2088285176752622,7.0,2,2.0,1,10.0,2,3.0,1,0.0,0,2,True
GTCAATCTTGTGGT-1,0,2260.0,764,0.08633482,-0.2677367900212439,4.0,2,0.0,0,0.0,0,0.0,0,0.0,0,1,False
GTCACCTGCCTCCA-1,0,2126.0,742,-0.09442871,-0.381010047337924,1.0,1,3.0,1,0.0,0,0.0,0,0.0,0,0,False
GTCACCTGTCCCGT-1,0,2794.0,905,0.806691,0.4582418136902059,36.0,1,3.0,2,0.0,0,1.0,1,0.0,0,1,False
GTCATACTAATCGC-1,3,1607.0,663,-0.7945501,-0.7877640167932753,0.0,0,6.0,3,0.0,0,0.0,0,0.0,0,1,False
GTCATACTGCGATT-1,2,1456.0,668,-0.9982463,-0.762020094675848,6.0,1,1.0,1,18.0,2,1.0,1,0.0,0,1,False
GTCATACTTCGCCT-1,6,979.0,359,-1.6417105,-2.352994481532855,0.0,0,0.0,0,0.0,0,0.0,0,73.0,2,1,False
GTCATACTTTACCT-1,2,1859.0,792,-0.45460677,-0.12357082616365103,5.0,2,2.0,1,1.0,1,0.0,0,0.0,0,1,False
GTCATACTTTGACG-1,0,2734.0,955,0.72575206,0.7156810348644789,5.0,2,2.0,1,1.0,1,3.0,3,0.0,0,2,True
GTCCAAGAAAAACG-1,0,2260.0,765,0.08633482,-0.2625880055977584,3.0,1,2.0,1,0.0,0,2.0,2,0.0,0,1,False
GTCCACTGACCTCC-1,0,3330.0,935,1.5297451,0.6127053463947697,7.0,2,2.0,1,0.0,0,1.0,1,0.0,0,1,False
GTCCACTGGGTACT-1,4,4414.0,1396,2.992041,2.9862949656215667,0.0,0,5.0,1,2.0,1,30.0,4,0.0,0,1,False
GTCCAGCTACGGGA-1,0,2634.0,942,0.5908539,0.6487468373591679,6.0,2,1.0,1,0.0,0,1.0,1,0.0,0,1,False
GTCCCATGTGGTGT-1,1,4744.0,1467,3.437205,3.351858659689034,0.0,0,5.0,2,1.0,1,116.0,4,0.0,0,2,True
GTCGAATGAAGGCG-1,1,2119.0,904,-0.10387158,0.45309302926672046,0.0,0,2.0,1,0.0,0,75.0,4,0.0,0,1,False
GTCGACCTGAATGA-1,2,1550.0,812,-0.8714421,-0.020595137693941837,0.0,0,1.0,1,43.0,2,1.0,1,0.0,0,1,False
GTCGACCTGTTCAG-1,0,1832.0,568,-0.4910293,-1.276898537024394,3.0,1,1.0,1,1.0,1,1.0,1,0.0,0,0,False
GTCGCACTTGAGAA-1,3,4063.0,1374,2.5185485,2.8730217083048863,1.0,1,35.0,3,0.0,0,2.0,1,0.0,0,1,False
GTCTAACTGGTCTA-1,4,3369.0,1058,1.5823554,1.2460058304834811,0.0,0,4.0,1,0.0,0,21.0,4,1.0,1,2,True
GTCTAGGAGCTTCC-1,1,3650.0,1211,1.9614191,2.0337698472767567,0.0,0,2.0,1,0.0,0,204.0,4,0.0,0,1,False
GTGAACACACTCTT-1,0,2214.0,693,0.024281668,-0.6333004840887115,1.0,1,0.0,0,0.0,0,0.0,0,0.0,0,0,False
GTGAACACAGATCC-1,2,871.0,424,-1.7874005,-2.0183234940063,5.0,2,0.0,0,2.0,1,3.0,2,0.0,0,2,True
GTGAACACTCAGGT-1,0,1243.0,530,-1.2855794,-1.4725523451168414,4.0,2,1.0,1,0.0,0,1.0,1,0.0,0,1,False
GTGACCCTTAAGCC-1,0,1895.0,675,-0.40604344,-0.7259786037114498,8.0,2,2.0,1,1.0,1,0.0,0,0.0,0,1,False
GTGATGACAAGTGA-1,0,6329.0,1815,5.5753407,5.143635639061974,9.0,2,3.0,2,3.0,1,6.0,4,0.0,0,3,True
GTGATGACCTGAGT-1,3,1095.0,502,-1.4852287,-1.6167183089744344,0.0,0,13.0,3,0.0,0,0.0,0,0.0,0,1,False
GTGATGACGGTTTG-1,2,2084.0,801,-0.15108593,-0.07723176635228189,5.0,1,0.0,0,7.0,1,2.0,2,0.0,0,1,False
GTGATTCTCATTTC-1,0,2567.0,941,0.5004721,0.6435980529356824,4.0,1,5.0,1,0.0,0,2.0,2,0.0,0,1,False
GTGATTCTCTCTCG-1,1,2595.0,872,0.53824365,0.28833192771518573,0.0,0,2.0,1,1.0,1,170.0,4,0.0,0,1,False
GTGATTCTGGTTCA-1,2,1653.0,810,-0.732497,-0.030892706540912758,2.0,1,0.0,0,50.0,3,0.0,0,0.0,0,1,False
GTGATTCTGTCGAT-1,0,1991.0,694,-0.2765412,-0.6281516996652261,5.0,2,0.0,0,0.0,0,1.0,1,0.0,0,1,False
GTGATTCTTAGCGT-1,3,1343.0,493,-1.1506813,-1.6630573687858035,0.0,0,7.0,3,0.0,0,3.0,1,0.0,0,1,False
GTGCCACTCAGGAG-1,0,1895.0,658,-0.40604344,-0.8135079389107026,7.0,2,2.0,1,0.0,0,1.0,1,0.0,0,1,False
GTGGATTGCACTAG-1,4,4560.0,1466,3.1889923,3.3467098752655486,0.0,0,2.0,1,0.0,0,73.0,3,0.0,0,1,False
GTGGATTGCGGAGA-1,0,2773.0,975,0.77836233,0.818656723334188,3.0,2,1.0,1,1.0,1,3.0,1,0.0,0,1,False
GTGGATTGTAACGC-1,0,2764.0,832,0.7662215,0.08238055077576735,5.0,2,3.0,1,0.0,0,1.0,1,0.0,0,1,False
GTGTACGATCAGTG-1,0,1979.0,689,-0.292729,-0.6538956217826534,2.0,1,1.0,1,0.0,0,2.0,2,0.0,0,1,False
GTGTAGTGGGTACT-1,0,2625.0,919,0.57871306,0.5303247956190024,3.0,2,6.0,2,1.0,1,0.0,0,0.0,0,2,True
GTGTATCTAGCCTA-1,3,1432.0,623,-1.0306219,-0.9937153937326937,0.0,0,8.0,2,0.0,0,0.0,0,0.0,0,1,False
GTGTATCTAGTAGA-1,2,4442.0,1426,3.0298126,3.1407584983261305,7.0,2,3.0,1,57.0,2,1.0,1,0.0,0,2,True
GTGTATCTGTTACG-1,3,2120.0,815,-0.1025226,-0.005148784423485459,1.0,1,16.0,3,0.0,0,0.0,0,0.0,0,1,False
GTGTCAGAAGCGTT-1,2,2052.0,905,-0.19425334,0.4582418136902059,6.0,2,1.0,1,28.0,3,1.0,1,0.0,0,2,True
GTGTCAGAATGCTG-1,0,749.0,325,-1.9519763,-2.5280531519313607,1.0,1,0.0,0,0.0,0,1.0,1,0.0,0,0,False
GTTAAAACCGAGAG-1,2,2019.0,956,-0.23876974,0.7208298192879643,0.0,0,1.0,1,25.0,2,3.0,2,0.0,0,2,True
GTTAAAACTTCGCC-1,0,2059.0,676,-0.18481047,-0.7208298192879643,3.0,1,2.0,1,2.0,1,1.0,1,0.0,0,0,False
GTTAAATGCTCGAA-1,0,2650.0,764,0.6124376,-0.2677367900212439,8.0,2,1.0,1,1.0,1,0.0,0,0.0,0,1,False
GTTAAATGTCGACA-1,3,3778.0,1202,2.1340888,1.9874307874653874,0.0,0,29.0,3,2.0,1,2.0,1,0.0,0,1,False
GTTAACCTAGCTAC-1,0,2447.0,826,0.33859438,0.0514878442348546,2.0,1,1.0,1,0.0,0,2.0,2,0.0,0,1,False
GTTAACCTTGCTTT-1,5,6097.0,1643,5.262377,4.258044718222475,0.0,0,2.0,2,1.0,1,118.0,3,0.0,0,2,True
GTTAGGTGCACTCC-1,0,1389.0,552,-1.088628,-1.3592790878001613,1.0,1,1.0,1,1.0,1,3.0,1,0.0,0,0,False
GTTAGGTGCCAGTA-1,1,4971.0,1496,3.7434237,3.5011734079701125,0.0,0,8.0,1,1.0,1,411.0,4,1.0,1,2,True
GTTAGGTGCCCAAA-1,4,2189.0,953,-0.0094428705,0.705383466017508,0.0,0,6.0,1,0.0,0,27.0,3,0.0,0,1,False
GTTAGGTGGAACTC-1,3,1652.0,646,-0.73384595,-0.8752933519925281,0.0,0,5.0,3,0.0,0,0.0,0,0.0,0,1,False
GTTAGTCTAAGAAC-1,2,1153.0,536,-1.4069878,-1.4416596385759286,0.0,0,0.0,0,2.0,1,2.0,1,0.0,0,0,False
GTTATAGAGGACAG-1,0,2052.0,785,-0.19425334,-0.15961231712804924,4.0,2,1.0,1,1.0,1,0.0,0,0.0,0,1,False
GTTATGCTTTCATC-1,0,2427.0,810,0.31161472,-0.030892706540912758,2.0,2,3.0,1,0.0,0,0.0,0,0.0,0,1,False
GTTCAACTGGGACA-1,2,1501.0,759,-0.9375422,-0.2934807121386712,1.0,1,0.0,0,43.0,2,1.0,1,0.0,0,1,False
GTTCAACTTATGCG-1,0,2656.0,861,0.6205315,0.2316952990568457,4.0,2,2.0,2,0.0,0,1.0,1,0.0,0,2,True
GTTGACGAGCCCTT-1,2,1898.0,837,-0.4019965,0.10812447289319466,5.0,2,3.0,1,19.0,1,0.0,0,0.0,0,1,False
GTTGACGATATCGG-1,2,2262.0,1100,0.089032784,1.4622547762698705,1.0,1,1.0,1,52.0,3,1.0,1,0.0,0,1,False
GTTGAGTGGTCTTT-1,1,4394.0,1389,2.9650614,2.9502534746571683,1.0,1,6.0,1,0.0,0,309.0,4,0.0,0,1,False
GTTGAGTGTGCTTT-1,0,3840.0,1042,2.2177258,1.1636252797077138,8.0,2,0.0,0,0.0,0,3.0,2,0.0,0,2,True
GTTGATCTGGGACA-1,0,943.0,371,-1.6902739,-2.2912090684510296,1.0,1,0.0,0,0.0,0,0.0,0,0.0,0,0,False
GTTGATCTTTTCAC-1,2,2460.0,970,0.35613114,0.7929128012167608,6.0,2,0.0,0,26.0,1,1.0,1,0.0,0,1,False
GTTGGATGTTTACC-1,4,4436.0,1362,3.0217187,2.8112362952230607,0.0,0,3.0,1,0.0,0,28.0,4,0.0,0,1,False
GTTGTACTATTCCT-1,1,3101.0,1135,1.2208283,1.6424622310918615,0.0,0,4.0,1,0.0,0,156.0,4,0.0,0,1,False
GTTGTACTTTTGGG-1,0,2402.0,845,0.2778902,0.14931474828107832,2.0,2,2.0,1,0.0,0,3.0,3,0.0,0,2,True
GTTTAAGACCATGA-1,1,2598.0,935,0.54229057,0.6127053463947697,0.0,0,2.0,1,1.0,1,110.0,3,0.0,0,1,False
GTTTAAGACTGTCC-1,2,1584.0,710,-0.8255767,-0.5457711488894588,6.0,2,0.0,0,2.0,1,0.0,0,0.0,0,1,False
TAAACAACCAACCA-1,0,3425.0,1070,1.6578983,1.3077912435653067,8.0,2,1.0,1,2.0,2,4.0,2,0.0,0,3,True
TAAACAACGAATCC-1,3,2815.0,911,0.8350196,0.48913452023111864,0.0,0,13.0,3,0.0,0,3.0,1,0.0,0,1,False
TAAAGACTCAGGAG-1,0,2373.0,853,0.23876974,0.190505023668962,1.0,1,2.0,1,1.0,1,1.0,1,0.0,0,0,False
TAAATCGATGAGGG-1,0,2035.0,758,-0.21718603,-0.29862949656215665,3.0,2,0.0,0,0.0,0,0.0,0,0.0,0,1,False
TAACAATGTGCCCT-1,3,1343.0,654,-1.1506813,-0.8341030766046444,0.0,0,8.0,3,0.0,0,0.0,0,0.0,0,1,False
TAACACCTTCGCTC-1,1,2754.0,980,0.7527317,0.8444006454516154,1.0,1,4.0,1,0.0,0,71.0,4,0.0,0,1,False
TAACACCTTCGTAG-1,1,3282.0,1192,1.464994,1.9359429432305328,0.0,0,3.0,1,0.0,0,99.0,4,0.0,0,1,False
TAACACCTTGTTTC-1,6,999.0,394,-1.614731,-2.1727870267108638,0.0,0,0.0,0,0.0,0,0.0,0,70.0,2,1,False
TAACATGACACTAG-1,3,3388.0,1121,1.607986,1.5703792491630653,4.0,1,7.0,3,1.0,1,2.0,2,0.0,0,2,True
TAACCGGACTTACT-1,0,2009.0,616,-0.25225955,-1.029756884697092,2.0,1,2.0,1,1.0,1,1.0,1,0.0,0,0,False
TAACGTCTCAACCA-1,1,1930.0,746,-0.35882908,-0.36041490964398215,1.0,1,2.0,1,0.0,0,115.0,4,0.0,0,1,False
TAACGTCTCATTGG-1,0,2567.0,876,0.5004721,0.30892706540912757,4.0,2,2.0,1,0.0,0,1.0,1,0.0,0,1,False
TAACTAGAATTTCC-1,0,2537.0,948,0.46000272,0.6796395439000806,3.0,2,0.0,0,0.0,0,3.0,2,0.0,0,2,True
TAACTAGACTTAGG-1,0,2921.0,965,0.9780116,0.7671688790993335,3.0,1,3.0,2,0.0,0,2.0,2,0.0,0,2,True
TAACTAGATCTGGA-1,0,2348.0,789,0.2050452,-0.1390171794341074,4.0,2,2.0,1,0.0,0,0.0,0,0.0,0,1,False
TAACTCACGAGGAC-1,1,1920.0,750,-0.3723189,-0.3398197719500403,0.0,0,1.0,1,0.0,0,102.0,4,0.0,0,1,False
TAACTCACGTACAC-1,3,2011.0,717,-0.24956158,-0.5097296579250605,0.0,0,8.0,3,0.0,0,1.0,1,0.0,0,1,False
TAACTCACGTATCG-1,1,3806.0,1197,2.1718602,1.96168686534796,3.0,2,4.0,1,0.0,0,190.0,4,0.0,0,2,True
TAACTCACTCTACT-1,2,2223.0,948,0.036422502,0.6796395439000806,3.0,2,1.0,1,71.0,3,1.0,1,0.0,0,2,True
TAAGAACTGTGTCA-1,1,1729.0,624,-0.62997437,-0.9885666093092083,1.0,1,2.0,1,0.0,0,103.0,4,1.0,1,2,True
TAAGAGGACTAAGC-1,3,2017.0,782,-0.2414677,-0.17505867039850562,0.0,0,18.0,3,1.0,1,0.0,0,0.0,0,1,False
TAAGAGGACTTGTT-1,2,2060.0,913,-0.18346149,0.49943208907808956,1.0,1,0.0,0,59.0,3,2.0,1,0.0,0,1,False
TAAGATACCCACAA-1,0,1197.0,532,-1.3476325,-1.4622547762698705,4.0,1,0.0,0,2.0,1,1.0,1,0.0,0,0,False
TAAGATACGGTTCA-1,1,1465.0,659,-0.9861055,-0.8083591544872172,1.0,1,1.0,1,0.0,0,35.0,4,0.0,0,1,False
TAAGATTGCGTAGT-1,0,2788.0,912,0.7985971,0.4942833046546041,7.0,2,1.0,1,0.0,0,2.0,1,0.0,0,1,False
TAAGATTGTTGCTT-1,0,2289.0,863,0.12545529,0.2419928679038166,5.0,1,3.0,1,1.0,1,1.0,1,0.0,0,0,False
TAAGCGTGAGGTTC-1,1,2837.0,958,0.86469716,0.7311273881349353,1.0,1,1.0,1,1.0,1,140.0,4,0.0,0,1,False
TAAGCGTGGACAAA-1,1,5189.0,1634,4.037502,4.211705658411106,0.0,0,7.0,2,1.0,1,98.0,4,0.0,0,2,True
TAAGCGTGGGAAAT-1,0,2329.0,795,0.17941454,-0.10812447289319466,6.0,2,0.0,0,1.0,1,2.0,2,0.0,0,2,True
TAAGCGTGTGCTCC-1,4,4972.0,1502,3.7447727,3.5320661145110255,0.0,0,4.0,1,0.0,0,71.0,4,0.0,0,1,False
TAAGGCTGCCATGA-1,0,2360.0,905,0.22123297,0.4582418136902059,2.0,1,2.0,1,1.0,1,1.0,1,0.0,0,0,False
TAAGGCTGCTGCTC-1,0,2146.0,713,-0.06744908,-0.5303247956190024,1.0,1,0.0,0,0.0,0,3.0,3,0.0,0,1,False
TAAGGCTGTCTCGC-1,1,3420.0,1195,1.6511534,1.9513892965009891,0.0,0,1.0,1,0.0,0,144.0,4,0.0,0,1,False
TAAGGGCTGCTGTA-1,0,1852.0,867,-0.46404964,0.2625880055977584,3.0,2,0.0,0,0.0,0,0.0,0,0.0,0,1,False
TAAGGGCTTTACTC-1,0,2206.0,817,0.013489815,0.005148784423485459,5.0,2,2.0,1,0.0,0,0.0,0,0.0,0,1,False
TAAGTAACCGAGAG-1,3,701.0,374,-2.0167274,-2.2757627151805733,0.0,0,3.0,2,0.0,0,1.0,1,0.0,0,1,False
TAAGTAACCTCCAC-1,3,1740.0,656,-0.6151356,-0.8238055077576736,0.0,0,14.0,3,0.0,0,0.0,0,0.0,0,1,False
TAAGTAACCTGTAG-1,0,3395.0,1045,1.6174289,1.1790716329781703,10.0,2,2.0,1,2.0,2,0.0,0,0.0,0,2,True
TAAGTAACTTGTCT-1,0,2112.0,744,-0.11331445,-0.37071247849095307,4.0,2,1.0,1,1.0,1,1.0,1,0.0,0,1,False
TAATGATGAGCGGA-1,0,2767.0,865,0.77026844,0.2522904367507875,5.0,2,0.0,0,1.0,1,2.0,2,0.0,0,2,True
TAATGCCTCATGAC-1,0,4185.0,1182,2.6831243,1.8844550989956783,8.0,2,4.0,1,0.0,0,3.0,2,0.0,0,2,True
TAATGCCTCGTCTC-1,2,4211.0,1667,2.7181978,4.381615544386126,0.0,0,3.0,2,70.0,3,0.0,0,0.0,0,2,True
TAATGTGAAGATGA-1,0,1314.0,539,-1.1898017,-1.4262132853054723,5.0,2,1.0,1,0.0,0,0.0,0,0.0,0,1,False
TAATGTGACTGCAA-1,1,2532.0,942,0.4532578,0.6487468373591679,0.0,0,5.0,1,1.0,1,54.0,4,0.0,0,1,False
TAATGTGATTACTC-1,2,2325.0,838,0.17401862,0.11327325731668011,3.0,2,4.0,1,2.0,1,0.0,0,0.0,0,1,False
TACAAATGGGTACT-1,0,2545.0,925,0.47079456,0.5612175021599151,3.0,2,1.0,1,0.0,0,1.0,1,0.0,0,1,False
TACAATGAAAACAG-1,1,1994.0,795,-0.27249426,-0.10812447289319466,0.0,0,0.0,0,1.0,1,125.0,4,0.0,0,1,False
TACAATGACTTAGG-1,0,1946.0,732,-0.33724537,-0.4324978915727786,4.0,1,1.0,1,0.0,0,0.0,0,0.0,0,0,False
TACAATGATGCTAG-1,2,2466.0,831,0.36422503,0.07723176635228189,5.0,2,0.0,0,8.0,2,1.0,1,0.0,0,2,True
TACACACTCACACA-1,0,3128.0,967,1.2572508,0.7774664479463044,3.0,2,0.0,0,0.0,0,2.0,1,1.0,1,2,True
TACACACTCTTACT-1,0,1246.0,620,-1.2815324,-1.00916174700315,3.0,1,0.0,0,0.0,0,0.0,0,0.0,0,0,False
TACATAGAACGCAT-1,2,2223.0,814,0.036422502,-0.010297568846970919,5.0,2,4.0,1,3.0,2,2.0,2,0.0,0,3,True
TACATCACACGGGA-1,0,1621.0,604,-0.7756644,-1.0915422977789175,1.0,1,1.0,1,0.0,0,2.0,1,0.0,0,0,False
TACATCACCTGTTT-1,4,4201.0,1390,2.704708,2.9554022590806537,0.0,0,2.0,1,2.0,1,23.0,2,0.0,0,1,False
TACATCACGCTAAC-1,3,1792.0,652,-0.5449885,-0.8444006454516154,1.0,1,19.0,3,0.0,0,0.0,0,0.0,0,1,False
TACATCACTGAACC-1,4,4600.0,1507,3.2429516,3.5578100366284526,0.0,0,7.0,1,1.0,1,30.0,4,0.0,0,1,False
TACCATTGAGGTTC-1,0,1531.0,621,-0.89707273,-1.0040129625796645,2.0,1,0.0,0,0.0,0,0.0,0,0.0,0,0,False
TACCATTGCGGGAA-1,1,2067.0,715,-0.17401862,-0.5200272267720314,0.0,0,3.0,1,0.0,0,19.0,3,0.0,0,1,False
TACCATTGGGGATG-1,1,1424.0,546,-1.0414138,-1.390171794341074,1.0,1,0.0,0,0.0,0,71.0,4,0.0,0,1,False
TACCATTGTGAGGG-1,1,2347.0,862,0.2036962,0.23684408348033115,1.0,1,2.0,1,0.0,0,53.0,4,0.0,0,1,False
TACCGGCTGTTGGT-1,0,2807.0,900,0.82422775,0.4324978915727786,6.0,2,2.0,1,0.0,0,2.0,2,0.0,0,2,True
TACGAGTGATCTCT-1,0,2692.0,853,0.66909486,0.190505023668962,2.0,2,1.0,1,2.0,2,1.0,1,0.0,0,2,True
TACGAGTGATGCTG-1,1,3687.0,1141,2.0113316,1.6733549376327743,0.0,0,5.0,1,1.0,1,59.0,4,0.0,0,1,False
TACGAGTGCGGAGA-1,0,2264.0,989,0.09173074,0.8907397052629845,7.0,2,0.0,0,0.0,0,0.0,0,0.0,0,1,False
TACGAGTGGTTGGT-1,0,2222.0,858,0.03507352,0.2162489457863893,3.0,1,4.0,1,0.0,0,1.0,1,0.0,0,0,False
TACGATCTAGTGTC-1,0,1421.0,603,-1.0454607,-1.096691082202403,1.0,1,0.0,0,2.0,1,0.0,0,0.0,0,0,False
TACGATCTCACTGA-1,1,4200.0,1285,2.7033591,2.4147798946146803,0.0,0,3.0,1,2.0,2,59.0,4,0.0,0,2,True
TACGATCTTACGAC-1,2,1686.0,701,-0.6879806,-0.5921102087008279,2.0,2,1.0,1,12.0,1,1.0,1,0.0,0,1,False
TACGCAGACGTCTC-1,3,717.0,337,-1.9951437,-2.466267738849535,0.0,0,3.0,2,0.0,0,0.0,0,0.0,0,1,False
TACGCAGAGAATCC-1,2,2121.0,859,-0.10117362,0.22139773020987477,1.0,1,2.0,1,50.0,3,0.0,0,0.0,0,1,False
TACGCCACATTCCT-1,0,1965.0,766,-0.31161472,-0.257439221174273,3.0,2,2.0,2,0.0,0,2.0,2,0.0,0,3,True
TACGCCACTCCCAC-1,4,5286.0,1618,4.168353,4.1293251076353386,0.0,0,9.0,1,4.0,1,34.0,4,1.0,1,2,True
TACGCCACTCCGAA-1,3,1856.0,714,-0.45865372,-0.5251760111955168,0.0,0,13.0,3,0.0,0,0.0,0,0.0,0,1,False
TACGCGCTCTTCTA-1,2,1474.0,642,-0.9739647,-0.89588848968647,3.0,2,2.0,1,1.0,1,0.0,0,0.0,0,1,False
TACGGAACGCGTTA-1,3,1379.0,593,-1.1021179,-1.1481789264372575,0.0,0,16.0,2,1.0,1,1.0,1,0.0,0,1,False
TACGGCCTGGGACA-1,2,1557.0,783,-0.8619992,-0.16990988597502016,3.0,1,0.0,0,44.0,3,1.0,1,0.0,0,1,False
TACGGCCTGTCCTC-1,0,1025.0,419,-1.5796574,-2.0440674161237276,1.0,1,0.0,0,0.0,0,0.0,0,0.0,0,0,False
TACGTACTACGGAG-1,0,5280.0,1606,4.1602592,4.067539694553513,9.0,2,3.0,1,3.0,2,2.0,2,1.0,1,4,True
TACGTACTCAGTTG-1,0,2993.0,927,1.0751383,0.571515071006886,12.0,2,2.0,1,0.0,0,0.0,0,0.0,0,1,False
TACGTACTCCCGTT-1,3,1936.0,739,-0.3507352,-0.3964564006083804,0.0,0,9.0,2,0.0,0,3.0,3,0.0,0,2,True
TACGTTACAGAAGT-1,0,2256.0,805,0.08093889,-0.05663662865834006,5.0,2,2.0,1,0.0,0,3.0,2,0.0,0,2,True
TACGTTACCAAGCT-1,1,1701.0,705,-0.6677459,-0.571515071006886,0.0,0,2.0,1,0.0,0,139.0,4,0.0,0,1,False
TACTAAGAAAGGTA-1,3,988.0,491,-1.6295696,-1.6733549376327743,0.0,0,6.0,3,0.0,0,1.0,1,0.0,0,1,False
TACTAAGAATCACG-1,0,1217.0,513,-1.320653,-1.5600816803160942,4.0,2,1.0,1,0.0,0,1.0,1,0.0,0,1,False
TACTAAGATGATGC-1,1,1861.0,765,-0.45190883,-0.2625880055977584,0.0,0,0.0,0,0.0,0,85.0,4,0.0,0,1,False
TACTAAGATTGCGA-1,0,2549.0,878,0.47619048,0.3192246342560985,2.0,1,1.0,1,0.0,0,0.0,0,0.0,0,0,False
TACTACACGAGAGC-1,0,3236.0,993,1.4029408,0.9113348429569263,7.0,2,0.0,0,0.0,0,1.0,1,0.0,0,1,False
TACTACACTTACCT-1,0,750.0,356,-1.9506273,-2.3684408348033115,0.0,0,3.0,2,1.0,1,0.0,0,0.0,0,1,False
TACTACTGAACCTG-1,1,1830.0,747,-0.49372724,-0.3552661252204967,0.0,0,2.0,1,0.0,0,73.0,4,0.0,0,1,False
TACTACTGATGTCG-1,2,2304.0,993,0.14569001,0.9113348429569263,12.0,2,0.0,0,24.0,2,0.0,0,0.0,0,2,True
TACTACTGATTCTC-1,0,2383.0,801,0.25225955,-0.07723176635228189,2.0,1,0.0,0,0.0,0,1.0,1,0.0,0,0,False
TACTACTGTATGGC-1,0,2843.0,843,0.87279105,0.1390171794341074,3.0,2,3.0,1,1.0,1,0.0,0,0.0,0,1,False
TACTCAACGGTCTA-1,1,3738.0,1191,2.0801296,1.9307941588070474,0.0,0,5.0,1,0.0,0,238.0,4,0.0,0,1,False
TACTCAACTGCTAG-1,3,2240.0,792,0.05935519,-0.12357082616365103,1.0,1,13.0,3,0.0,0,2.0,2,0.0,0,2,True
TACTCCCTCAGTTG-1,0,1553.0,603,-0.8673951,-1.096691082202403,4.0,2,0.0,0,0.0,0,1.0,1,1.0,1,2,True
TACTCTGAATCGAC-1,2,1983.0,807,-0.28733307,-0.046339059811369133,0.0,0,2.0,1,49.0,2,3.0,2,0.0,0,2,True
TACTCTGACGAGTT-1,0,2523.0,881,0.44111696,0.3346709875265549,6.0,2,1.0,1,0.0,0,1.0,1,0.0,0,1,False
TACTCTGATTGACG-1,3,1490.0,680,-0.95238096,-0.7002346815940225,0.0,0,10.0,3,1.0,1,1.0,1,0.0,0,1,False
TACTGGGATCGATG-1,0,3823.0,1126,2.194793,1.5961231712804924,8.0,2,3.0,1,0.0,0,4.0,2,0.0,0,2,True
TACTGTTGAAAGCA-1,0,1990.0,791,-0.2778902,-0.1287196105871365,7.0,2,4.0,2,0.0,0,1.0,1,0.0,0,2,True
TACTGTTGAGGCGA-1,2,1700.0,828,-0.66909486,0.061785413081825516,0.0,0,0.0,0,58.0,3,0.0,0,0.0,0,1,False
TACTGTTGCTGAAC-1,3,5187.0,1650,4.034804,4.294086209186873,0.0,0,23.0,3,1.0,1,6.0,1,1.0,1,2,True
TACTTGACTCCTCG-1,2,1705.0,786,-0.66234994,-0.15446353270456378,4.0,2,0.0,0,4.0,1,3.0,3,0.0,0,2,True
TACTTGACTGGTGT-1,3,1598.0,609,-0.806691,-1.0657983756614902,0.0,0,8.0,3,0.0,0,1.0,1,0.0,0,1,False
TACTTTCTTTTGGG-1,2,1590.0,663,-0.8174828,-0.7877640167932753,8.0,2,1.0,1,2.0,1,0.0,0,0.0,0,1,False
TAGAAACTAATCGC-1,0,2207.0,789,0.014838797,-0.1390171794341074,3.0,2,1.0,1,1.0,1,1.0,1,0.0,0,1,False
TAGAAACTGCTTCC-1,1,2206.0,848,0.013489815,0.1647611015515347,0.0,0,2.0,1,3.0,2,68.0,4,0.0,0,2,True
TAGAAACTGGGATG-1,2,1371.0,678,-1.1129098,-0.7105322504409934,2.0,1,0.0,0,14.0,3,0.0,0,0.0,0,1,False
TAGAATTGCGACAT-1,0,1741.0,588,-0.6137866,-1.1739228485546849,2.0,1,0.0,0,0.0,0,1.0,1,0.0,0,0,False
TAGAATTGTATCGG-1,0,3220.0,928,1.3813571,0.5766638554303715,7.0,2,1.0,1,0.0,0,0.0,0,0.0,0,1,False
TAGACGTGCTTGAG-1,0,1986.0,690,-0.28328612,-0.6487468373591679,3.0,2,1.0,1,0.0,0,0.0,0,0.0,0,1,False
TAGACGTGTCGCTC-1,0,2593.0,840,0.53554565,0.12357082616365103,6.0,2,2.0,1,1.0,1,2.0,2,0.0,0,2,True
TAGAGCACCTTACT-1,3,1442.0,645,-1.017132,-0.8804421364160135,0.0,0,3.0,2,0.0,0,0.0,0,0.0,0,1,False
TAGATTGACTTGTT-1,3,1592.0,620,-0.8147848,-1.00916174700315,1.0,1,5.0,2,0.0,0,0.0,0,0.0,0,1,False
TAGATTGAGGCATT-1,2,812.0,426,-1.8669904,-2.008025925159329,0.0,0,0.0,0,5.0,1,1.0,1,0.0,0,0,False
TAGCATCTCAGCTA-1,2,1699.0,855,-0.67044383,0.20080259251593294,1.0,1,1.0,1,48.0,2,1.0,1,0.0,0,1,False
TAGCATCTCCCTCA-1,0,1138.0,522,-1.4272225,-1.513742620504725,3.0,2,0.0,0,0.0,0,0.0,0,0.0,0,1,False
TAGCATCTGCTGTA-1,4,3624.0,1258,1.9263456,2.2757627151805733,0.0,0,4.0,1,0.0,0,26.0,3,0.0,0,1,False
TAGCATCTGGGACA-1,0,2067.0,720,-0.17401862,-0.4942833046546041,2.0,2,2.0,1,0.0,0,0.0,0,0.0,0,1,False
TAGCATCTTGTCGA-1,0,1753.0,641,-0.59759885,-0.9010372741099554,2.0,2,1.0,1,0.0,0,1.0,1,0.0,0,1,False
TAGCCCACAAAAGC-1,0,3162.0,995,1.3031162,0.9216324118038972,6.0,2,2.0,1,0.0,0,2.0,1,0.0,0,1,False
TAGCCCACAGCCAT-1,2,2261.0,983,0.0876838,0.8598469987220717,6.0,2,1.0,1,5.0,1,1.0,1,0.0,0,1,False
TAGCCCACAGCTAC-1,2,2171.0,1099,-0.03372454,1.4571059918463851,0.0,0,0.0,0,41.0,2,0.0,0,0.0,0,1,False
TAGCCCACCCACAA-1,0,1985.0,606,-0.2846351,-1.0812447289319465,3.0,2,1.0,1,0.0,0,1.0,1,0.0,0,1,False
TAGCCCTGCGGAGA-1,2,2042.0,702,-0.20774315,-0.5869614242773424,4.0,2,0.0,0,2.0,1,1.0,1,0.0,0,1,False
TAGCCGCTTACGAC-1,0,2793.0,944,0.80534196,0.6590444062061388,7.0,2,2.0,1,1.0,1,4.0,4,0.0,0,2,True
TAGCCGCTTACTTC-1,2,2301.0,886,0.14164306,0.36041490964398215,5.0,2,1.0,1,16.0,3,1.0,1,0.0,0,2,True
TAGCCGCTTTCCAT-1,1,3330.0,1061,1.5297451,1.2614521837539376,0.0,0,2.0,1,0.0,0,47.0,4,0.0,0,1,False
TAGCTACTGAATAG-1,3,1645.0,659,-0.7432888,-0.8083591544872172,0.0,0,9.0,2,0.0,0,1.0,1,0.0,0,1,False
TAGCTACTGTAGCT-1,0,2915.0,995,0.9699177,0.9216324118038972,7.0,2,3.0,1,0.0,0,3.0,2,0.0,0,2,True
TAGCTACTTTTGCT-1,2,1078.0,491,-1.5081613,-1.6733549376327743,5.0,2,2.0,2,1.0,1,0.0,0,0.0,0,2,True
TAGGACTGTGCTGA-1,0,1708.0,753,-0.65830296,-0.32437341867958397,1.0,1,0.0,0,0.0,0,2.0,1,0.0,0,0,False
TAGGAGCTAAGGCG-1,3,2038.0,676,-0.21313909,-0.7208298192879643,0.0,0,7.0,3,0.0,0,1.0,1,0.0,0,1,False
TAGGAGCTGAGGGT-1,0,2596.0,837,0.5395926,0.10812447289319466,7.0,2,3.0,1,0.0,0,2.0,2,0.0,0,2,True
TAGGAGCTTGCATG-1,3,1161.0,530,-1.3961959,-1.4725523451168414,0.0,0,14.0,3,0.0,0,1.0,1,0.0,0,1,False
TAGGCAACCGTCTC-1,3,1690.0,597,-0.68258464,-1.1275837887433156,0.0,0,14.0,2,0.0,0,1.0,1,0.0,0,1,False
TAGGCATGCTCTCG-1,5,3097.0,1265,1.2154324,2.3118042061449713,0.0,0,2.0,1,0.0,0,2.0,1,0.0,0,0,False
TAGGCATGGCGAGA-1,2,2402.0,920,0.2778902,0.5354735800424878,1.0,1,2.0,1,13.0,1,2.0,2,0.0,0,1,False
TAGGCTGATGCCTC-1,1,1639.0,699,-0.7513827,-0.6024077775477987,0.0,0,0.0,0,1.0,1,50.0,4,0.0,0,1,False
TAGGGACTGAACTC-1,2,1917.0,826,-0.37636584,0.0514878442348546,1.0,1,0.0,0,42.0,3,0.0,0,0.0,0,1,False
TAGGTCGACACTGA-1,0,2468.0,827,0.36692297,0.05663662865834006,5.0,2,0.0,0,1.0,1,1.0,1,0.0,0,1,False
TAGGTCGAGGATCT-1,3,1221.0,543,-1.315257,-1.4056181476115304,0.0,0,10.0,2,0.0,0,0.0,0,0.0,0,1,False
TAGGTGACACACTG-1,0,1991.0,815,-0.2765412,-0.005148784423485459,3.0,1,1.0,1,0.0,0,2.0,2,0.0,0,1,False
TAGGTGACACGTTG-1,3,1888.0,708,-0.4154863,-0.5560687177364296,0.0,0,12.0,2,0.0,0,1.0,1,0.0,0,1,False
TAGGTGTGTTCTGT-1,0,1726.0,842,-0.63402134,0.13386839501062195,2.0,1,1.0,1,0.0,0,0.0,0,0.0,0,0,False
TAGGTTCTGAAGGC-1,0,3538.0,1199,1.8103333,1.971984434194931,10.0,2,3.0,1,0.0,0,3.0,2,0.0,0,2,True
TAGGTTCTTCTTAC-1,4,3244.0,1124,1.4137326,1.5858256024335216,0.0,0,3.0,1,1.0,1,28.0,4,0.0,0,1,False
TAGGTTCTTGCTGA-1,1,3805.0,1324,2.1705112,2.6155824871306135,1.0,1,4.0,1,0.0,0,272.0,4,0.0,0,1,False
TAGTAAACCTCGCT-1,0,2781.0,849,0.7891542,0.16990988597502016,4.0,1,3.0,1,0.0,0,2.0,1,0.0,0,0,False
TAGTAAACGTCACA-1,0,4042.0,1157,2.4902198,1.7557354884085417,1.0,1,1.0,1,1.0,1,2.0,2,0.0,0,1,False
TAGTAATGAGATCC-1,0,1812.0,705,-0.5180089,-0.571515071006886,0.0,0,1.0,1,0.0,0,1.0,1,0.0,0,0,False
TAGTACCTAAGAAC-1,1,1663.0,675,-0.71900713,-0.7259786037114498,0.0,0,1.0,1,0.0,0,78.0,4,0.0,0,1,False
TAGTATGATCTTAC-1,3,1833.0,709,-0.4896803,-0.5509199333129442,0.0,0,7.0,3,0.0,0,2.0,2,0.0,0,2,True
TAGTATGATTCTCA-1,0,3357.0,989,1.5661676,0.8907397052629845,2.0,2,4.0,1,0.0,0,1.0,1,0.0,0,1,False
TAGTCTTGGCTGTA-1,0,652.0,270,-2.0828276,-2.8112362952230607,0.0,0,0.0,0,0.0,0,0.0,0,0.0,0,0,False
TAGTCTTGGGACTT-1,0,943.0,443,-1.6902739,-1.9204965899600763,2.0,2,0.0,0,3.0,3,2.0,1,0.0,0,2,True
TAGTCTTGTGGAAA-1,2,2206.0,891,0.013489815,0.38615883176140947,2.0,2,2.0,2,27.0,2,1.0,1,0.0,0,3,True
TAGTGGTGAAGTGA-1,2,2003.0,1037,-0.26035345,1.1378813575902866,0.0,0,2.0,1,26.0,2,0.0,0,0.0,0,1,False
TAGTTAGAACCACA-1,2,1735.0,830,-0.6218805,0.07208298192879643,0.0,0,1.0,1,29.0,2,0.0,0,0.0,0,1,False
TAGTTAGATGAACC-1,0,2215.0,813,0.02563065,-0.015446353270456379,1.0,1,2.0,1,1.0,1,1.0,1,0.0,0,0,False
TATAAGACAACAGA-1,2,982.0,437,-1.6376636,-1.9513892965009891,5.0,2,1.0,1,12.0,2,1.0,1,0.0,0,2,True
TATAAGACAGCTCA-1,4,4145.0,1396,2.629165,2.9862949656215667,0.0,0,2.0,1,1.0,1,41.0,2,0.0,0,1,False
TATAAGTGACACCA-1,4,3898.0,1339,2.2959666,2.6928142534828954,0.0,0,4.0,1,0.0,0,27.0,3,0.0,0,1,False
TATAAGTGTATCGG-1,1,973.0,480,-1.6498045,-1.7299915662911145,0.0,0,1.0,1,0.0,0,67.0,4,0.0,0,1,False
TATAAGTGTGGTGT-1,4,4913.0,1517,3.6651828,3.609297880863307,1.0,1,4.0,1,0.0,0,28.0,2,0.0,0,1,False
TATACAGAACCCTC-1,2,1975.0,703,-0.2981249,-0.5818126398538569,2.0,1,1.0,1,22.0,1,0.0,0,0.0,0,0,False
TATACAGAAGAACA-1,0,1662.0,622,-0.72035617,-0.9988641781561791,2.0,1,0.0,0,0.0,0,4.0,3,0.0,0,1,False
TATACAGATCCAGA-1,0,2248.0,822,0.07014704,0.030892706540912758,5.0,2,2.0,1,1.0,1,1.0,1,0.0,0,1,False
TATACCACCTGATG-1,3,1971.0,730,-0.30352086,-0.44279546041974954,0.0,0,19.0,3,0.0,0,1.0,1,0.0,0,1,False
TATACGCTACCAAC-1,0,2143.0,780,-0.071496025,-0.18535623924547653,5.0,2,3.0,1,0.0,0,1.0,1,0.0,0,1,False
TATAGATGGACGGA-1,0,2087.0,848,-0.14703898,0.1647611015515347,5.0,2,0.0,0,1.0,1,1.0,1,0.0,0,1,False
TATAGATGTTCCGC-1,4,3648.0,1207,1.9587212,2.0131747095828145,0.0,0,2.0,1,4.0,1,50.0,4,0.0,0,1,False
TATCACTGACTGTG-1,1,1288.0,510,-1.2248752,-1.5755280335865507,0.0,0,0.0,0,0.0,0,106.0,4,0.0,0,1,False
TATCCAACCAGCTA-1,1,1074.0,472,-1.5135573,-1.7711818416789982,0.0,0,0.0,0,1.0,1,74.0,4,0.0,0,1,False
TATCCAACTCTCTA-1,2,1971.0,836,-0.30352086,0.1029756884697092,6.0,2,0.0,0,2.0,1,1.0,1,0.0,0,1,False
TATCGACTACTAGC-1,2,1478.0,643,-0.96856874,-0.8907397052629845,0.0,0,1.0,1,35.0,3,0.0,0,0.0,0,1,False
TATCGACTCGATAC-1,4,3150.0,1100,1.2869284,1.4622547762698705,1.0,1,2.0,1,0.0,0,23.0,3,0.0,0,1,False
TATCGTACAGATGA-1,2,2185.0,879,-0.014838797,0.32437341867958397,4.0,2,1.0,1,4.0,2,1.0,1,0.0,0,2,True
TATCGTACATTCCT-1,1,2323.0,894,0.17132066,0.4016051850318659,0.0,0,0.0,0,1.0,1,41.0,4,0.0,0,1,False
TATCTCGAGAGATA-1,0,1173.0,407,-1.3800081,-2.105852829205553,2.0,1,0.0,0,0.0,0,0.0,0,0.0,0,0,False
TATCTGACAGGTTC-1,2,1888.0,832,-0.4154863,0.08238055077576735,7.0,1,2.0,1,19.0,1,1.0,1,0.0,0,0,False
TATCTGACTGTTTC-1,2,2659.0,842,0.6245785,0.13386839501062195,6.0,2,3.0,1,3.0,1,1.0,1,0.0,0,1,False
TATCTTCTAAACAG-1,0,3050.0,927,1.1520302,0.571515071006886,4.0,2,0.0,0,0.0,0,1.0,1,0.0,0,1,False
TATGAATGGAGGAC-1,2,2028.0,915,-0.2266289,0.5097296579250605,5.0,2,1.0,1,31.0,2,1.0,1,0.0,0,2,True
TATGAATGTTTGCT-1,4,3725.0,1269,2.0625927,2.332399343838913,0.0,0,0.0,0,0.0,0,42.0,4,0.0,0,1,False
TATGCGGATAACCG-1,0,1373.0,652,-1.1102118,-0.8444006454516154,5.0,1,2.0,1,0.0,0,0.0,0,0.0,0,0,False
TATGGGTGCATCAG-1,2,3544.0,1457,1.8184271,3.3003708154541798,0.0,0,2.0,1,77.0,3,2.0,2,0.0,0,2,True
TATGGGTGCTAGCA-1,3,2022.0,839,-0.2347228,0.11842204174016557,0.0,0,6.0,2,0.0,0,0.0,0,0.0,0,1,False
TATGGTCTCTACCC-1,0,1897.0,705,-0.4033455,-0.571515071006886,3.0,2,1.0,1,0.0,0,1.0,1,0.0,0,1,False
TATGTCACGGAACG-1,3,3333.0,953,1.533792,0.705383466017508,0.0,0,26.0,3,0.0,0,2.0,1,1.0,1,2,True
TATGTCACTAACCG-1,1,3464.0,1216,1.7105086,2.059513769394184,0.0,0,4.0,1,1.0,1,34.0,3,0.0,0,1,False
TATGTCACTTCTCA-1,3,1384.0,608,-1.095373,-1.0709471600849756,0.0,0,6.0,2,0.0,0,0.0,0,0.0,0,1,False
TATGTGCTCCGATA-1,1,2909.0,967,0.9618238,0.7774664479463044,0.0,0,4.0,1,0.0,0,154.0,4,0.0,0,1,False
TATGTGCTGGATTC-1,0,2276.0,789,0.10791852,-0.1390171794341074,4.0,2,2.0,1,0.0,0,1.0,1,0.0,0,1,False
TATTGCTGAAGAAC-1,1,805.0,382,-1.8764334,-2.2345724397926894,0.0,0,0.0,0,0.0,0,35.0,4,0.0,0,1,False
TATTGCTGCCGTTC-1,0,1288.0,532,-1.2248752,-1.4622547762698705,0.0,0,0.0,0,0.0,0,0.0,0,0.0,0,0,False
TATTGCTGTCTGGA-1,0,2093.0,627,-0.1389451,-0.9731202560387519,5.0,2,2.0,1,0.0,0,0.0,0,0.0,0,1,False
TATTGCTGTGCACA-1,2,780.0,388,-1.9101579,-2.203679733251777,0.0,0,0.0,0,4.0,1,0.0,0,0.0,0,0,False
TATTTCCTATTGGC-1,1,1638.0,655,-0.7527317,-0.828954292181159,0.0,0,1.0,1,1.0,1,43.0,4,0.0,0,1,False
TATTTCCTGGAGGT-1,2,2263.0,1101,0.090381764,1.467403560693356,0.0,0,1.0,1,37.0,2,3.0,1,0.0,0,1,False
TATTTCCTGGTGTT-1,0,2208.0,781,0.016187778,-0.18020745482199108,1.0,1,5.0,2,1.0,1,1.0,1,0.0,0,1,False
TCAACACTGTTTGG-1,2,2764.0,1230,0.7662215,2.1315967513229803,0.0,0,2.0,1,77.0,3,0.0,0,0.0,0,1,False
TCAAGGACAGCGTT-1,0,1738.0,617,-0.61783355,-1.0246081002736065,4.0,2,0.0,0,0.0,0,0.0,0,0.0,0,1,False
TCAAGGACATTCTC-1,2,1217.0,588,-1.320653,-1.1739228485546849,3.0,2,1.0,1,6.0,2,0.0,0,0.0,0,2,True
TCAAGGACGGTGTT-1,1,2070.0,754,-0.16997167,-0.3192246342560985,0.0,0,1.0,1,2.0,2,99.0,4,0.0,0,2,True
TCAATCACACTCTT-1,2,2134.0,882,-0.08363686,0.3398197719500403,4.0,1,2.0,1,26.0,1,0.0,0,1.0,1,1,False
TCAATCACAGTCGT-1,4,2581.0,907,0.5193579,0.4685393825371768,0.0,0,2.0,1,1.0,1,30.0,4,0.0,0,1,False
TCACAACTATGTGC-1,0,1839.0,661,-0.4815864,-0.7980615856402462,3.0,1,1.0,1,0.0,0,2.0,2,0.0,0,1,False
TCACAACTTTGCTT-1,1,1299.0,557,-1.2100364,-1.3335351656827341,1.0,1,2.0,1,0.0,0,92.0,4,0.0,0,1,False
TCACATACACTTTC-1,0,2579.0,946,0.5166599,0.6693419750531098,7.0,2,4.0,1,2.0,2,0.0,0,0.0,0,2,True
TCACATACAGGGTG-1,0,1202.0,490,-1.3408877,-1.6785037220562598,4.0,2,1.0,1,0.0,0,1.0,1,0.0,0,1,False
TCACCCGAGACGGA-1,1,4217.0,1383,2.7262917,2.9193607681162557,0.0,0,4.0,1,3.0,1,145.0,4,0.0,0,1,False
TCACCGTGCTCGCT-1,4,4572.0,1477,3.2051802,3.403346503923889,0.0,0,6.0,2,3.0,1,26.0,3,0.0,0,2,True
TCACCTCTACGACT-1,2,2130.0,822,-0.089032784,0.030892706540912758,4.0,2,0.0,0,7.0,1,3.0,3,0.0,0,2,True
TCACCTCTTCCAAG-1,4,2765.0,1064,0.7675705,1.276898537024394,0.0,0,4.0,1,1.0,1,37.0,4,0.0,0,1,False
TCACGAGAGGAGGT-1,3,1644.0,681,-0.7446378,-0.695085897170537,0.0,0,8.0,3,0.0,0,0.0,0,0.0,0,1,False
TCACTATGGGGCAA-1,2,1429.0,650,-1.0346688,-0.8546982142985863,3.0,2,0.0,0,4.0,1,1.0,1,0.0,0,1,False
TCACTATGGTTGTG-1,3,808.0,363,-1.8723863,-2.332399343838913,0.0,0,2.0,2,0.0,0,0.0,0,0.0,0,1,False
TCAGACGACGCTAA-1,0,2308.0,823,0.15108593,0.036041490964398216,6.0,2,1.0,1,1.0,1,0.0,0,0.0,0,1,False
TCAGACGACGTTAG-1,2,2037.0,932,-0.21448806,0.5972589931243133,0.0,0,1.0,1,29.0,2,4.0,2,0.0,0,2,True
TCAGAGACTCCAGA-1,0,2093.0,611,-0.1389451,-1.0555008068145193,3.0,2,0.0,0,0.0,0,0.0,0,0.0,0,1,False
TCAGCAGACTCCAC-1,0,2638.0,884,0.5962498,0.35011734079701123,1.0,1,1.0,1,0.0,0,1.0,1,0.0,0,0,False
TCAGCGCTCTAGTG-1,2,1778.0,803,-0.5638743,-0.06693419750531097,3.0,2,1.0,1,4.0,1,0.0,0,0.0,0,1,False
TCAGCGCTGGATCT-1,3,1275.0,530,-1.242412,-1.4725523451168414,0.0,0,10.0,3,0.0,0,1.0,1,0.0,0,1,False
TCAGCGCTGGTATC-1,2,2359.0,860,0.219884,0.22654651463336023,8.0,2,0.0,0,7.0,2,0.0,0,0.0,0,2,True
TCAGGATGAAGTAG-1,0,1617.0,645,-0.78106034,-0.8804421364160135,5.0,2,1.0,1,0.0,0,0.0,0,0.0,0,1,False
TCAGGATGCCTTTA-1,4,3121.0,1141,1.247808,1.6733549376327743,0.0,0,4.0,1,2.0,1,30.0,2,1.0,1,2,True
TCAGTGGAAGATCC-1,2,1688.0,736,-0.68528265,-0.4119027538788368,5.0,2,2.0,1,8.0,1,0.0,0,0.0,0,1,False
TCAGTTACCTACGA-1,1,2573.0,954,0.508566,0.7105322504409934,0.0,0,2.0,1,0.0,0,243.0,4,0.0,0,1,False
TCAGTTACTAGAAG-1,0,2237.0,824,0.05530824,0.041190275387883675,0.0,0,2.0,1,0.0,0,2.0,1,0.0,0,0,False
TCATCAACCCGATA-1,0,2338.0,723,0.19155538,-0.4788369513841477,8.0,2,0.0,0,0.0,0,0.0,0,0.0,0,1,False
TCATCAACTGTTCT-1,1,4047.0,1169,2.496965,1.8175209014903673,0.0,0,2.0,1,0.0,0,82.0,4,1.0,1,2,True
TCATCATGCAGTTG-1,0,2218.0,840,0.029677594,0.12357082616365103,13.0,2,1.0,1,1.0,1,1.0,1,0.0,0,1,False
TCATCCCTTACTGG-1,0,2833.0,1005,0.85930127,0.9731202560387519,10.0,2,2.0,1,4.0,1,2.0,2,0.0,0,2,True
TCATTCGATACAGC-1,4,4629.0,1416,3.282072,3.0892706540912758,0.0,0,3.0,1,0.0,0,44.0,3,0.0,0,1,False
TCCACGTGGAAACA-1,0,3198.0,952,1.3516796,0.7002346815940225,4.0,2,3.0,1,0.0,0,3.0,3,0.0,0,2,True
TCCACTCTACACTG-1,0,2047.0,827,-0.20099825,0.05663662865834006,4.0,2,4.0,1,1.0,1,2.0,2,0.0,0,2,True
TCCACTCTGAGCTT-1,1,3183.0,1035,1.3314447,1.1275837887433156,0.0,0,7.0,1,1.0,1,92.0,4,0.0,0,1,False
TCCACTCTTACTTC-1,3,1502.0,632,-0.93619317,-0.9473763339213246,0.0,0,8.0,2,0.0,0,2.0,2,0.0,0,2,True
TCCATAACAAAGTG-1,0,2226.0,750,0.040469445,-0.3398197719500403,3.0,1,2.0,2,0.0,0,0.0,0,0.0,0,1,False
TCCATAACCGTAGT-1,3,2093.0,846,-0.1389451,0.15446353270456378,0.0,0,25.0,3,0.0,0,0.0,0,0.0,0,1,False
TCCATAACGATGAA-1,0,2553.0,1031,0.4815864,1.1069886510493738,4.0,2,1.0,1,0.0,0,2.0,2,0.0,0,2,True
TCCATAACTACGCA-1,0,2496.0,858,0.40469447,0.2162489457863893,1.0,1,2.0,1,2.0,2,1.0,1,0.0,0,1,False
TCCATCCTCCCTAC-1,2,2010.0,890,-0.25091058,0.381010047337924,5.0,1,0.0,0,21.0,2,0.0,0,1.0,1,2,True
TCCCACGATCATTC-1,0,2636.0,893,0.5935519,0.3964564006083804,1.0,1,2.0,1,0.0,0,1.0,1,1.0,1,1,False
TCCCATCTCAAAGA-1,1,3217.0,1030,1.3773102,1.1018398666258884,1.0,1,4.0,2,0.0,0,304.0,4,0.0,0,2,True
TCCCGAACACAGTC-1,2,1721.0,912,-0.6407662,0.4942833046546041,0.0,0,3.0,1,36.0,2,0.0,0,0.0,0,1,False
TCCCGAACTTCGCC-1,4,4177.0,1383,2.6723325,2.9193607681162557,0.0,0,2.0,1,2.0,2,32.0,3,0.0,0,2,True
TCCCGATGAGATCC-1,0,1770.0,747,-0.57466614,-0.3552661252204967,3.0,1,2.0,1,0.0,0,2.0,1,0.0,0,0,False
TCCCGATGCCTGAA-1,1,810.0,416,-1.8696884,-2.059513769394184,0.0,0,1.0,1,0.0,0,33.0,4,0.0,0,1,False
TCCCGATGCTGTGA-1,2,1887.0,739,-0.4168353,-0.3964564006083804,4.0,2,1.0,1,0.0,0,1.0,1,0.0,0,1,False
TCCCTACTCAACTG-1,3,1717.0,703,-0.64616215,-0.5818126398538569,0.0,0,7.0,3,0.0,0,0.0,0,0.0,0,1,False
TCCGAAGACAATCG-1,1,1103.0,522,-1.4744369,-1.513742620504725,0.0,0,0.0,0,1.0,1,61.0,4,0.0,0,1,False
TCCGAAGACGTTAG-1,0,2865.0,855,0.9024686,0.20080259251593294,2.0,1,1.0,1,0.0,0,0.0,0,0.0,0,0,False
TCCGGACTGAGGTG-1,0,2387.0,914,0.25765547,0.504580873501575,4.0,2,1.0,1,0.0,0,2.0,1,0.0,0,1,False
TCCGGACTGTACGT-1,2,1940.0,740,-0.34533927,-0.3913076161848949,2.0,2,3.0,1,7.0,2,1.0,1,0.0,0,2,True
TCCTAAACATCGAC-1,0,893.0,381,-1.757723,-2.239721224216175,0.0,0,0.0,0,0.0,0,0.0,0,0.0,0,0,False
TCCTAAACCGAGAG-1,0,3318.0,1076,1.5135573,1.3386839501062195,8.0,2,1.0,1,1.0,1,0.0,0,0.0,0,1,False
TCCTAAACCGCATA-1,2,1384.0,669,-1.095373,-0.7568713102523625,0.0,0,0.0,0,38.0,3,0.0,0,0.0,0,1,False
TCCTAATGGTTTGG-1,2,2659.0,1100,0.6245785,1.4622547762698705,11.0,2,2.0,1,20.0,2,1.0,1,0.0,0,2,True
TCCTACCTGTCGTA-1,0,2507.0,857,0.41953325,0.21110016136290385,3.0,2,3.0,1,0.0,0,1.0,1,0.0,0,1,False
TCCTATGAAAAGCA-1,2,1544.0,662,-0.879536,-0.7929128012167608,6.0,2,2.0,1,9.0,1,1.0,1,0.0,0,1,False
TCGAATCTCTGGTA-1,2,1305.0,581,-1.2019426,-1.209964339519083,5.0,2,3.0,1,11.0,1,0.0,0,0.0,0,1,False
TCGACCTGCCGATA-1,4,2173.0,845,-0.031026576,0.14931474828107832,1.0,1,1.0,1,0.0,0,40.0,3,0.0,0,1,False
TCGACGCTTCTATC-1,1,2540.0,880,0.46404964,0.3295222031030694,1.0,1,3.0,1,0.0,0,99.0,4,1.0,1,2,True
TCGACGCTTTGACG-1,0,2194.0,821,-0.002697963,0.0257439221174273,7.0,1,1.0,1,0.0,0,3.0,2,0.0,0,1,False
TCGAGAACGACAGG-1,0,2494.0,833,0.4019965,0.08752933519925281,0.0,0,0.0,0,0.0,0,1.0,1,0.0,0,0,False
TCGAGAACGTTAGC-1,0,3383.0,1289,1.6012411,2.4353750323086225,9.0,2,1.0,1,0.0,0,2.0,2,0.0,0,2,True
TCGAGCCTATCAGC-1,3,1487.0,596,-0.95642793,-1.1327325731668012,0.0,0,8.0,3,0.0,0,3.0,2,0.0,0,2,True
TCGAGCCTGCGAGA-1,2,3235.0,1128,1.4015918,1.6064207401274635,4.0,2,1.0,1,7.0,1,3.0,1,0.0,0,1,False
TCGAGCCTTGTGAC-1,0,2607.0,792,0.55443144,-0.12357082616365103,3.0,2,3.0,1,0.0,0,1.0,1,0.0,0,1,False
TCGATACTATTCCT-1,0,2484.0,836,0.38850668,0.1029756884697092,4.0,2,0.0,0,2.0,1,0.0,0,0.0,0,1,False
TCGATACTTGCACA-1,0,1825.0,765,-0.5004721,-0.2625880055977584,3.0,2,4.0,1,0.0,0,0.0,0,0.0,0,1,False
TCGATTTGATGCCA-1,1,2115.0,767,-0.1092675,-0.2522904367507875,0.0,0,1.0,1,3.0,2,182.0,4,0.0,0,2,True
TCGATTTGCACTCC-1,0,2505.0,814,0.4168353,-0.010297568846970919,5.0,1,2.0,1,0.0,0,2.0,2,0.0,0,1,False
TCGATTTGCAGCTA-1,2,1685.0,809,-0.68932956,-0.036041490964398216,0.0,0,0.0,0,49.0,2,0.0,0,0.0,0,1,False
TCGATTTGCCTACC-1,1,2280.0,911,0.11331445,0.48913452023111864,0.0,0,1.0,1,1.0,1,75.0,4,0.0,0,1,False
TCGATTTGTCGTGA-1,3,2734.0,815,0.72575206,-0.005148784423485459,1.0,1,14.0,3,0.0,0,0.0,0,0.0,0,1,False
TCGCACACCATCAG-1,1,891.0,468,-1.7604209,-1.79177697937294,0.0,0,2.0,1,0.0,0,33.0,4,0.0,0,1,False
TCGCAGCTAGATCC-1,2,2098.0,790,-0.1322002,-0.13386839501062195,2.0,2,1.0,1,5.0,1,0.0,0,0.0,0,1,False
TCGCCATGAGACTC-1,0,1862.0,663,-0.45055982,-0.7877640167932753,3.0,1,1.0,1,0.0,0,0.0,0,0.0,0,0,False
TCGCCATGTGGTCA-1,3,1581.0,702,-0.82962364,-0.5869614242773424,0.0,0,19.0,3,0.0,0,1.0,1,0.0,0,1,False
TCGGACCTAACAGA-1,0,2908.0,873,0.96047485,0.2934807121386712,7.0,2,4.0,1,0.0,0,2.0,2,0.0,0,2,True
TCGGACCTATAAGG-1,3,1368.0,657,-1.1169567,-0.818656723334188,0.0,0,22.0,3,0.0,0,1.0,1,0.0,0,1,False
TCGGACCTGTACAC-1,0,5599.0,1566,4.5905843,3.861588317614095,8.0,2,6.0,2,0.0,0,0.0,0,0.0,0,2,True
TCGGTAGAGTAGGG-1,0,2104.0,688,-0.1241063,-0.6590444062061388,10.0,2,2.0,1,0.0,0,0.0,0,0.0,0,1,False
TCGGTAGATCCCAC-1,3,2176.0,748,-0.02697963,-0.35011734079701123,0.0,0,32.0,3,0.0,0,1.0,1,0.0,0,1,False
TCGTAGGATCGACA-1,0,2904.0,1075,0.95507896,1.3335351656827341,3.0,2,0.0,0,0.0,0,2.0,1,0.0,0,1,False
TCGTGAGAACTGTG-1,3,647.0,325,-2.0895724,-2.5280531519313607,0.0,0,6.0,3,1.0,1,1.0,1,0.0,0,1,False
TCGTTATGGACAAA-1,0,2162.0,782,-0.04586537,-0.17505867039850562,3.0,1,2.0,1,0.0,0,2.0,2,0.0,0,1,False
TCTAACACCAGTTG-1,2,1086.0,540,-1.4973695,-1.4210645008819869,0.0,0,0.0,0,12.0,1,1.0,1,0.0,0,0,False
TCTAACACGAGCAG-1,5,3176.0,1094,1.3220019,1.4313620697289577,0.0,0,6.0,1,2.0,2,33.0,3,0.0,0,2,True
TCTAACTGAACCAC-1,0,2300.0,838,0.14029408,0.11327325731668011,4.0,2,0.0,0,1.0,1,3.0,2,0.0,0,2,True
TCTAAGCTAATGCC-1,0,2512.0,806,0.42627817,-0.0514878442348546,4.0,2,3.0,1,0.0,0,3.0,1,0.0,0,1,False
TCTAAGCTTAGTCG-1,2,1791.0,789,-0.54633754,-0.1390171794341074,3.0,2,1.0,1,21.0,1,1.0,1,0.0,0,1,False
TCTAAGCTTCTAGG-1,4,3781.0,1262,2.1381357,2.296357852874515,0.0,0,2.0,1,0.0,0,34.0,2,0.0,0,1,False
TCTAAGCTTGTTCT-1,1,2050.0,756,-0.1969513,-0.30892706540912757,0.0,0,1.0,1,0.0,0,110.0,4,1.0,1,2,True
TCTAAGCTTTCGCC-1,3,685.0,367,-2.038311,-2.3118042061449713,0.0,0,5.0,3,0.0,0,0.0,0,0.0,0,1,False
TCTACAACGACTAC-1,1,2562.0,1020,0.49372724,1.0503520223910336,0.0,0,1.0,1,0.0,0,106.0,4,0.0,0,1,False
TCTAGACTTAGAAG-1,1,1831.0,727,-0.49237826,-0.4582418136902059,0.0,0,4.0,1,0.0,0,96.0,4,0.0,0,1,False
TCTAGTTGCACCAA-1,4,3302.0,1100,1.4919736,1.4622547762698705,0.0,0,1.0,1,0.0,0,47.0,4,0.0,0,1,False
TCTATGTGAAGAGT-1,1,1129.0,476,-1.4393634,-1.7505867039850562,0.0,0,0.0,0,0.0,0,25.0,4,0.0,0,1,False
TCTATGTGAGTCTG-1,2,951.0,488,-1.679482,-1.6888012909032308,1.0,1,0.0,0,2.0,1,0.0,0,0.0,0,0,False
TCTCAAACCTAAGC-1,3,1477.0,616,-0.9699177,-1.029756884697092,0.0,0,16.0,1,0.0,0,0.0,0,0.0,0,0,False
TCTCTAGAATTTCC-1,0,2723.0,940,0.7109133,0.638449268512197,31.0,2,1.0,1,1.0,1,2.0,1,0.0,0,1,False
TCTGATACACGTGT-1,0,2224.0,770,0.037771482,-0.23684408348033115,5.0,2,2.0,1,0.0,0,2.0,2,0.0,0,2,True
TCTGATACTCGCCT-1,0,2448.0,781,0.33994335,-0.18020745482199108,2.0,2,3.0,1,0.0,0,0.0,0,0.0,0,1,False
TCTTACGAACCTGA-1,1,2154.0,845,-0.056657225,0.14931474828107832,0.0,0,0.0,0,1.0,1,136.0,4,0.0,0,1,False
TCTTCAGAGCTACA-1,1,3624.0,1302,1.9263456,2.5023092298139336,0.0,0,6.0,1,1.0,1,95.0,3,0.0,0,1,False
TCTTGATGCGGAGA-1,2,2273.0,821,0.10387158,0.0257439221174273,7.0,2,0.0,0,18.0,1,1.0,1,0.0,0,1,False
TGAAATTGGTGAGG-1,1,3345.0,1108,1.5499798,1.5034450516577542,0.0,0,3.0,1,2.0,1,172.0,4,1.0,1,2,True
TGAACCGAAAACGA-1,0,2181.0,748,-0.020234723,-0.35011734079701123,3.0,2,0.0,0,1.0,1,0.0,0,0.0,0,1,False
TGAACCGACTACTT-1,4,2912.0,1127,0.9658708,1.6012719557039778,0.0,0,3.0,1,0.0,0,22.0,4,0.0,0,1,False
TGAACCGATTCGGA-1,4,2869.0,956,0.9078646,0.7208298192879643,1.0,1,4.0,1,2.0,1,16.0,2,0.0,0,1,False
TGAAGCACTCACGA-1,2,1915.0,740,-0.3790638,-0.3913076161848949,2.0,1,0.0,0,10.0,2,0.0,0,0.0,0,1,False
TGAAGCTGAACGAA-1,0,2511.0,779,0.42492917,-0.190505023668962,2.0,1,1.0,1,1.0,1,4.0,3,0.0,0,1,False
TGAAGCTGAGACTC-1,0,609.0,279,-2.1408336,-2.764897235411692,1.0,1,0.0,0,0.0,0,0.0,0,0.0,0,0,False
TGAAGCTGCATGGT-1,3,2028.0,823,-0.2266289,0.036041490964398216,0.0,0,8.0,2,0.0,0,0.0,0,0.0,0,1,False
TGAAGCTGCGTAAC-1,0,2177.0,750,-0.02563065,-0.3398197719500403,2.0,2,3.0,1,0.0,0,0.0,0,0.0,0,1,False
TGAATAACCACTTT-1,0,2590.0,871,0.53149873,0.2831831432917003,8.0,2,0.0,0,0.0,0,1.0,1,0.0,0,1,False
TGAATAACTCCCAC-1,2,2140.0,937,-0.075542964,0.6230029152417406,2.0,1,44.0,1,17.0,2,1.0,1,0.0,0,1,False
TGACACGACCTTAT-1,3,1510.0,606,-0.92540133,-1.0812447289319465,0.0,0,10.0,2,0.0,0,2.0,1,0.0,0,1,False
TGACCAGACAACCA-1,0,1799.0,697,-0.53554565,-0.6127053463947697,4.0,1,1.0,1,0.0,0,1.0,1,0.0,0,0,False
TGACCAGAGGATTC-1,0,1923.0,705,-0.36827195,-0.571515071006886,3.0,1,1.0,1,0.0,0,0.0,0,0.0,0,0,False
TGACCGCTAAAAGC-1,0,3020.0,962,1.1115608,0.7517225258288771,7.0,2,3.0,2,0.0,0,1.0,1,0.0,0,2,True
TGACCGCTCTGCAA-1,0,1925.0,606,-0.365574,-1.0812447289319465,3.0,1,1.0,1,0.0,0,1.0,1,0.0,0,0,False
TGACGATGCAAAGA-1,1,1632.0,620,-0.7608256,-1.00916174700315,0.0,0,1.0,1,0.0,0,109.0,4,0.0,0,1,False
TGACGCCTGTACCA-1,0,5155.0,1646,3.9916363,4.2734910714929315,9.0,2,6.0,2,1.0,1,3.0,1,0.0,0,2,True
TGACGCCTTTACTC-1,0,2608.0,1088,0.5557804,1.400469363188045,4.0,2,2.0,1,0.0,0,2.0,1,0.0,0,1,False
TGACTGGAAGAGAT-1,1,1442.0,545,-1.017132,-1.3953205787645595,0.0,0,1.0,1,0.0,0,115.0,4,0.0,0,1,False
TGACTGGACCGTAA-1,0,1491.0,667,-0.951032,-0.7671688790993335,2.0,2,5.0,1,1.0,1,0.0,0,0.0,0,1,False
TGACTGGACGCAAT-1,0,1754.0,615,-0.5962498,-1.0349056691205774,8.0,2,4.0,1,0.0,0,5.0,1,0.0,0,1,False
TGACTGGAGGACAG-1,3,1848.0,719,-0.4694456,-0.49943208907808956,1.0,1,16.0,3,0.0,0,2.0,1,0.0,0,1,False
TGACTGGATTCTCA-1,0,4073.0,1191,2.5320385,1.9307941588070474,9.0,2,2.0,1,1.0,1,3.0,1,0.0,0,1,False
TGACTTACACACCA-1,0,3323.0,1018,1.5203022,1.0400544535440628,5.0,2,5.0,3,0.0,0,1.0,1,0.0,0,2,True
TGACTTACAGTCTG-1,1,4135.0,1290,2.6156752,2.440523816732108,1.0,1,2.0,1,0.0,0,301.0,4,0.0,0,1,False
TGACTTTGCGCATA-1,0,2347.0,757,0.2036962,-0.30377828098564214,5.0,2,2.0,1,0.0,0,0.0,0,0.0,0,1,False
TGACTTTGTTTGTC-1,0,2288.0,854,0.1241063,0.19565380809244745,3.0,2,1.0,1,0.0,0,2.0,2,0.0,0,2,True
TGAGACACAAGGTA-1,0,5135.0,1546,3.9646568,3.7586126291443853,3.0,2,4.0,1,3.0,1,1.0,1,0.0,0,1,False
TGAGACACTCAAGC-1,2,1815.0,742,-0.513962,-0.381010047337924,3.0,1,0.0,0,7.0,2,1.0,1,0.0,0,1,False
TGAGACACTGTGCA-1,0,768.0,410,-1.9263456,-2.0904064759350964,1.0,1,0.0,0,0.0,0,0.0,0,0.0,0,0,False
TGAGCTGAATGCTG-1,4,4164.0,1371,2.6547956,2.85757535503443,0.0,0,4.0,1,3.0,1,29.0,4,0.0,0,1,False
TGAGCTGACTGGAT-1,1,2132.0,802,-0.08633482,-0.07208298192879643,0.0,0,1.0,1,0.0,0,200.0,4,3.0,2,2,True
TGAGCTGAGCGAGA-1,0,664.0,280,-2.0666397,-2.7597484509882064,0.0,0,0.0,0,0.0,0,0.0,0,0.0,0,0,False
TGAGCTGATGCTAG-1,1,661.0,337,-2.0706866,-2.466267738849535,0.0,0,1.0,1,0.0,0,18.0,4,0.0,0,1,False
TGAGGACTCTCATT-1,1,3665.0,1117,1.9816539,1.5497841114691233,0.0,0,6.0,1,0.0,0,306.0,4,0.0,0,1,False
TGAGGACTTCATTC-1,0,3087.0,1026,1.2019426,1.0812447289319465,4.0,2,1.0,1,0.0,0,2.0,2,0.0,0,2,True
TGAGGTACGAACCT-1,4,4752.0,1521,3.4479969,3.629893018557249,0.0,0,8.0,1,1.0,1,30.0,3,0.0,0,1,False
TGAGTCGAGTTACG-1,3,1375.0,643,-1.1075139,-0.8907397052629845,0.0,0,11.0,2,0.0,0,3.0,3,0.0,0,2,True
TGAGTGACTGAGCT-1,0,2456.0,846,0.3507352,0.15446353270456378,4.0,2,1.0,1,0.0,0,1.0,1,0.0,0,1,False
TGATAAACGAATCC-1,0,2518.0,865,0.43437207,0.2522904367507875,4.0,2,1.0,1,0.0,0,1.0,1,0.0,0,1,False
TGATAAACTCCGTC-1,2,2067.0,940,-0.17401862,0.638449268512197,1.0,1,0.0,0,96.0,2,1.0,1,0.0,0,1,False
TGATAAACTTTCAC-1,0,1922.0,751,-0.36962095,-0.3346709875265549,6.0,2,1.0,1,1.0,1,2.0,1,0.0,0,1,False
TGATACCTCACTAG-1,1,1506.0,583,-0.9307973,-1.199666770672112,0.0,0,0.0,0,0.0,0,96.0,4,0.0,0,1,False
TGATACCTGTTGGT-1,0,2215.0,795,0.02563065,-0.10812447289319466,7.0,2,0.0,0,1.0,1,0.0,0,0.0,0,1,False
TGATACCTTATGCG-1,0,2264.0,793,0.09173074,-0.11842204174016557,3.0,2,2.0,1,0.0,0,1.0,1,0.0,0,1,False
TGATACCTTGAAGA-1,0,3061.0,973,1.166869,0.8083591544872172,4.0,2,4.0,1,0.0,0,1.0,1,0.0,0,1,False
TGATATGAACCTTT-1,0,2957.0,935,1.026575,0.6127053463947697,7.0,2,2.0,1,0.0,0,0.0,0,0.0,0,1,False
TGATCACTAGCATC-1,2,1110.0,524,-1.464994,-1.5034450516577542,0.0,0,0.0,0,5.0,2,1.0,1,0.0,0,1,False
TGATCACTCTCGCT-1,0,1843.0,659,-0.47619048,-0.8083591544872172,3.0,1,0.0,0,0.0,0,1.0,1,0.0,0,0,False
TGATCACTTCTACT-1,3,1755.0,606,-0.59490085,-1.0812447289319465,1.0,1,6.0,3,0.0,0,1.0,1,0.0,0,1,False
TGATCGGACTGACA-1,4,4211.0,1433,2.7181978,3.1767999892905285,0.0,0,3.0,2,0.0,0,22.0,3,0.0,0,2,True
TGATCGGAGGAGCA-1,3,1352.0,562,-1.1385404,-1.3077912435653067,0.0,0,13.0,3,0.0,0,0.0,0,0.0,0,1,False
TGATCGGATATGCG-1,4,1526.0,696,-0.90381765,-0.6178541308182551,0.0,0,1.0,1,0.0,0,20.0,3,0.0,0,1,False
TGATTAGACATTGG-1,0,2276.0,925,0.10791852,0.5612175021599151,2.0,2,2.0,1,0.0,0,1.0,1,0.0,0,1,False
TGATTAGATGACTG-1,3,1173.0,515,-1.3800081,-1.5497841114691233,0.0,0,11.0,3,0.0,0,1.0,1,0.0,0,1,False
TGATTAGATGCTAG-1,0,2241.0,718,0.060704168,-0.504580873501575,1.0,1,1.0,1,0.0,0,1.0,1,0.0,0,0,False
TGATTCACTATGCG-1,0,1900.0,598,-0.39929855,-1.1224350043198301,5.0,2,1.0,1,0.0,0,1.0,1,0.0,0,1,False
TGATTCACTGTCAG-1,3,1732.0,638,-0.62592745,-0.9164836273804118,0.0,0,9.0,3,0.0,0,1.0,1,0.0,0,1,False
TGATTCTGCCGAAT-1,0,3100.0,975,1.2194793,0.818656723334188,4.0,2,5.0,1,1.0,1,3.0,2,0.0,0,2,True
TGATTCTGCTCTTA-1,0,2819.0,1018,0.8404155,1.0400544535440628,7.0,2,2.0,2,0.0,0,3.0,1,0.0,0,2,True
TGCAAGTGAGAACA-1,0,2060.0,813,-0.18346149,-0.015446353270456379,3.0,2,2.0,1,0.0,0,0.0,0,0.0,0,1,False
TGCAAGTGGGTAGG-1,1,1702.0,669,-0.66639686,-0.7568713102523625,0.0,0,1.0,1,0.0,0,61.0,4,0.0,0,1,False
TGCAATCTTCAGGT-1,5,6316.0,1902,5.557804,5.591579883905209,0.0,0,5.0,1,1.0,1,117.0,2,0.0,0,1,False
TGCACAGACGACAT-1,2,2460.0,1159,0.35613114,1.7660330572555127,1.0,1,1.0,1,38.0,2,1.0,1,0.0,0,1,False
TGCCAAGAGCAGTT-1,4,2914.0,964,0.96856874,0.762020094675848,0.0,0,5.0,1,2.0,1,39.0,4,0.0,0,1,False
TGCCAAGATCTCTA-1,0,3091.0,933,1.2073385,0.6024077775477987,5.0,2,3.0,1,0.0,0,2.0,1,0.0,0,1,False
TGCCACTGAACGTC-1,0,2652.0,943,0.6151356,0.6538956217826534,2.0,1,1.0,1,0.0,0,0.0,0,0.0,0,0,False
TGCCACTGCGATAC-1,2,1948.0,988,-0.33454743,0.8855909208394991,2.0,1,1.0,1,14.0,1,1.0,1,0.0,0,0,False
TGCCAGCTTGGCAT-1,0,2183.0,789,-0.01753676,-0.1390171794341074,3.0,1,4.0,1,0.0,0,2.0,1,0.0,0,0,False
TGCCCAACAGCAAA-1,0,2790.0,898,0.80129504,0.4222003227258077,1.0,1,2.0,1,0.0,0,1.0,1,0.0,0,0,False
TGCCCAACCGCATA-1,4,2799.0,982,0.81343585,0.8546982142985863,1.0,1,2.0,1,0.0,0,24.0,4,0.0,0,1,False
TGCCGACTCTCCCA-1,3,1901.0,670,-0.39794955,-0.7517225258288771,0.0,0,10.0,3,0.0,0,1.0,1,0.0,0,1,False
TGCGAAACAGTCAC-1,3,2339.0,856,0.19290435,0.2059513769394184,0.0,0,7.0,3,0.0,0,4.0,3,0.0,0,2,True
TGCGAAACGTTGCA-1,3,1417.0,626,-1.0508566,-0.9782690404622373,0.0,0,10.0,3,0.0,0,1.0,1,0.0,0,1,False
TGCGATGAACGGTT-1,0,1827.0,690,-0.49777418,-0.6487468373591679,3.0,2,1.0,1,0.0,0,3.0,2,0.0,0,2,True
TGCGATGACCTCGT-1,0,2220.0,843,0.032375555,0.1390171794341074,1.0,1,1.0,1,0.0,0,2.0,1,0.0,0,0,False
TGCGATGACTAGTG-1,3,2844.0,938,0.87414,0.6281516996652261,0.0,0,14.0,3,1.0,1,2.0,1,0.0,0,1,False
TGCGATGACTGCTC-1,3,2314.0,795,0.15917982,-0.10812447289319466,1.0,1,15.0,3,0.0,0,4.0,3,0.0,0,2,True
TGCGATGACTTGCC-1,3,1950.0,779,-0.33184946,-0.190505023668962,0.0,0,7.0,3,0.0,0,4.0,3,0.0,0,2,True
TGCGATGAGTGCTA-1,1,1914.0,820,-0.3804128,0.020595137693941837,0.0,0,2.0,1,1.0,1,77.0,4,0.0,0,1,False
TGCGCACTCTTGAG-1,1,1056.0,468,-1.5378389,-1.79177697937294,0.0,0,1.0,1,0.0,0,62.0,4,0.0,0,1,False
TGCGTAGAATAAGG-1,1,1587.0,701,-0.82152975,-0.5921102087008279,0.0,0,1.0,1,0.0,0,76.0,4,0.0,0,1,False
TGCGTAGACGGGAA-1,3,1551.0,629,-0.8700931,-0.962822687191781,0.0,0,9.0,3,0.0,0,0.0,0,0.0,0,1,False
TGCGTAGATGGTCA-1,4,5486.0,1557,4.4381495,3.8152492578027255,0.0,0,4.0,1,0.0,0,57.0,4,0.0,0,1,False
TGCTAGGAAACCGT-1,2,2221.0,866,0.03372454,0.257439221174273,8.0,2,0.0,0,0.0,0,0.0,0,0.0,0,1,False
TGCTAGGATAGTCG-1,0,3055.0,900,1.1587751,0.4324978915727786,1.0,1,4.0,1,0.0,0,1.0,1,0.0,0,0,False
TGCTATACGGTTCA-1,1,2120.0,795,-0.1025226,-0.10812447289319466,0.0,0,1.0,1,0.0,0,50.0,4,0.0,0,1,False
TGCTATACTGCTGA-1,2,2582.0,1019,0.5207069,1.0452032379675482,1.0,1,2.0,1,20.0,2,1.0,1,0.0,0,1,False
TGCTGAGAGAGCAG-1,2,1992.0,885,-0.27519223,0.3552661252204967,1.0,1,1.0,1,106.0,3,1.0,1,0.0,0,1,False
TGCTGAGATTATCC-1,0,2752.0,879,0.75003374,0.32437341867958397,2.0,1,2.0,2,0.0,0,1.0,1,0.0,0,1,False
TGGAAAGACTCTCG-1,3,1913.0,714,-0.3817618,-0.5251760111955168,0.0,0,13.0,3,0.0,0,1.0,1,0.0,0,1,False
TGGAAAGAGCGATT-1,0,2878.0,1042,0.92000544,1.1636252797077138,4.0,2,1.0,1,1.0,1,2.0,2,0.0,0,2,True
TGGAAAGAGGTCAT-1,4,3493.0,1237,1.749629,2.1676382422873783,0.0,0,3.0,1,1.0,1,29.0,3,0.0,0,1,False
TGGAAAGATATGGC-1,0,1647.0,565,-0.7405909,-1.2923448902948504,2.0,1,0.0,0,0.0,0,1.0,1,0.0,0,0,False
TGGAACACAAACAG-1,2,1467.0,776,-0.98340756,-0.2059513769394184,1.0,1,0.0,0,35.0,3,0.0,0,0.0,0,1,False
TGGAACACGCTAAC-1,2,1654.0,695,-0.731148,-0.6230029152417406,3.0,2,0.0,0,2.0,1,0.0,0,0.0,0,1,False
TGGAAGCTCAGATC-1,0,1931.0,725,-0.3574801,-0.4685393825371768,3.0,2,2.0,1,0.0,0,1.0,1,0.0,0,1,False
TGGACCCTACACTG-1,1,695.0,364,-2.0248213,-2.3272505594154276,0.0,0,1.0,1,0.0,0,25.0,4,0.0,0,1,False
TGGACCCTCATGGT-1,2,1911.0,810,-0.38445973,-0.030892706540912758,1.0,1,1.0,1,2.0,1,2.0,1,0.0,0,0,False
TGGACCCTGGTACT-1,1,3734.0,1212,2.0747335,2.038918631700242,0.0,0,0.0,0,1.0,1,53.0,4,0.0,0,1,False
TGGACTGAGTATGC-1,0,3266.0,1177,1.4434103,1.858711176878251,10.0,2,1.0,1,0.0,0,0.0,0,0.0,0,1,False
TGGAGACTATCAGC-1,1,3291.0,1130,1.4771348,1.6167183089744344,0.0,0,3.0,1,0.0,0,130.0,4,0.0,0,1,False
TGGAGACTGAAACA-1,0,624.0,272,-2.120599,-2.80093872637609,0.0,0,0.0,0,0.0,0,0.0,0,0.0,0,0,False
TGGAGACTTCAAGC-1,0,2014.0,660,-0.24551465,-0.8032103700637317,5.0,2,2.0,1,0.0,0,0.0,0,0.0,0,1,False
TGGAGACTTGACCA-1,2,2128.0,829,-0.09173074,0.06693419750531097,7.0,2,3.0,1,26.0,1,0.0,0,0.0,0,1,False
TGGAGGGACGGAGA-1,1,2106.0,786,-0.121408336,-0.15446353270456378,0.0,0,0.0,0,0.0,0,52.0,4,0.0,0,1,False
TGGAGGGAGCTATG-1,0,1147.0,471,-1.4150816,-1.7763306261024836,1.0,1,1.0,1,2.0,1,1.0,1,0.0,0,0,False
TGGATCGATAAAGG-1,0,2568.0,835,0.50182116,0.09782690404622373,2.0,1,1.0,1,0.0,0,1.0,1,1.0,1,1,False
TGGATGTGACCTAG-1,3,1633.0,563,-0.7594766,-1.3026424591418213,0.0,0,11.0,3,0.0,0,2.0,1,0.0,0,1,False
TGGATGTGATGTCG-1,2,2586.0,911,0.5261028,0.48913452023111864,7.0,2,2.0,1,39.0,2,2.0,2,0.0,0,3,True
TGGATGTGTGAAGA-1,3,2632.0,926,0.5881559,0.5663662865834006,1.0,1,12.0,3,1.0,1,2.0,1,0.0,0,1,False
TGGATTCTCATACG-1,2,2451.0,958,0.3439903,0.7311273881349353,4.0,2,3.0,1,26.0,1,0.0,0,0.0,0,1,False
TGGCAATGCTTGTT-1,3,1723.0,703,-0.63806826,-0.5818126398538569,0.0,0,6.0,3,0.0,0,1.0,1,0.0,0,1,False
TGGCAATGGAGGGT-1,2,2062.0,736,-0.18076353,-0.4119027538788368,3.0,2,1.0,1,2.0,1,3.0,1,0.0,0,1,False
TGGCACCTTCACGA-1,0,768.0,388,-1.9263456,-2.203679733251777,1.0,1,0.0,0,1.0,1,0.0,0,0.0,0,0,False
TGGCACCTTCAGTG-1,1,1806.0,840,-0.5261028,0.12357082616365103,1.0,1,1.0,1,0.0,0,104.0,4,0.0,0,1,False
TGGGTATGAAGAGT-1,0,3114.0,964,1.238365,0.762020094675848,4.0,2,2.0,1,0.0,0,1.0,1,0.0,0,1,False
TGGGTATGCACAAC-1,0,3099.0,1087,1.2181304,1.3953205787645595,5.0,2,2.0,1,0.0,0,1.0,1,0.0,0,1,False
TGGGTATGGTACGT-1,3,1137.0,511,-1.4285715,-1.5703792491630653,0.0,0,4.0,3,0.0,0,0.0,0,0.0,0,1,False
TGGGTATGTTTGGG-1,1,2341.0,794,0.19560233,-0.11327325731668011,0.0,0,3.0,1,0.0,0,35.0,4,0.0,0,1,False
TGGTAGACATGCCA-1,0,2963.0,900,1.0346688,0.4324978915727786,2.0,1,0.0,0,1.0,1,1.0,1,0.0,0,0,False
TGGTAGACCCTCAC-1,2,1801.0,864,-0.5328477,0.24714165232730206,0.0,0,0.0,0,38.0,3,1.0,1,0.0,0,1,False
TGGTAGACCTGATG-1,0,1696.0,789,-0.67449075,-0.1390171794341074,2.0,1,1.0,1,0.0,0,1.0,1,0.0,0,0,False
TGGTAGTGCACTGA-1,1,1110.0,503,-1.464994,-1.611569524550949,0.0,0,0.0,0,0.0,0,15.0,4,0.0,0,1,False
TGGTATCTAAACAG-1,0,2095.0,701,-0.13624713,-0.5921102087008279,6.0,2,0.0,0,0.0,0,0.0,0,0.0,0,1,False
TGGTATCTCTTCCG-1,0,2483.0,817,0.3871577,0.005148784423485459,2.0,2,3.0,2,0.0,0,1.0,1,0.0,0,2,True
TGGTCAGACCCAAA-1,0,1942.0,790,-0.34264132,-0.13386839501062195,0.0,0,0.0,0,0.0,0,2.0,2,0.0,0,1,False
TGGTCAGACCGTTC-1,2,996.0,542,-1.6187779,-1.410766932035016,0.0,0,0.0,0,20.0,2,0.0,0,0.0,0,1,False
TGGTTACTGACGTT-1,1,2737.0,971,0.72979903,0.7980615856402462,0.0,0,1.0,1,0.0,0,101.0,4,0.0,0,1,False
TGGTTACTGTTCTT-1,0,2609.0,904,0.5571294,0.45309302926672046,2.0,1,0.0,0,1.0,1,1.0,1,0.0,0,0,False
TGTAACCTAGAGGC-1,0,2765.0,871,0.7675705,0.2831831432917003,3.0,2,1.0,1,0.0,0,3.0,2,0.0,0,2,True
TGTAACCTTGCCTC-1,1,2334.0,919,0.18615945,0.5303247956190024,0.0,0,7.0,2,0.0,0,47.0,4,0.0,0,2,True
TGTAATGACACAAC-1,2,1461.0,723,-0.99150145,-0.4788369513841477,0.0,0,0.0,0,17.0,2,0.0,0,0.0,0,1,False
TGTAATGAGGTAAA-1,2,1205.0,628,-1.3368407,-0.9679714716152664,1.0,1,0.0,0,23.0,2,0.0,0,0.0,0,1,False
TGTACTTGCTCTAT-1,4,4907.0,1479,3.657089,3.4136440727708597,0.0,0,7.0,1,2.0,1,44.0,3,0.0,0,1,False
TGTAGGTGCGAGAG-1,3,1142.0,531,-1.4218266,-1.467403560693356,0.0,0,4.0,2,0.0,0,2.0,2,0.0,0,2,True
TGTAGGTGCTATGG-1,0,4232.0,1099,2.7465265,1.4571059918463851,7.0,2,2.0,1,0.0,0,0.0,0,0.0,0,1,False
TGTAGGTGCTCTAT-1,5,6280.0,1906,5.5092406,5.612175021599151,0.0,0,1.0,1,2.0,2,95.0,3,0.0,0,2,True
TGTAGGTGTGCTGA-1,0,2541.0,852,0.46539864,0.18535623924547653,5.0,2,2.0,1,0.0,0,1.0,1,0.0,0,1,False
TGTAGTCTTCCAGA-1,0,4143.0,1255,2.626467,2.2603163619101165,2.0,1,4.0,1,0.0,0,5.0,1,0.0,0,0,False
TGTAGTCTTGCACA-1,2,2176.0,883,-0.02697963,0.3449685563735258,1.0,1,0.0,0,4.0,1,4.0,2,0.0,0,1,False
TGTATCTGTTAGGC-1,0,1996.0,817,-0.2697963,0.005148784423485459,6.0,2,1.0,1,0.0,0,0.0,0,0.0,0,1,False
TGTATGCTCATGGT-1,3,1479.0,619,-0.96721977,-1.0143105314266356,0.0,0,10.0,3,0.0,0,2.0,1,0.0,0,1,False
TGTATGCTGTAGGG-1,0,1454.0,590,-1.0009443,-1.1636252797077138,2.0,1,3.0,1,0.0,0,0.0,0,0.0,0,0,False
TGTATGCTTTCATC-1,0,1966.0,683,-0.31026575,-0.6847883283235662,3.0,2,0.0,0,0.0,0,2.0,2,0.0,0,2,True
TGTCAGGAATACCG-1,0,2763.0,883,0.76487255,0.3449685563735258,7.0,2,2.0,1,0.0,0,2.0,2,0.0,0,2,True
TGTCAGGAGATGAA-1,4,4079.0,1332,2.5401323,2.656772762518497,0.0,0,2.0,1,0.0,0,46.0,4,2.0,2,2,True
TGTCTAACCCCTTG-1,0,1978.0,656,-0.29407796,-0.8238055077576736,3.0,2,2.0,2,0.0,0,0.0,0,0.0,0,2,True
TGTGACGATTCTCA-1,2,3097.0,1226,1.2154324,2.1110016136290386,7.0,2,0.0,0,11.0,1,1.0,1,0.0,0,1,False
TGTGAGACTGTCAG-1,4,2665.0,979,0.63267237,0.8392518610281299,0.0,0,3.0,1,1.0,1,34.0,4,0.0,0,1,False
TGTGAGACTTGAGC-1,0,2446.0,816,0.33724537,0.0,1.0,1,2.0,1,0.0,0,3.0,2,0.0,0,1,False
TGTGAGTGACCACA-1,0,1583.0,582,-0.8269257,-1.2048155550955975,3.0,1,1.0,1,0.0,0,1.0,1,0.0,0,0,False
TGTGAGTGAGTGCT-1,4,4108.0,1368,2.5792527,2.8421290017639738,0.0,0,3.0,1,2.0,2,46.0,4,0.0,0,2,True
TGTGAGTGGAGATA-1,2,968.0,459,-1.6565493,-1.838116039184309,3.0,2,0.0,0,37.0,1,0.0,0,0.0,0,1,False
TGTGATCTCTCTAT-1,3,1690.0,638,-0.68258464,-0.9164836273804118,0.0,0,7.0,3,0.0,0,0.0,0,0.0,0,1,False
TGTGATCTGACACT-1,2,1107.0,470,-1.4690409,-1.781479410525969,0.0,0,0.0,0,0.0,0,2.0,2,0.0,0,1,False
TGTGGATGGCCAAT-1,3,1942.0,647,-0.34264132,-0.8701445675690427,0.0,0,11.0,3,0.0,0,1.0,1,0.0,0,1,False
TGTTAAGACAAAGA-1,1,848.0,414,-1.8184271,-2.0698113382411547,0.0,0,2.0,1,0.0,0,28.0,4,0.0,0,1,False
TGTTAAGATAAGGA-1,1,2172.0,906,-0.032375555,0.4633905981136914,0.0,0,1.0,1,1.0,1,109.0,4,0.0,0,1,False
TGTTAAGATTGGCA-1,1,598.0,308,-2.1556726,-2.6155824871306135,0.0,0,0.0,0,0.0,0,35.0,4,0.0,0,1,False
TGTTACACCGCATA-1,4,3410.0,1147,1.6376636,1.7042476441736871,0.0,0,2.0,1,0.0,0,35.0,4,0.0,0,1,False
TGTTACACGACTAC-1,4,1953.0,732,-0.3278025,-0.4324978915727786,1.0,1,0.0,0,0.0,0,24.0,4,0.0,0,1,False
TGTTACTGGCTACA-1,2,2483.0,992,0.3871577,0.9061860585334409,6.0,2,0.0,0,6.0,1,1.0,1,0.0,0,1,False
TGTTACTGTAGTCG-1,2,1771.0,800,-0.57331717,-0.08238055077576735,1.0,1,2.0,1,25.0,2,1.0,1,0.0,0,1,False
TTAACCACCGTAAC-1,0,2191.0,821,-0.0067449077,0.0257439221174273,2.0,1,1.0,1,1.0,1,2.0,2,0.0,0,1,False
TTAACCACTAAGGA-1,2,1197.0,528,-1.3476325,-1.4828499139638123,4.0,2,0.0,0,6.0,1,0.0,0,0.0,0,1,False
TTAACCACTCAGAC-1,2,1826.0,735,-0.49912316,-0.4170515383023222,3.0,2,1.0,1,2.0,1,1.0,1,0.0,0,1,False
TTACACACGTGTTG-1,0,2612.0,805,0.5611763,-0.05663662865834006,4.0,2,0.0,0,0.0,0,1.0,1,0.0,0,1,False
TTACACACTCCTAT-1,0,2507.0,815,0.41953325,-0.005148784423485459,6.0,2,3.0,1,0.0,0,5.0,2,0.0,0,2,True
TTACCATGAATCGC-1,1,2420.0,888,0.30217186,0.37071247849095307,1.0,1,0.0,0,2.0,1,101.0,4,0.0,0,1,False
TTACCATGGTTGAC-1,0,4142.0,1305,2.625118,2.51775558308439,4.0,2,2.0,1,0.0,0,0.0,0,0.0,0,1,False
TTACCATGTGTCTT-1,0,1123.0,588,-1.4474572,-1.1739228485546849,1.0,1,2.0,1,15.0,2,0.0,0,0.0,0,1,False
TTACCATGTTGTGG-1,3,1547.0,656,-0.875489,-0.8238055077576736,0.0,0,13.0,3,0.0,0,2.0,1,0.0,0,1,False
TTACGACTGAGAGC-1,0,3287.0,1153,1.4717388,1.7351403507146,10.0,2,0.0,0,2.0,1,1.0,1,0.0,0,1,False
TTACGACTTGACAC-1,1,1901.0,712,-0.39794955,-0.5354735800424878,0.0,0,1.0,1,0.0,0,160.0,3,0.0,0,1,False
TTACGTACGTTCAG-1,6,942.0,321,-1.6916229,-2.5486482896253024,0.0,0,0.0,0,0.0,0,1.0,1,81.0,2,1,False
TTACTCGAACGTTG-1,7,15287.0,3302,17.659517,12.799878076784852,5.0,2,9.0,2,2.0,1,3.0,2,0.0,0,3,True
TTACTCGAAGAATG-1,1,3860.0,1126,2.2447052,1.5961231712804924,0.0,0,7.0,2,0.0,0,225.0,4,0.0,0,2,True
TTACTCGACGCAAT-1,5,5030.0,1602,3.8230138,4.046944556859572,0.0,0,3.0,1,1.0,1,71.0,3,0.0,0,1,False
TTACTCGAGGGTGA-1,0,2549.0,879,0.47619048,0.32437341867958397,3.0,2,2.0,1,0.0,0,3.0,2,0.0,0,2,True
TTACTCGATCTACT-1,2,2550.0,1155,0.47753948,1.7454379195615708,0.0,0,4.0,1,75.0,2,3.0,2,0.0,0,2,True
TTAGAATGTGGTGT-1,0,1740.0,642,-0.6151356,-0.89588848968647,2.0,1,0.0,0,1.0,1,2.0,2,0.0,0,1,False
TTAGAATGTGTAGC-1,0,627.0,285,-2.116552,-2.734004528870779,1.0,1,1.0,1,0.0,0,0.0,0,0.0,0,0,False
TTAGACCTCCTACC-1,0,2485.0,825,0.38985565,0.046339059811369133,6.0,2,0.0,0,1.0,1,0.0,0,0.0,0,1,False
TTAGACCTCCTTTA-1,1,2311.0,823,0.15513287,0.036041490964398216,0.0,0,5.0,1,0.0,0,143.0,4,0.0,0,1,False
TTAGCTACAACCGT-1,0,2100.0,718,-0.12950222,-0.504580873501575,9.0,2,3.0,1,0.0,0,3.0,2,0.0,0,2,True
TTAGCTACTGTCCC-1,1,3699.0,1249,2.0275192,2.229423655369204,0.0,0,4.0,1,2.0,2,31.0,4,0.0,0,2,True
TTAGCTACTTTCGT-1,0,2921.0,971,0.9780116,0.7980615856402462,7.0,2,1.0,1,0.0,0,4.0,3,0.0,0,2,True
TTAGGGACGCGAAG-1,2,2199.0,852,0.0040469444,0.18535623924547653,3.0,2,4.0,2,4.0,1,0.0,0,0.0,0,2,True
TTAGGGTGCTGGAT-1,3,2845.0,915,0.875489,0.5097296579250605,1.0,1,16.0,3,1.0,1,2.0,2,0.0,0,2,True
TTAGGGTGTCCTGC-1,1,2734.0,1053,0.72575206,1.220261908366054,0.0,0,2.0,1,0.0,0,32.0,4,0.0,0,1,False
TTAGGTCTACTTTC-1,1,1106.0,515,-1.4703898,-1.5497841114691233,0.0,0,0.0,0,0.0,0,57.0,4,0.0,0,1,False
TTAGTCACCAGTTG-1,0,2674.0,1017,0.6448132,1.0349056691205774,7.0,2,0.0,0,0.0,0,1.0,1,0.0,0,1,False
TTAGTCTGAAAGCA-1,3,2746.0,952,0.74193984,0.7002346815940225,0.0,0,14.0,3,0.0,0,0.0,0,0.0,0,1,False
TTAGTCTGCCAACA-1,2,1733.0,830,-0.6245785,0.07208298192879643,0.0,0,2.0,2,38.0,2,0.0,0,0.0,0,2,True
TTAGTCTGTGCACA-1,0,1690.0,643,-0.68258464,-0.8907397052629845,2.0,2,0.0,0,0.0,0,3.0,1,0.0,0,1,False
TTATCCGACTAGTG-1,3,1901.0,665,-0.39794955,-0.7774664479463044,0.0,0,8.0,3,0.0,0,1.0,1,1.0,1,2,True
TTATCCGAGAAAGT-1,1,4229.0,1324,2.7424796,2.6155824871306135,1.0,1,7.0,2,0.0,0,118.0,4,1.0,1,3,True
TTATGAGAGATAAG-1,0,1292.0,546,-1.2194793,-1.390171794341074,4.0,2,1.0,1,1.0,1,2.0,2,0.0,0,2,True
TTATGCACGTCACA-1,3,1590.0,636,-0.8174828,-0.9267811962273828,0.0,0,12.0,2,1.0,1,0.0,0,0.0,0,1,False
TTATGGCTTATGGC-1,5,6164.0,1782,5.352759,4.973725753086954,1.0,1,3.0,1,0.0,0,47.0,2,0.0,0,1,False
TTATTCCTATGCTG-1,1,3962.0,1210,2.3823013,2.0286210628532713,0.0,0,4.0,1,2.0,1,91.0,4,0.0,0,1,False
TTATTCCTGGACAG-1,3,2513.0,787,0.42762715,-0.14931474828107832,0.0,0,15.0,3,0.0,0,1.0,1,0.0,0,1,False
TTATTCCTGGTACT-1,3,2492.0,804,0.39929855,-0.061785413081825516,0.0,0,7.0,3,0.0,0,1.0,1,0.0,0,1,False
TTATTCCTTCGTGA-1,0,3203.0,1100,1.3584244,1.4622547762698705,6.0,2,1.0,1,1.0,1,2.0,2,0.0,0,2,True
TTCAAAGATAAAGG-1,2,2384.0,883,0.25360852,0.3449685563735258,2.0,1,3.0,1,2.0,1,0.0,0,0.0,0,0,False
TTCAACACAACAGA-1,0,2429.0,847,0.3143127,0.15961231712804924,3.0,2,0.0,0,0.0,0,2.0,1,0.0,0,1,False
TTCAACACCCCAAA-1,1,2092.0,786,-0.14029408,-0.15446353270456378,0.0,0,0.0,0,0.0,0,160.0,3,0.0,0,1,False
TTCAACACGGACGA-1,4,2584.0,1013,0.52340484,1.0143105314266356,0.0,0,2.0,1,0.0,0,19.0,2,0.0,0,1,False
TTCAAGCTAAGAAC-1,1,2640.0,1002,0.5989478,0.9576739027682954,0.0,0,7.0,1,1.0,1,53.0,4,1.0,1,2,True
TTCAAGCTAGATGA-1,0,2972.0,914,1.0468097,0.504580873501575,3.0,2,0.0,0,0.0,0,5.0,2,0.0,0,2,True
TTCAAGCTGTTGAC-1,0,2373.0,816,0.23876974,0.0,6.0,2,3.0,1,1.0,1,0.0,0,0.0,0,1,False
TTCAAGCTTCCAAG-1,0,740.0,406,-1.9641172,-2.1110016136290386,1.0,1,1.0,1,0.0,0,0.0,0,0.0,0,0,False
TTCAAGCTTGATGC-1,0,2403.0,827,0.27923918,0.05663662865834006,5.0,2,2.0,1,0.0,0,4.0,3,0.0,0,2,True
TTCAAGCTTTCGCC-1,0,2876.0,880,0.91730744,0.3295222031030694,4.0,2,3.0,1,0.0,0,1.0,1,0.0,0,1,False
TTCACAACCCGTTC-1,1,2526.0,959,0.4451639,0.7362761725584207,0.0,0,1.0,1,1.0,1,60.0,4,0.0,0,1,False
TTCACAACGTCTGA-1,4,677.0,394,-2.049103,-2.1727870267108638,0.0,0,2.0,1,0.0,0,4.0,3,0.0,0,1,False
TTCAGACTACCCAA-1,0,789.0,368,-1.898017,-2.306655421721486,4.0,1,1.0,1,0.0,0,0.0,0,0.0,0,0,False
TTCAGACTCTCGAA-1,0,2261.0,784,0.0876838,-0.1647611015515347,3.0,2,2.0,1,0.0,0,1.0,1,0.0,0,1,False
TTCAGTACCGACTA-1,0,2767.0,927,0.77026844,0.571515071006886,6.0,2,4.0,1,1.0,1,3.0,2,0.0,0,2,True
TTCAGTACTCAAGC-1,0,5218.0,1377,4.076622,2.8884680615753426,10.0,2,5.0,1,0.0,0,1.0,1,0.0,0,1,False
TTCAGTACTCCTAT-1,1,1850.0,711,-0.4667476,-0.5406223644659732,0.0,0,1.0,1,0.0,0,135.0,4,0.0,0,1,False
TTCAGTTGCCAAGT-1,0,2002.0,732,-0.26170242,-0.4324978915727786,2.0,2,1.0,1,1.0,1,5.0,3,0.0,0,2,True
TTCAGTTGTCCTTA-1,5,1974.0,751,-0.2994739,-0.3346709875265549,0.0,0,5.0,1,0.0,0,23.0,3,0.0,0,1,False
TTCAGTTGTCTAGG-1,0,1031.0,464,-1.5715635,-1.8123721170668818,4.0,2,0.0,0,1.0,1,0.0,0,0.0,0,1,False
TTCAGTTGTCTCGC-1,3,1863.0,624,-0.44921085,-0.9885666093092083,1.0,1,5.0,2,2.0,2,0.0,0,0.0,0,2,True
TTCATCGAGGTGGA-1,1,1913.0,734,-0.3817618,-0.4222003227258077,0.0,0,4.0,1,1.0,1,73.0,4,0.0,0,1,False
TTCATGTGTGGTGT-1,0,3024.0,945,1.1169567,0.6641931906296242,3.0,1,2.0,1,1.0,1,4.0,4,0.0,0,1,False
TTCATTCTATGTCG-1,1,2625.0,876,0.57871306,0.30892706540912757,0.0,0,3.0,2,1.0,1,54.0,4,0.0,0,2,True
TTCATTCTTCTCTA-1,0,1985.0,646,-0.2846351,-0.8752933519925281,5.0,1,0.0,0,0.0,0,1.0,1,0.0,0,0,False
TTCCAAACCTATGG-1,1,1054.0,533,-1.5405369,-1.4571059918463851,0.0,0,1.0,1,0.0,0,52.0,4,0.0,0,1,False
TTCCAAACCTCCCA-1,3,2722.0,950,0.70956427,0.6899371127470516,0.0,0,23.0,3,0.0,0,0.0,0,0.0,0,1,False
TTCCAAACTCCCAC-1,2,792.0,485,-1.8939701,-1.7042476441736871,0.0,0,1.0,1,14.0,2,0.0,0,0.0,0,1,False
TTCCAAACTTGACG-1,2,1647.0,712,-0.7405909,-0.5354735800424878,3.0,1,0.0,0,31.0,2,0.0,0,0.0,0,1,False
TTCCATGACGAGAG-1,1,1840.0,786,-0.48023742,-0.15446353270456378,0.0,0,4.0,1,1.0,1,62.0,4,0.0,0,1,False
TTCCATGACTGTCC-1,0,1048.0,437,-1.5486308,-1.9513892965009891,2.0,2,0.0,0,0.0,0,2.0,2,0.0,0,2,True
TTCCCACTTGAGGG-1,2,1518.0,805,-0.9146095,-0.05663662865834006,0.0,0,2.0,1,27.0,3,0.0,0,0.0,0,1,False
TTCCCACTTGTCTT-1,1,3159.0,1012,1.2990692,1.00916174700315,0.0,0,6.0,1,1.0,1,109.0,4,0.0,0,1,False
TTCCTAGAAAGTGA-1,0,1551.0,550,-0.8700931,-1.3695766566471324,4.0,2,2.0,1,0.0,0,3.0,2,0.0,0,2,True
TTCCTAGACTAGTG-1,4,1942.0,840,-0.34264132,0.12357082616365103,1.0,1,0.0,0,0.0,0,16.0,3,0.0,0,1,False
TTCGAGGACTCTAT-1,0,2744.0,927,0.7392419,0.571515071006886,10.0,2,2.0,2,0.0,0,3.0,1,0.0,0,2,True
TTCGAGGAGGGCAA-1,0,1816.0,757,-0.512613,-0.30377828098564214,2.0,1,2.0,1,0.0,0,1.0,1,0.0,0,0,False
TTCGAGGATAGAAG-1,4,2747.0,969,0.7432888,0.7877640167932753,0.0,0,2.0,1,1.0,1,5.0,1,0.0,0,0,False
TTCGATTGAGCATC-1,0,1909.0,707,-0.3871577,-0.5612175021599151,0.0,0,3.0,2,0.0,0,0.0,0,0.0,0,1,False
TTCGGAGAATGCCA-1,1,1189.0,565,-1.3584244,-1.2923448902948504,0.0,0,2.0,2,0.0,0,104.0,4,0.0,0,2,True
TTCGGAGATGTGCA-1,0,2411.0,880,0.29003105,0.3295222031030694,10.0,2,0.0,0,1.0,1,2.0,1,0.0,0,1,False
TTCGTATGAAAAGC-1,2,1990.0,800,-0.2778902,-0.08238055077576735,2.0,2,2.0,2,61.0,2,2.0,1,0.0,0,3,True
TTCGTATGGATAGA-1,2,1980.0,870,-0.29138002,0.2780343588682148,6.0,2,1.0,1,16.0,1,1.0,1,0.0,0,1,False
TTCGTATGGTCTGA-1,0,2256.0,803,0.08093889,-0.06693419750531097,4.0,2,3.0,1,0.0,0,2.0,2,0.0,0,2,True
TTCGTATGTCCTTA-1,1,4346.0,1357,2.9003103,2.7854923731056336,0.0,0,6.0,2,0.0,0,140.0,4,0.0,0,2,True
TTCTACGAACGTAC-1,0,2493.0,865,0.40064752,0.2522904367507875,8.0,2,0.0,0,1.0,1,1.0,1,0.0,0,1,False
TTCTACGAGTTGGT-1,0,2589.0,945,0.53014976,0.6641931906296242,3.0,2,2.0,1,0.0,0,3.0,2,0.0,0,2,True
TTCTAGTGACACGT-1,0,3018.0,1068,1.1088629,1.2974936747183359,5.0,2,4.0,2,0.0,0,1.0,1,0.0,0,2,True
TTCTAGTGCATGAC-1,1,2073.0,819,-0.16592473,0.015446353270456379,0.0,0,0.0,0,0.0,0,90.0,4,0.0,0,1,False
TTCTAGTGGAGAGC-1,2,1585.0,814,-0.82422775,-0.010297568846970919,0.0,0,1.0,1,43.0,2,2.0,1,0.0,0,1,False
TTCTAGTGGTCACA-1,4,2832.0,1058,0.85795224,1.2460058304834811,1.0,1,4.0,2,0.0,0,35.0,4,0.0,0,2,True
TTCTCAGAAGAGAT-1,0,2186.0,843,-0.013489815,0.1390171794341074,5.0,2,1.0,1,0.0,0,3.0,2,0.0,0,2,True
TTCTCAGAAGCATC-1,3,2497.0,881,0.40604344,0.3346709875265549,1.0,1,12.0,3,0.0,0,4.0,3,0.0,0,2,True
TTCTCAGATGGAGG-1,0,2641.0,1049,0.6002968,1.199666770672112,5.0,2,6.0,1,1.0,1,2.0,2,0.0,0,2,True
TTCTGATGGAGACG-1,2,2434.0,1179,0.32105762,1.8690087457252218,0.0,0,1.0,1,32.0,3,0.0,0,0.0,0,1,False
TTCTTACTCTGGAT-1,4,1740.0,717,-0.6151356,-0.5097296579250605,0.0,0,1.0,1,1.0,1,17.0,3,0.0,0,1,False
TTGAACCTCCTTGC-1,3,1745.0,656,-0.6083907,-0.8238055077576736,0.0,0,11.0,3,1.0,1,1.0,1,0.0,0,1,False
TTGAATGAACTACG-1,4,2286.0,879,0.121408336,0.32437341867958397,0.0,0,2.0,1,0.0,0,23.0,3,0.0,0,1,False
TTGAATGACTTACT-1,0,2102.0,709,-0.12680426,-0.5509199333129442,2.0,2,0.0,0,0.0,0,1.0,1,0.0,0,1,False
TTGAATGATCTCAT-1,3,2013.0,752,-0.24686362,-0.3295222031030694,0.0,0,16.0,3,0.0,0,5.0,2,0.0,0,2,True
TTGACACTCTGTAG-1,0,1942.0,734,-0.34264132,-0.4222003227258077,5.0,2,1.0,1,1.0,1,1.0,1,0.0,0,1,False
TTGACACTGATAAG-1,3,1314.0,602,-1.1898017,-1.1018398666258884,0.0,0,8.0,3,0.0,0,1.0,1,0.0,0,1,False
TTGAGGACAGAACA-1,1,2955.0,943,1.023877,0.6538956217826534,0.0,0,3.0,1,3.0,2,171.0,4,0.0,0,2,True
TTGAGGACTACGCA-1,5,6342.0,1792,5.5928774,5.025213597321809,1.0,1,2.0,1,0.0,0,88.0,2,0.0,0,1,False
TTGAGGTGGACGGA-1,0,2011.0,712,-0.24956158,-0.5354735800424878,3.0,2,0.0,0,1.0,1,1.0,1,0.0,0,1,False
TTGCATTGAGCTAC-1,2,1990.0,720,-0.2778902,-0.4942833046546041,17.0,2,3.0,1,14.0,1,0.0,0,0.0,0,1,False
TTGCATTGCTAAGC-1,1,3244.0,1093,1.4137326,1.4262132853054723,1.0,1,4.0,1,1.0,1,141.0,4,0.0,0,1,False
TTGCATTGTGACTG-1,0,2438.0,810,0.32645354,-0.030892706540912758,1.0,1,2.0,1,0.0,0,1.0,1,0.0,0,0,False
TTGCTAACACCAAC-1,2,1918.0,785,-0.37501687,-0.15961231712804924,5.0,2,2.0,1,4.0,1,0.0,0,0.0,0,1,False
TTGCTAACACGCTA-1,4,2573.0,914,0.508566,0.504580873501575,0.0,0,1.0,1,0.0,0,37.0,4,0.0,0,1,False
TTGCTAACCACTCC-1,0,1939.0,652,-0.34668827,-0.8444006454516154,2.0,2,0.0,0,0.0,0,0.0,0,0.0,0,1,False
TTGCTATGGTACGT-1,1,3108.0,1103,1.2302712,1.4777011295403268,0.0,0,0.0,0,3.0,2,143.0,4,0.0,0,2,True
TTGCTATGGTAGGG-1,4,3404.0,1266,1.6295696,2.3169529905684567,0.0,0,1.0,1,1.0,1,19.0,3,0.0,0,1,False
TTGGAGACCAATCG-1,0,4164.0,1237,2.6547956,2.1676382422873783,7.0,2,11.0,1,0.0,0,2.0,1,0.0,0,1,False
TTGGAGACGCTATG-1,1,2662.0,862,0.6286254,0.23684408348033115,0.0,0,1.0,1,0.0,0,261.0,4,0.0,0,1,False
TTGGAGACTATGGC-1,3,1778.0,738,-0.5638743,-0.4016051850318659,0.0,0,10.0,3,0.0,0,3.0,2,0.0,0,2,True
TTGGGAACTGAACC-1,0,2651.0,857,0.6137866,0.21110016136290385,8.0,2,3.0,1,0.0,0,1.0,1,0.0,0,1,False
TTGGTACTACTGGT-1,1,3265.0,1063,1.4420613,1.2717497526009085,0.0,0,5.0,1,0.0,0,28.0,3,0.0,0,1,False
TTGGTACTCTTAGG-1,0,2926.0,750,0.9847565,-0.3398197719500403,2.0,1,0.0,0,0.0,0,2.0,1,0.0,0,0,False
TTGGTACTGAATCC-1,3,1855.0,615,-0.46000272,-1.0349056691205774,1.0,1,13.0,3,1.0,1,1.0,1,0.0,0,1,False
TTGGTACTGGATTC-1,3,1883.0,721,-0.42223123,-0.48913452023111864,0.0,0,15.0,3,0.0,0,2.0,2,0.0,0,2,True
TTGTACACGTTGTG-1,3,1536.0,570,-0.8903278,-1.266600968177423,0.0,0,63.0,3,0.0,0,0.0,0,0.0,0,1,False
TTGTACACTTGCAG-1,0,2258.0,859,0.08363686,0.22139773020987477,5.0,2,1.0,1,0.0,0,0.0,0,0.0,0,1,False
TTGTAGCTAGCTCA-1,0,2517.0,931,0.43302307,0.5921102087008279,2.0,2,1.0,1,1.0,1,0.0,0,0.0,0,1,False
TTGTAGCTCTCTTA-1,3,2134.0,805,-0.08363686,-0.05663662865834006,1.0,1,8.0,3,0.0,0,2.0,2,0.0,0,2,True
TTGTCATGGACGGA-1,2,2176.0,1080,-0.02697963,1.3592790878001613,0.0,0,0.0,0,59.0,3,2.0,2,0.0,0,2,True
TTTAGAGATCCTCG-1,3,2362.0,820,0.22393094,0.020595137693941837,0.0,0,14.0,3,0.0,0,1.0,1,0.0,0,1,False
TTTAGCTGATACCG-1,0,2754.0,885,0.7527317,0.3552661252204967,3.0,2,0.0,0,0.0,0,2.0,2,0.0,0,2,True
TTTAGCTGGATACC-1,1,2454.0,850,0.34803724,0.17505867039850562,0.0,0,3.0,1,0.0,0,66.0,4,0.0,0,1,False
TTTAGCTGTACTCT-1,5,5671.0,1560,4.687711,3.830695611073182,0.0,0,12.0,2,0.0,0,95.0,4,0.0,0,2,True
TTTAGGCTCCTTTA-1,1,1981.0,800,-0.29003105,-0.08238055077576735,0.0,0,0.0,0,0.0,0,113.0,4,0.0,0,1,False
TTTATCCTGTTGTG-1,4,3679.0,1155,2.0005395,1.7454379195615708,0.0,0,5.0,1,1.0,1,53.0,4,0.0,0,1,False
TTTCACGAGGTTCA-1,0,2036.0,720,-0.21583705,-0.4942833046546041,3.0,2,3.0,1,0.0,0,1.0,1,0.0,0,1,False
TTTCAGTGGAAGGC-1,2,1780.0,691,-0.5611763,-0.6435980529356824,4.0,2,0.0,0,2.0,1,4.0,1,0.0,0,1,False
TTTCAGTGTCACGA-1,3,1632.0,698,-0.7608256,-0.6075565619712843,0.0,0,13.0,3,0.0,0,0.0,0,0.0,0,1,False
TTTCAGTGTCTATC-1,1,937.0,458,-1.6983677,-1.8432648236077944,0.0,0,1.0,1,0.0,0,41.0,4,0.0,0,1,False
TTTCAGTGTGCAGT-1,3,1321.0,636,-1.1803589,-0.9267811962273828,0.0,0,12.0,3,1.0,1,0.0,0,0.0,0,1,False
TTTCCAGAGGTGAG-1,0,2187.0,873,-0.012140834,0.2934807121386712,5.0,2,1.0,1,0.0,0,1.0,1,0.0,0,1,False
TTTCGAACACCTGA-1,5,4455.0,1539,3.0473492,3.7225711381799873,0.0,0,7.0,1,0.0,0,0.0,0,0.0,0,0,False
TTTCGAACTCTCAT-1,1,3459.0,1153,1.7037637,1.7351403507146,0.0,0,2.0,1,1.0,1,186.0,4,0.0,0,1,False
TTTCTACTGAGGCA-1,3,3443.0,1224,1.6821799,2.1007040447820673,0.0,0,13.0,2,0.0,0,0.0,0,0.0,0,1,False
TTTCTACTTCCTCG-1,3,1684.0,622,-0.69067854,-0.9988641781561791,0.0,0,12.0,3,0.0,0,1.0,1,0.0,0,1,False
TTTGCATGAGAGGC-1,3,1022.0,452,-1.5837044,-1.8741575301487072,0.0,0,13.0,3,0.0,0,0.0,0,0.0,0,1,False
TTTGCATGCCTCAC-1,0,1984.0,723,-0.2859841,-0.4788369513841477,4.0,2,1.0,1,0.0,0,2.0,2,0.0,0,2,True
