cell_id,original_cluster,same_original_cocluster_frequency,other_cluster_cocluster_frequency
AAACATACAACCAC-1,0,0.669763445854187,0.004632710013538599
AAACATTGAGCTAC-1,3,1.0,0.0012277471832931042
AAACATTGATCAGC-1,0,0.6247057914733887,0.005002340767532587
AAACCGTGCTTCCG-1,1,0.24521861970424652,0.06723955273628235
AAACCGTGTATGCG-1,2,0.5665665864944458,0.003794037736952305
AAACGCACTGGTAC-1,0,0.6657686233520508,0.00465735187754035
AAACGCTGACCAGT-1,2,0.7381547689437866,0.016128767281770706
AAACGCTGGTTCTT-1,0,0.02879970148205757,0.21933911740779877
AAACGCTGTAGCCA-1,2,0.7381547689437866,0.016128767281770706
AAACGCTGTTTCTG-1,4,0.4547325372695923,0.13441072404384613
AAACTTGAAAAACG-1,3,1.0,0.0012277471832931042
AAACTTGATCCAGA-1,0,0.669763445854187,0.004632710013538599
AAAGAGACGAGATA-1,0,0.6727672815322876,0.004755920730531216
AAAGAGACGCGAGA-1,1,0.9691104292869568,0.0124796899035573
AAAGAGACGGACTT-1,2,0.7166332602500916,0.02103966474533081
AAAGAGACGGCATT-1,0,0.669763445854187,0.004632710013538599
AAAGATCTGGGCAA-1,1,0.9691104292869568,0.0124796899035573
AAAGCAGAAGCCAT-1,2,0.7381547689437866,0.016128767281770706
AAAGCAGATATCGG-1,1,0.9691104292869568,0.0124796899035573
AAAGCCTGTATGCG-1,0,0.6247057914733887,0.005002340767532587
AAAGGCCTGTCTAG-1,3,1.0,0.0012277471832931042
AAAGTTTGATCACG-1,3,1.0,0.0012277471832931042
AAAGTTTGGGGTGA-1,3,1.0,0.0012277471832931042
AAAGTTTGTAGAGA-1,0,0.669763445854187,0.004632710013538599
AAAGTTTGTAGCGT-1,1,0.9691104292869568,0.0124796899035573
AAATCAACAATGCC-1,3,1.0,0.0012277471832931042
AAATCAACACCAGT-1,0,0.669763445854187,0.004632710013538599
AAATCAACCAGGAG-1,0,0.681716799736023,0.004558783955872059
AAATCAACCCTATT-1,4,0.9803383946418762,0.03426327183842659
AAATCAACGGAAGC-1,0,0.6841322779655457,0.00438628951087594
AAATCAACTCGCAA-1,0,0.6247057914733887,0.005002340767532587
AAATCATGACCACA-1,4,0.9803383946418762,0.03426327183842659
AAATCCCTCCACAA-1,0,0.4898117184638977,0.06335476785898209
AAATCCCTGCTATG-1,3,1.0,0.0012277471832931042
AAATGTTGAACGAA-1,1,0.9691104292869568,0.0124796899035573
AAATGTTGCCACAA-1,0,0.6247057914733887,0.005002340767532587
AAATGTTGTGGCAT-1,1,0.9691104292869568,0.0124796899035573
AAATTCGAAGGTTC-1,0,0.669763445854187,0.004632710013538599
AAATTCGAATCACG-1,1,0.9691104292869568,0.0124796899035573
AAATTCGAGCTGAT-1,4,0.9803383946418762,0.03426327183842659
AAATTCGAGGAGTG-1,0,0.6841322779655457,0.00438628951087594
AAATTCGATTCTCA-1,2,0.5665665864944458,0.003794037736952305
AAATTGACACGACT-1,2,0.7381547689437866,0.016128767281770706
AAATTGACTCGCTC-1,0,0.6247057914733887,0.005002340767532587
AACAAACTCATTTC-1,0,0.6739130616188049,0.004410931374877691
AACAAACTTTCGTT-1,0,0.6841322779655457,0.00438628951087594
AACAATACGACGAG-1,0,0.6751827597618103,0.00458342581987381
AACACGTGCAGAGG-1,0,0.6247057914733887,0.005002340767532587
AACACGTGGAAAGT-1,0,0.6841322779655457,0.00438628951087594
AACACGTGGAACCT-1,1,0.9691104292869568,0.0124796899035573
AACACGTGGCTACA-1,0,0.669763445854187,0.004632710013538599
AACACGTGTACGAC-1,4,0.9803383946418762,0.03426327183842659
AACAGCACAAGAGT-1,1,0.9691104292869568,0.0124796899035573
AACATTGATGGGAG-1,4,0.9803383946418762,0.03426327183842659
AACCAGTGATACCG-1,4,0.9803383946418762,0.03426327183842659
AACCCAGATCGCTC-1,0,0.6841322779655457,0.00438628951087594
AACCGATGCTCCCA-1,0,0.6391366124153137,0.004854488652199507
AACCGATGGTCATG-1,3,1.0,0.0012277471832931042
AACCGATGTTCTAC-1,1,0.9691104292869568,0.0124796899035573
AACCGCCTAGCGTT-1,0,0.6247057914733887,0.005002340767532587
AACCGCCTCTACGA-1,1,0.8670311570167542,0.020151766017079353
AACCTACTGTGAGG-1,1,0.9691104292869568,0.0124796899035573
AACCTACTGTGTTG-1,0,0.669763445854187,0.004632710013538599
AACCTTACGAGACG-1,0,0.6841322779655457,0.00438628951087594
AACCTTACGCGAGA-1,2,0.5665665864944458,0.003794037736952305
AACCTTACTAACGC-1,4,0.9803383946418762,0.03426327183842659
AACCTTTGGACGGA-1,0,0.6841322779655457,0.00438628951087594
AACCTTTGTACGCA-1,4,0.9803383946418762,0.03426327183842659
AACGCAACAAGTAG-1,0,0.6727672815322876,0.004755920730531216
AACGCATGACCCAA-1,0,0.6841322779655457,0.00438628951087594
AACGCATGCCTTCG-1,0,0.669763445854187,0.004632710013538599
AACGCATGTACTTC-1,0,0.6391366124153137,0.004854488652199507
AACGCCCTCGGGAA-1,0,0.6247057914733887,0.005002340767532587
AACGCCCTCGTACA-1,2,0.5665665864944458,0.003794037736952305
AACGCCCTGCTTAG-1,3,1.0,0.0012277471832931042
AACGCCCTGGCATT-1,0,0.6247057914733887,0.005002340767532587
AACGTCGAGTATCG-1,2,0.5665665864944458,0.003794037736952305
AACGTGTGAAAGCA-1,0,0.6349250674247742,0.004977698903530836
AACGTGTGGCGGAA-1,3,1.0,0.0012277471832931042
AACGTGTGTCCAAG-1,0,0.6633531451225281,0.0048298463225364685
AACGTGTGTGCTTT-1,0,0.6247057914733887,0.005002340767532587
AACTACCTTAGAGA-1,0,0.6699801683425903,0.0047066365368664265
AACTCACTCAAGCT-1,1,0.9691104292869568,0.0124796899035573
AACTCACTTGGAGG-1,1,0.9691104292869568,0.0124796899035573
AACTCGGAAAGTGA-1,2,0.7381547689437866,0.016128767281770706
AACTCGGAAGGTCT-1,1,0.9691104292869568,0.0124796899035573
AACTCTTGCAGGAG-1,0,0.6633531451225281,0.0048298463225364685
AACTGTCTCCCTTG-1,1,0.9691104292869568,0.0124796899035573
AACTTGCTACGCTA-1,3,1.0,0.0012277471832931042
AACTTGCTGGGACA-1,0,0.6841322779655457,0.00438628951087594
AAGAACGAGTGTTG-1,0,0.669763445854187,0.004632710013538599
AAGAAGACGTAGGG-1,3,1.0,0.0012277471832931042
AAGACAGAAGTCTG-1,3,1.0,0.0012277471832931042
AAGACAGAGGATCT-1,0,0.6841322779655457,0.00438628951087594
AAGACAGATTACCT-1,1,0.9691104292869568,0.0124796899035573
AAGAGATGGGTAGG-1,3,1.0,0.0012277471832931042
AAGATGGAAAACAG-1,3,1.0,0.0012277471832931042
AAGATGGAGAACTC-1,1,0.9691104292869568,0.0124796899035573
AAGATGGAGATAAG-1,1,0.9691104292869568,0.0124796899035573
AAGATTACAACCTG-1,0,0.669763445854187,0.004632710013538599
AAGATTACAGATCC-1,1,0.9691104292869568,0.0124796899035573
AAGATTACCCGTTC-1,1,0.9691104292869568,0.0124796899035573
AAGATTACCGCCTT-1,5,1.0,0.0005839172517880797
AAGATTACCTCAAG-1,2,0.5665665864944458,0.003794037736952305
AAGATTACTCCTCG-1,1,0.9691104292869568,0.0124796899035573
AAGCAAGAGCGAGA-1,0,0.6247057914733887,0.005002340767532587
AAGCAAGAGCTTAG-1,2,0.7381547689437866,0.016128767281770706
AAGCAAGAGGTGTT-1,2,0.5665665864944458,0.003794037736952305
AAGCACTGAGCAAA-1,3,1.0,0.0012277471832931042
AAGCACTGCATACG-1,0,0.46999260783195496,0.07003277540206909
AAGCACTGGTTCTT-1,3,1.0,0.0012277471832931042
AAGCCAACGTGTTG-1,0,0.669763445854187,0.004632710013538599
AAGCCATGAACTGC-1,5,1.0,0.0005839172517880797
AAGCCATGACACGT-1,1,0.9691104292869568,0.0124796899035573
AAGCCATGCGTGAT-1,0,0.6786201000213623,0.00465735187754035
AAGCCATGTCTCGC-1,2,0.058892231434583664,0.33716022968292236
AAGCCTGACATGCA-1,0,0.6247057914733887,0.005002340767532587
AAGCCTGACCGAAT-1,1,0.9691104292869568,0.0124796899035573
AAGCGACTCCTCAC-1,4,0.9803383946418762,0.03426327183842659
AAGCGACTGTGTCA-1,0,0.669763445854187,0.004632710013538599
AAGCGACTTACAGC-1,3,1.0,0.0012277471832931042
AAGCGACTTTGACG-1,4,0.9803383946418762,0.03426327183842659
AAGCGTACGTCTTT-1,0,0.669763445854187,0.004632710013538599
AAGGCTTGCGAACT-1,2,0.7381547689437866,0.016128767281770706
AAGGTCACGGTTAC-1,1,0.9691104292869568,0.0124796899035573
AAGGTCACTGTTTC-1,3,1.0,0.0012277471832931042
AAGGTCACTTCCCG-1,2,0.7381547689437866,0.016128767281770706
AAGGTCTGACAGTC-1,0,0.6247057914733887,0.005002340767532587
AAGGTCTGCAGATC-1,0,0.669763445854187,0.004632710013538599
AAGGTCTGGTATGC-1,1,0.9691104292869568,0.0124796899035573
AAGTAACTCTGAAC-1,1,0.9691104292869568,0.0124796899035573
AAGTAACTGAGATA-1,3,1.0,0.0012277471832931042
AAGTAGGATACAGC-1,2,0.5665665864944458,0.003794037736952305
AAGTATACCGAACT-1,0,0.6558899879455566,0.004780562128871679
AAGTCCGACTTGTT-1,0,0.669763445854187,0.004632710013538599
AAGTCCGATAGAAG-1,0,0.6841322779655457,0.00438628951087594
AAGTCTCTAGTCGT-1,0,0.669763445854187,0.004632710013538599
AAGTCTCTCGGAGA-1,2,0.7381547689437866,0.016128767281770706
AAGTGGCTTGGAGG-1,3,1.0,0.0012277471832931042
AAGTTCCTCATTCT-1,4,0.9803383946418762,0.03426327183842659
AAGTTCCTTCTTAC-1,0,0.547627866268158,0.04492250457406044
AATAAGCTCGAATC-1,0,0.6247057914733887,0.005002340767532587
AATAAGCTCGTTGA-1,0,0.669763445854187,0.004632710013538599
AATACCCTGGACGA-1,3,1.0,0.0012277471832931042
AATACCCTGGCATT-1,0,0.6841322779655457,0.00438628951087594
AATACTGAAAGGGC-1,2,0.7381547689437866,0.016128767281770706
AATACTGAATTGGC-1,2,0.5665665864944458,0.003794037736952305
AATAGGGAACCCTC-1,3,1.0,0.0012277471832931042
AATAGGGAGAATGA-1,2,0.7381547689437866,0.016128767281770706
AATCAAACTATCGG-1,2,0.7381547689437866,0.016128767281770706
AATCCGGAATGCTG-1,3,1.0,0.0012277471832931042
AATCCTACCGGTAT-1,0,0.6247057914733887,0.005002340767532587
AATCCTTGACGGGA-1,1,0.9691104292869568,0.0124796899035573
AATCCTTGGTGAGG-1,2,0.5665665864944458,0.003794037736952305
AATCGGTGGAACTC-1,2,0.7381547689437866,0.016128767281770706
AATCGGTGTGCTTT-1,0,0.6841322779655457,0.00438628951087594
AATCTAGAAAAGTG-1,0,0.61033695936203,0.005248761735856533
AATCTAGAATCGGT-1,0,0.6841322779655457,0.00438628951087594
AATCTCACAGCCTA-1,1,0.9691104292869568,0.0124796899035573
AATCTCACTCTAGG-1,0,0.6692988872528076,0.004755920264869928
AATCTCTGAACAGA-1,0,0.669763445854187,0.004632710013538599
AATCTCTGCTTTAC-1,2,0.5665665864944458,0.003794037736952305
AATGATACACCAAC-1,2,0.7381547689437866,0.016128767281770706
AATGATACGGTCAT-1,1,0.9691104292869568,0.0124796899035573
AATGCGTGACACCA-1,3,1.0,0.0012277471832931042
AATGCGTGGACGGA-1,5,1.0,0.0005839172517880797
AATGCGTGGCTATG-1,3,1.0,0.0012277471832931042
AATGGAGAATCGTG-1,1,0.9691104292869568,0.0124796899035573
AATGGAGATCCTTA-1,2,0.7381547689437866,0.016128767281770706
AATGGCTGACACCA-1,3,1.0,0.0012277471832931042
AATGGCTGCGTGAT-1,0,0.6247057914733887,0.005002340767532587
AATGGCTGTAAAGG-1,0,0.4457760751247406,0.07801680266857147
AATGGCTGTACTCT-1,2,0.7381547689437866,0.016128767281770706
AATGGCTGTGAAGA-1,0,0.6713117957115173,0.004534141626209021
AATGTAACGGTGGA-1,0,0.6607210040092468,0.0048052044585347176
AATGTAACGTTTGG-1,2,0.7381547689437866,0.016128767281770706
AATGTCCTCTTCTA-1,0,0.6086027026176453,0.025208840146660805
AATGTTGACAGTCA-1,0,0.6247057914733887,0.005002340767532587
AATGTTGAGTTGAC-1,1,0.9691104292869568,0.0124796899035573
AATGTTGATCTACT-1,0,0.6247057914733887,0.005002340767532587
AATTACGAATTCCT-1,5,1.0,0.0005839172517880797
AATTACGACTTCTA-1,0,0.6841322779655457,0.00438628951087594
AATTACGAGTAGCT-1,2,0.7381547689437866,0.016128767281770706
AATTACGAGTGAGG-1,0,0.6247057914733887,0.005002340767532587
AATTACGATTGGCA-1,3,1.0,0.0012277471832931042
AATTCCTGCTCAGA-1,3,1.0,0.0012277471832931042
AATTGATGTCGCAA-1,4,0.9803383946418762,0.03426327183842659
AATTGTGACTTGGA-1,3,1.0,0.0012277471832931042
ACAAAGGAGGGTGA-1,0,0.669763445854187,0.004632710013538599
ACAAATTGATTCTC-1,4,0.9803383946418762,0.03426327183842659
ACAAATTGCTCAGA-1,1,0.9691104292869568,0.0124796899035573
ACAAATTGTTGCGA-1,2,0.5665665864944458,0.003794037736952305
ACAACCGAGGGATG-1,2,0.5665665864944458,0.003794037736952305
ACAACCGAGTTACG-1,0,0.6391366124153137,0.004854488652199507
ACAAGAGAAGTCGT-1,1,0.9691104292869568,0.0124796899035573
ACAAGAGACTTATC-1,0,0.669763445854187,0.004632710013538599
ACAAGAGAGTTGAC-1,3,1.0,0.0012277471832931042
ACAATCCTAACCGT-1,0,0.6247057914733887,0.005002340767532587
ACAATCCTTAGCGT-1,3,1.0,0.0012277471832931042
ACAATTGACTGACA-1,2,0.7381547689437866,0.016128767281770706
ACAATTGATGACTG-1,2,0.5665665864944458,0.003794037736952305
ACACAGACACCTGA-1,1,0.9691104292869568,0.0124796899035573
ACACAGACCATACG-1,2,0.7381547689437866,0.016128767281770706
ACACCAGAGGGCAA-1,0,0.08565589040517807,0.20213893055915833
ACACCCTGGTGTTG-1,2,0.5665665864944458,0.003794037736952305
ACACGAACAGTTCG-1,0,0.6421094536781311,0.011384638026356697
ACACGATGACGCAT-1,2,0.7381547689437866,0.016128767281770706
ACACGATGATGTGC-1,1,0.9691104292869568,0.0124796899035573
ACACGATGTCGTAG-1,2,0.7381547689437866,0.016128767281770706
ACACGATGTGGTCA-1,2,0.7381547689437866,0.016128767281770706
ACAGACACGGCATT-1,0,0.359005331993103,0.11566989868879318
ACAGACACGTTGTG-1,0,0.6505016684532166,0.0048298463225364685
ACAGCAACACCTAG-1,1,0.9691104292869568,0.0124796899035573
ACAGCAACCTCAAG-1,4,0.9803383946418762,0.03426327183842659
ACAGGTACCCCACT-1,0,0.6607210040092468,0.0048052044585347176
ACAGGTACGCTGTA-1,2,0.7381547689437866,0.016128767281770706
ACAGGTACTGGTGT-1,2,0.5665665864944458,0.003794037736952305
ACAGTCGACCCAAA-1,0,0.558218777179718,0.045144278556108475
ACAGTCGACCGATA-1,2,0.7381547689437866,0.016128767281770706
ACAGTGACTCACCC-1,0,0.02879970148205757,0.21933911740779877
ACAGTGACTCTATC-1,2,0.7381547689437866,0.016128767281770706
ACAGTGTGGTCACA-1,0,0.669763445854187,0.004632710013538599
ACAGTGTGTTGCGA-1,1,0.9691104292869568,0.0124796899035573
ACATCACTCTACTT-1,1,0.9691104292869568,0.0124796899035573
ACATGGTGAAGCCT-1,0,0.6841322779655457,0.00438628951087594
ACATGGTGCAACCA-1,3,1.0,0.0012277471832931042
ACATGGTGCGAGTT-1,0,0.684472918510437,0.004361646715551615
ACATGGTGCGTTGA-1,2,0.7381547689437866,0.016128767281770706
ACATTCTGGCATAC-1,0,0.6607210040092468,0.0048052044585347176
ACATTCTGGGAACG-1,1,0.9691104292869568,0.0124796899035573
ACCAACGACATGCA-1,0,0.669763445854187,0.004632710013538599
ACCACAGAAAGTAG-1,0,0.669763445854187,0.004632710013538599
ACCACAGAGTTGGT-1,0,0.680911660194397,0.004238436929881573
ACCACCTGTGTGCA-1,0,0.669763445854187,0.004632710013538599
ACCACGCTACAGCT-1,0,0.6391366124153137,0.004854488652199507
ACCACGCTACCCAA-1,2,0.7381547689437866,0.016128767281770706
ACCACGCTGCGAGA-1,0,0.6841322779655457,0.00438628951087594
ACCACGCTGCTGTA-1,0,0.6633531451225281,0.0048298463225364685
ACCAGCCTGACAGG-1,0,0.6391366124153137,0.004854488652199507
ACCAGTGAACGGTT-1,3,1.0,0.0012277471832931042
ACCAGTGAATACCG-1,4,0.9803383946418762,0.03426327183842659
ACCAGTGAGGGATG-1,0,0.6786201000213623,0.004681993741542101
ACCAGTGATGACTG-1,1,0.9691104292869568,0.0124796899035573
ACCATTACCTTCTA-1,0,0.6247057914733887,0.005002340767532587
ACCATTACGAGATA-1,0,0.6247057914733887,0.005002340767532587
ACCATTTGTCATTC-1,0,0.6841322779655457,0.00438628951087594
ACCCAAGAACTGTG-1,2,0.7381547689437866,0.016128767281770706
ACCCAAGAATTCCT-1,4,0.9803383946418762,0.03426327183842659
ACCCAAGAGGACAG-1,0,0.6727672815322876,0.004755920730531216
ACCCAAGATTCACT-1,3,1.0,0.0012277471832931042
ACCCACTGCGCCTT-1,1,0.9691104292869568,0.0124796899035573
ACCCACTGGACAGG-1,0,0.669763445854187,0.004632710013538599
ACCCACTGGTTCAG-1,6,0.9783950448036194,0.0002067568275379017
ACCCACTGTCGTAG-1,1,0.9691104292869568,0.0124796899035573
ACCCAGCTCAGAAA-1,0,0.6747491359710693,0.004238436929881573
ACCCAGCTGTTAGC-1,1,0.9691104292869568,0.0124796899035573
ACCCAGCTTGCTTT-1,0,0.6727672815322876,0.004755920730531216
ACCCGTTGATGACC-1,3,1.0,0.0012277471832931042
ACCCGTTGCTGCAA-1,0,0.669763445854187,0.004632710013538599
ACCCGTTGCTTCTA-1,5,1.0,0.0005839172517880797
ACCCTCGACCTATT-1,0,0.6727672815322876,0.004755920730531216
ACCCTCGACGGTAT-1,3,1.0,0.0012277471832931042
ACCCTCGATAAGGA-1,1,0.9691104292869568,0.0124796899035573
ACCCTCGATCAAGC-1,1,0.6961901187896729,0.03388780355453491
ACCGTGCTACCAGT-1,0,0.6833891272544861,0.004386289045214653
ACCGTGCTGGAACG-1,3,1.0,0.0012277471832931042
ACCTATTGCTGAGT-1,3,1.0,0.0012277471832931042
ACCTATTGTGCCCT-1,4,0.9803383946418762,0.03426327183842659
ACCTCCGAGTCCTC-1,0,0.6247057914733887,0.005002340767532587
ACCTCCGATATGCG-1,0,0.6247057914733887,0.005002340767532587
ACCTCCGATGCTGA-1,0,0.669763445854187,0.004632710013538599
ACCTCGTGAACCAC-1,2,0.7381547689437866,0.016128767281770706
ACCTGAGATATCGG-1,1,0.6503490805625916,0.01393704954534769
ACCTGGCTAAGTAG-1,2,0.5665665864944458,0.003794037736952305
ACCTGGCTGTCTTT-1,1,0.8674864768981934,0.020470041781663895
ACCTTTGACTCCCA-1,1,0.9691104292869568,0.0124796899035573
ACCTTTGAGGAACG-1,1,0.9691104292869568,0.0124796899035573
ACCTTTGAGGAAGC-1,4,0.9803383946418762,0.03426327183842659
ACGAACACCTTGTT-1,2,0.5665665864944458,0.003794037736952305
ACGAACTGGCTATG-1,6,0.9783950448036194,0.0002067568275379017
ACGAAGCTCTCCAC-1,0,0.669763445854187,0.004632710013538599
ACGAAGCTCTGAGT-1,3,1.0,0.0012277471832931042
ACGACCCTATCTCT-1,4,0.9803383946418762,0.03426327183842659
ACGACCCTGATGAA-1,2,0.49657994508743286,0.12385646253824234
ACGACCCTTGACAC-1,3,1.0,0.0012277471832931042
ACGACCCTTGACCA-1,0,0.669763445854187,0.004632710013538599
ACGAGGGACAGGAG-1,5,1.0,0.0005839172517880797
ACGAGGGACGAACT-1,0,0.6841322779655457,0.00438628951087594
ACGAGGGATGTAGC-1,0,0.6247057914733887,0.005002340767532587
ACGAGTACCCTAAG-1,3,1.0,0.0012277471832931042
ACGAGTACGAATCC-1,3,1.0,0.0012277471832931042
ACGATCGAGGACTT-1,2,0.5665665864944458,0.003794037736952305
ACGATCGAGTCACA-1,1,0.9691104292869568,0.0124796899035573
ACGATGACAATGCC-1,0,0.6247057914733887,0.005002340767532587
ACGATGACTGGTCA-1,0,0.6247057914733887,0.005002340767532587
ACGATTCTACGGGA-1,2,0.7381547689437866,0.016128767281770706
ACGCAATGGTTCAG-1,2,0.5665665864944458,0.003794037736952305
ACGCACCTGTTAGC-1,3,1.0,0.0012277471832931042
ACGCCACTGAACTC-1,1,0.9691104292869568,0.0124796899035573
ACGCCGGAAACCAC-1,1,0.9691104292869568,0.0124796899035573
ACGCCGGAAAGCCT-1,0,0.669763445854187,0.004632710013538599
ACGCCGGAAATGCC-1,0,0.6391366124153137,0.004854488652199507
ACGCCTTGCTCCCA-1,4,0.9803383946418762,0.03426327183842659
ACGCGGTGGCGAGA-1,0,0.6247057914733887,0.005002340767532587
ACGCGGTGTGTGGT-1,3,1.0,0.0012277471832931042
ACGCGGTGTTTGCT-1,2,0.7381547689437866,0.016128767281770706
ACGCTCACAGTACC-1,0,0.6841322779655457,0.00438628951087594
ACGCTCACCCTTGC-1,0,0.6695156693458557,0.0048298463225364685
ACGCTGCTGTTCTT-1,2,0.5665665864944458,0.003794037736952305
ACGGAACTCAGATC-1,2,0.5665665864944458,0.003794037736952305
ACGGAACTGTCGTA-1,4,0.9803383946418762,0.03426327183842659
ACGGAGGACTCTTA-1,1,0.9691104292869568,0.0124796899035573
ACGGATTGGGAGGT-1,3,1.0,0.0012277471832931042
ACGGATTGGTTAGC-1,0,0.6247057914733887,0.005002340767532587
ACGGCTCTGAGCAG-1,0,0.6247057914733887,0.005002340767532587
ACGGCTCTTGCACA-1,0,0.669763445854187,0.004632710013538599
ACGGTAACCGCTAA-1,0,0.6247057914733887,0.005002340767532587
ACGGTAACCTTCGC-1,2,0.7381547689437866,0.016128767281770706
ACGGTAACGGTGGA-1,0,0.669763445854187,0.004632710013538599
ACGGTAACTCGCAA-1,2,0.7381547689437866,0.016128767281770706
ACGGTATGAGTCGT-1,1,0.9691104292869568,0.0124796899035573
ACGGTATGGGTATC-1,3,1.0,0.0012277471832931042
ACGGTATGGTTGTG-1,3,1.0,0.0012277471832931042
ACGGTCCTAACGGG-1,0,0.6247057914733887,0.005002340767532587
ACGGTCCTCGGGAA-1,0,0.6690201163291931,0.004632710013538599
ACGTAGACAACCAC-1,0,0.6247057914733887,0.005002340767532587
ACGTAGACTACAGC-1,3,1.0,0.0012277471832931042
ACGTCAGAAACGAA-1,0,0.6247057914733887,0.005002340767532587
ACGTCAGAGAGCTT-1,1,0.9691104292869568,0.0124796899035573
ACGTCAGAGGGATG-1,0,0.6247057914733887,0.005002340767532587
ACGTCCTGATAAGG-1,1,0.9691104292869568,0.0124796899035573
ACGTCCTGTGAACC-1,1,0.28491196036338806,0.06454260647296906
ACGTCGCTCCTGAA-1,7,0.7942387461662292,0.034324660897254944
ACGTCGCTCTATTC-1,1,0.9691104292869568,0.0124796899035573
ACGTCGCTTCTCAT-1,3,1.0,0.0012277471832931042
ACGTGATGCCATGA-1,5,1.0,0.0005839172517880797
ACGTGATGGGTCTA-1,0,0.6841322779655457,0.00438628951087594
ACGTGATGTAACCG-1,4,0.9803383946418762,0.03426327183842659
ACGTGATGTGACAC-1,2,0.5665665864944458,0.003794037736952305
ACGTGCCTCCGTAA-1,0,0.6271212697029114,0.0048298463225364685
ACGTGCCTTCTATC-1,2,0.7381547689437866,0.016128767281770706
ACGTTACTTTCCAT-1,0,0.6841322779655457,0.00438628951087594
ACGTTGGAAAAGCA-1,0,0.669763445854187,0.004632710013538599
ACGTTGGAAACCTG-1,2,0.7381547689437866,0.016128767281770706
ACGTTGGACCGTAA-1,1,0.9691104292869568,0.0124796899035573
ACGTTGGAGCCAAT-1,2,0.5665665864944458,0.003794037736952305
ACGTTGGATATGGC-1,3,1.0,0.0012277471832931042
ACGTTGGATCAGGT-1,1,0.9691104292869568,0.0124796899035573
ACGTTTACATCAGC-1,0,0.669763445854187,0.004632710013538599
ACTAAAACCCACAA-1,0,0.43670254945755005,0.09819865971803665
ACTAAAACTCGACA-1,1,0.9691104292869568,0.0124796899035573
ACTACGGAATTTCC-1,0,0.6247057914733887,0.005002340767532587
ACTACGGACCTATT-1,0,0.669763445854187,0.004632710013538599
ACTACGGATCGCTC-1,0,0.6391366124153137,0.004854488652199507
ACTACTACTAAGGA-1,0,0.6841322779655457,0.00438628951087594
ACTAGGTGGAACCT-1,0,0.47943761944770813,0.0653754249215126
ACTAGGTGGAACTC-1,0,0.6247057914733887,0.005002340767532587
ACTATCACCTTGGA-1,2,0.7381547689437866,0.016128767281770706
ACTATCACTGCCAA-1,0,0.6841322779655457,0.00438628951087594
ACTCAGGACTGAAC-1,0,0.6607210040092468,0.0048052044585347176
ACTCAGGATCTATC-1,3,1.0,0.0012277471832931042
ACTCAGGATTCGTT-1,1,0.9691104292869568,0.0124796899035573
ACTCCTCTCAACTG-1,0,0.6247057914733887,0.005002340767532587
ACTCGCACGAAAGT-1,1,0.9691104292869568,0.0124796899035573
ACTCGCACTACGAC-1,1,0.9691104292869568,0.0124796899035573
ACTCTCCTGACACT-1,0,0.669763445854187,0.004632710013538599
ACTCTCCTGCATAC-1,0,0.6841322779655457,0.00438628951087594
ACTCTCCTGTTTGG-1,0,0.6841322779655457,0.00438628951087594
ACTGAGACAACCAC-1,2,0.7381547689437866,0.016128767281770706
ACTGAGACCCATAG-1,4,0.9803383946418762,0.03426327183842659
ACTGAGACGTTGGT-1,3,1.0,0.0012277471832931042
ACTGCCACACACGT-1,0,0.02879970148205757,0.21933911740779877
ACTGCCACTCCGTC-1,2,0.5665665864944458,0.003794037736952305
ACTGGCCTTCAGTG-1,2,0.5665665864944458,0.003794037736952305
ACTGTGGACGTGTA-1,2,0.7381547689437866,0.016128767281770706
ACTGTGGATCTAGG-1,3,1.0,0.0012277471832931042
ACTGTTACCCACAA-1,1,0.9691104292869568,0.0124796899035573
ACTGTTACTGCAGT-1,0,0.6841322779655457,0.00438628951087594
ACTTAAGAACCACA-1,0,0.669763445854187,0.004632710013538599
ACTTAAGACCACAA-1,0,0.5896816849708557,0.03777629882097244
ACTTAAGATTACTC-1,5,1.0,0.0005839172517880797
ACTTAGCTGCGTAT-1,4,0.9803383946418762,0.03426327183842659
ACTTAGCTGGGAGT-1,0,0.6247057914733887,0.005002340767532587
ACTTCAACAAGCAA-1,7,0.21399177610874176,0.23374640941619873
ACTTCAACGTAGGG-1,2,0.5665665864944458,0.003794037736952305
ACTTCCCTTTCCGC-1,0,0.669763445854187,0.004632710013538599
ACTTCTGACATGCA-1,3,1.0,0.0012277471832931042
ACTTGACTCCACAA-1,3,1.0,0.0012277471832931042
ACTTGGGAGAAAGT-1,1,0.9691104292869568,0.0124796899035573
ACTTGGGAGGTTTG-1,0,0.6305896043777466,0.004953057039529085
ACTTGGGATGTGAC-1,4,0.9485597014427185,0.04087650775909424
ACTTGGGATTGACG-1,1,0.9691104292869568,0.0124796899035573
ACTTGTACCCGAAT-1,0,0.675832986831665,0.004608067683875561
ACTTGTACCTGTCC-1,0,0.669763445854187,0.004632710013538599
ACTTTGTGCGATAC-1,0,0.669763445854187,0.004632710013538599
ACTTTGTGGAAAGT-1,0,0.669763445854187,0.004632710013538599
ACTTTGTGGATAGA-1,1,0.9691104292869568,0.0124796899035573
AGAAACGAAAGTAG-1,3,1.0,0.0012277471832931042
AGAAAGTGCGCAAT-1,0,0.6841322779655457,0.00438628951087594
AGAAAGTGGGGATG-1,1,0.9691104292869568,0.0124796899035573
AGAACAGAAATGCC-1,2,0.5665665864944458,0.003794037736952305
AGAACAGACGACTA-1,3,1.0,0.0012277471832931042
AGAACAGAGACAAA-1,0,0.6349250674247742,0.004977698903530836
AGAACGCTTTGCTT-1,0,0.669763445854187,0.004632710013538599
AGAAGATGTGACTG-1,0,0.6247057914733887,0.005002340767532587
AGAATGGAAGAAGT-1,2,0.7381547689437866,0.016128767281770706
AGAATTTGTAACCG-1,0,0.6247057914733887,0.005002340767532587
AGAATTTGTAGAGA-1,0,0.669763445854187,0.004632710013538599
AGACACACTGTAGC-1,0,0.669763445854187,0.004632710013538599
AGACACTGTCAAGC-1,1,0.9691104292869568,0.0124796899035573
AGACCTGAAGTAGA-1,1,0.9691104292869568,0.0124796899035573
AGACCTGACCAACA-1,0,0.677474319934845,0.004534141626209021
AGACCTGAGGAAGC-1,2,0.7381547689437866,0.016128767281770706
AGACGTACAGAGGC-1,0,0.6391366124153137,0.004854488652199507
AGACGTACCCCTAC-1,3,1.0,0.0012277471832931042
AGACGTACCTCTTA-1,1,0.9691104292869568,0.0124796899035573
AGACGTACTCGTGA-1,4,0.9803383946418762,0.03426327183842659
AGACTGACCATCAG-1,2,0.7381547689437866,0.016128767281770706
AGACTGACCCTTTA-1,0,0.6841322779655457,0.00438628951087594
AGACTTCTCATGCA-1,3,1.0,0.0012277471832931042
AGAGATGACAGTCA-1,3,1.0,0.0012277471832931042
AGAGATGACTGAAC-1,0,0.6841322779655457,0.00438628951087594
AGAGATGAGGTTTG-1,1,0.9691104292869568,0.0124796899035573
AGAGATGATCTCGC-1,3,1.0,0.0012277471832931042
AGAGATGATTGTGG-1,0,0.6391366124153137,0.004854488652199507
AGAGCGGAGGCAAG-1,1,0.9691104292869568,0.0124796899035573
AGAGGTCTACAGCT-1,7,0.7942387461662292,0.034324660897254944
AGAGTCTGGTCGTA-1,4,0.9803383946418762,0.03426327183842659
AGAGTGCTCAGCTA-1,0,0.669763445854187,0.004632710479199886
AGAGTGCTCGAATC-1,0,0.6841322779655457,0.00438628951087594
AGAGTGCTGTCATG-1,0,0.6727672815322876,0.004755920730531216
AGAGTGCTGTCCTC-1,2,0.7381547689437866,0.016128767281770706
AGAGTGCTGTGTTG-1,3,1.0,0.0012277471832931042
AGATATACCCGTAA-1,2,0.5665665864944458,0.003794037736952305
AGATATACGATGAA-1,0,0.6247057914733887,0.005002340767532587
AGATATACTGTTCT-1,3,1.0,0.0012277471832931042
AGATATTGCCTACC-1,2,0.7381547689437866,0.016128767281770706
AGATATTGGCCAAT-1,1,0.9691104292869568,0.0124796899035573
AGATCGTGTCTGGA-1,1,0.9691104292869568,0.0124796899035573
AGATCGTGTTTGTC-1,3,1.0,0.0012277471832931042
AGATCTCTATCACG-1,3,1.0,0.0012277471832931042
AGATTAACGTTCTT-1,4,0.9803383946418762,0.03426327183842659
AGATTCCTATCGTG-1,0,0.6517713665962219,0.00465735187754035
AGATTCCTCACTTT-1,1,0.9691104292869568,0.0124796899035573
AGATTCCTGACGAG-1,1,0.9691104292869568,0.0124796899035573
AGATTCCTGTTCAG-1,2,0.5665665864944458,0.003794037736952305
AGCAAAGATATGCG-1,0,0.669763445854187,0.004632710013538599
AGCACAACAGTCTG-1,0,0.669763445854187,0.004632710013538599
AGCACTGAGGGAGT-1,0,0.66660475730896,0.004755920730531216
AGCACTGATATGCG-1,0,0.6247057914733887,0.005002340767532587
AGCACTGATGCTTT-1,5,1.0,0.0005839172517880797
AGCACTGATTGCGA-1,0,0.669763445854187,0.004632710013538599
AGCATCGAAGATCC-1,0,0.6305896043777466,0.004953057039529085
AGCATCGAAGGGTG-1,3,1.0,0.0012277471832931042
AGCATCGAGCTTCC-1,1,0.9691104292869568,0.0124796899035573
AGCATCGAGTGAGG-1,0,0.6247057914733887,0.005002340767532587
AGCATCGATAACCG-1,1,0.9691104292869568,0.0124796899035573
AGCATGACGATGAA-1,2,0.7381547689437866,0.016128767281770706
AGCCAATGGGGAGT-1,4,0.9803383946418762,0.03426327183842659
AGCCAATGTATCTC-1,0,0.6633531451225281,0.0048298463225364685
AGCCACCTGGATCT-1,2,0.7381547689437866,0.016128767281770706
AGCCGGTGCCAATG-1,0,0.6247057914733887,0.005002340767532587
AGCCGGTGTGTTTC-1,0,0.669763445854187,0.004632710013538599
AGCCGTCTCAATCG-1,0,0.669763445854187,0.004632710013538599
AGCCGTCTGAGAGC-1,0,0.6247057914733887,0.005002340767532587
AGCCTCACGTTCGA-1,0,0.669763445854187,0.004632710013538599
AGCCTCACTGTCAG-1,4,0.9803383946418762,0.03426327183842659
AGCCTCTGCAGTTG-1,3,1.0,0.0012277471832931042
AGCCTCTGCCAATG-1,2,0.5665665864944458,0.003794037736952305
AGCGAACTGGATCT-1,0,0.6841322779655457,0.00438628951087594
AGCGAACTTACTGG-1,0,0.66660475730896,0.004755920730531216
AGCGATACGGAGCA-1,0,0.669763445854187,0.004632710013538599
AGCGATTGAGATCC-1,2,0.5665665864944458,0.003794037736952305
AGCGCCGAATCTCT-1,0,0.669763445854187,0.004632710013538599
AGCGCCGACAGAGG-1,0,0.6247057914733887,0.005002340767532587
AGCGCTCTACCTTT-1,0,0.669763445854187,0.004632710013538599
AGCGGCACCGGGAA-1,0,0.669763445854187,0.004632710013538599
AGCGGCTGATGTGC-1,0,0.6841322779655457,0.00438628951087594
AGCGGGCTTGCCAA-1,0,0.6841322779655457,0.00438628951087594
AGCGTAACATGCTG-1,0,0.6247057914733887,0.005002340767532587
AGCGTAACTGAGAA-1,1,0.9691104292869568,0.0124796899035573
AGCTCGCTACTGGT-1,0,0.669763445854187,0.004632710013538599
AGCTCGCTCTGCTC-1,0,0.6841322779655457,0.00438628951087594
AGCTGAACCATACG-1,4,0.9803383946418762,0.03426327183842659
AGCTGAACCTCTCG-1,0,0.6505016684532166,0.0048298463225364685
AGCTGCCTTGGGAG-1,1,0.9691104292869568,0.0124796899035573
AGCTGCCTTTCATC-1,0,0.6247057914733887,0.005002340767532587
AGCTGCCTTTCTGT-1,0,0.669763445854187,0.004632710013538599
AGCTGTGATCCAAG-1,0,0.5633593201637268,0.05125550925731659
AGCTTTACAAGTAG-1,0,0.669763445854187,0.004632710013538599
AGCTTTACACCAAC-1,2,0.7381547689437866,0.016128767281770706
AGCTTTACTCTCAT-1,3,1.0,0.0012277471832931042
AGGAAATGAGGAGC-1,0,0.5003096461296082,0.07084596157073975
AGGAACCTCTTAGG-1,4,0.9803383946418762,0.03426327183842659
AGGAACCTTGCCTC-1,2,0.7381547689437866,0.016128767281770706
AGGAATGATAACGC-1,0,0.6841322779655457,0.00438628951087594
AGGAATGATTTGTC-1,0,0.6247057914733887,0.005002340767532587
AGGAGTCTGGTTTG-1,0,0.6841322779655457,0.00438628951087594
AGGAGTCTTGTCAG-1,0,0.6841322779655457,0.00438628951087594
AGGATAGACATTTC-1,0,0.6247057914733887,0.005002340767532587
AGGATAGAGGATTC-1,2,0.7381547689437866,0.016128767281770706
AGGATGCTACTAGC-1,3,1.0,0.0012277471832931042
AGGATGCTTTAGGC-1,2,0.5665665864944458,0.003794037736952305
AGGCAACTGAAGGC-1,0,0.5948222279548645,0.02523348294198513
AGGCAGGAGTACCA-1,2,0.7381547689437866,0.016128767281770706
AGGCCTCTAGTCGT-1,0,0.6727672815322876,0.004755920730531216
AGGCCTCTCGGAGA-1,0,0.6247057914733887,0.005002340767532587
AGGCCTCTCGTAAC-1,0,0.669763445854187,0.004632710013538599
AGGGACGACGTTGA-1,0,0.669763445854187,0.004632710013538599
AGGGACGAGTCAAC-1,2,0.5665665864944458,0.003794037736952305
AGGGACGAGTTGTG-1,0,0.669763445854187,0.004632710013538599
AGGGACGATAGAGA-1,2,0.7381547689437866,0.016128767281770706
AGGGACGATGCATG-1,2,0.7381547689437866,0.016128767281770706
AGGGAGTGAGCCTA-1,0,0.6164994239807129,0.005248761270195246
AGGGCCACCATACG-1,0,0.6835439205169678,0.004263078793883324
AGGGCGCTAACCAC-1,1,0.9691104292869568,0.0124796899035573
AGGGCGCTATGGTC-1,0,0.6391366124153137,0.004854488652199507
AGGGTGGACAGTCA-1,3,1.0,0.0012277471832931042
AGGGTGGACTCAAG-1,1,0.9691104292869568,0.0124796899035573
AGGGTGGAGTTGCA-1,2,0.7381547689437866,0.016128767281770706
AGGGTTTGTTCATC-1,1,0.9691104292869568,0.0124796899035573
AGGTCATGAGTGTC-1,3,1.0,0.0012277471832931042
AGGTCATGCTTATC-1,2,0.7381547689437866,0.016128767281770706
AGGTCTGATTCTCA-1,4,0.9803383946418762,0.03426327183842659
AGGTGGGAAGAATG-1,0,0.631456732749939,0.02481456845998764
AGGTGGGAAGTTCG-1,0,0.6633531451225281,0.0048298463225364685
AGGTGTTGGTTACG-1,3,1.0,0.0012277471832931042
AGGTTCGAACCTCC-1,1,0.9691104292869568,0.0124796899035573
AGGTTCGAACGTAC-1,1,0.9691104292869568,0.0124796899035573
AGGTTCGAGGGTGA-1,0,0.669763445854187,0.004632710013538599
AGTAAGGAGTTTGG-1,0,0.6247057914733887,0.005002340767532587
AGTAAGGATTCTTG-1,0,0.6247057914733887,0.005002340767532587
AGTAATACATCACG-1,2,0.5665665864944458,0.003794037736952305
AGTAATACCGAACT-1,3,1.0,0.0012277471832931042
AGTAATTGTCCCAC-1,0,0.6247057914733887,0.005002340767532587
AGTACGTGAGGGTG-1,0,0.6727672815322876,0.004755920730531216
AGTACGTGCTGCAA-1,0,0.6654279232025146,0.00458342581987381
AGTACGTGCTTGGA-1,0,0.6247057914733887,0.005002340767532587
AGTACTCTACGTGT-1,3,1.0,0.0012277471832931042
AGTACTCTCAACCA-1,2,0.7381547689437866,0.016128767281770706
AGTACTCTCGGTAT-1,0,0.6247057914733887,0.005002340767532587
AGTAGGCTTGCCTC-1,4,0.9803383946418762,0.03426327183842659
AGTATAACTTGTCT-1,4,0.9803383946418762,0.03426327183842659
AGTATCCTAGAACA-1,0,0.669763445854187,0.004632710013538599
AGTCACGATGAGCT-1,2,0.5665665864944458,0.003794037736952305
AGTCAGACGAATAG-1,0,0.6247057914733887,0.005002340767532587
AGTCAGACGCTTAG-1,0,0.6841322779655457,0.00438628951087594
AGTCAGACTAGAGA-1,2,0.7381547689437866,0.016128767281770706
AGTCAGACTGCACA-1,0,0.6247057914733887,0.005002340767532587
AGTCCAGATATCTC-1,0,0.669763445854187,0.004632710013538599
AGTCCAGATTTCAC-1,0,0.6751827597618103,0.00458342581987381
AGTCGAACCAACCA-1,0,0.669763445854187,0.004632710013538599
AGTCGCCTCCGTAA-1,0,0.680911660194397,0.004238436929881573
AGTCTACTAGGGTG-1,1,0.9691104292869568,0.0124796899035573
AGTCTACTTGCATG-1,4,0.9803383946418762,0.03426327183842659
AGTCTTACACCACA-1,0,0.669763445854187,0.004632710013538599
AGTCTTACTTCGCC-1,2,0.7381547689437866,0.016128767281770706
AGTCTTACTTCGGA-1,6,0.9783950448036194,0.0002067568275379017
AGTGACTGCAACTG-1,4,0.9803383946418762,0.03426327183842659
AGTGTTCTAACCTG-1,0,0.6845349073410034,0.004361646715551615
AGTGTTCTATAAGG-1,0,0.6841322779655457,0.00438628951087594
AGTGTTCTCACTTT-1,1,0.9691104292869568,0.0124796899035573
AGTTAAACCACTTT-1,0,0.6247057914733887,0.005002340767532587
AGTTATGAACAGTC-1,1,0.9691104292869568,0.0124796899035573
AGTTATGACTGAGT-1,0,0.6247057914733887,0.005002340767532587
AGTTATGAGTTCAG-1,0,0.6391366124153137,0.004854488652199507
AGTTCTACCAGCTA-1,1,0.9691104292869568,0.0124796899035573
AGTTCTTGAAGCCT-1,2,0.7381547689437866,0.016128767281770706
AGTTGTCTACTACG-1,0,0.6841322779655457,0.00438628951087594
AGTTTAGATGGTCA-1,0,0.6841322779655457,0.00438628951087594
AGTTTCACGGTCTA-1,2,0.7381547689437866,0.016128767281770706
AGTTTGCTACAGTC-1,0,0.669763445854187,0.004632710013538599
AGTTTGCTACTGGT-1,2,0.5665665864944458,0.003794037736952305
AGTTTGCTCCAAGT-1,0,0.669763445854187,0.004632710013538599
ATAAACACAGTGCT-1,3,1.0,0.0012277471832931042
ATAAACACCACCAA-1,0,0.6845349073410034,0.004361646715551615
ATAACAACATGCTG-1,1,0.9691104292869568,0.0124796899035573
ATAACAACGTCTAG-1,0,0.6841322779655457,0.00438628951087594
ATAACAACTTTGTC-1,0,0.6841322779655457,0.00438628951087594
ATAACATGTACTCT-1,0,0.6247057914733887,0.005002340767532587
ATAACCCTGTTGGT-1,0,0.669763445854187,0.004632710013538599
ATAACCCTTGGTAC-1,0,0.6247057914733887,0.005002340767532587
ATAAGTACGAATGA-1,3,1.0,0.0012277471832931042
ATAAGTTGGTACGT-1,4,0.9803383946418762,0.03426327183842659
ATAAGTTGTCTAGG-1,0,0.6753994822502136,0.004780562594532967
ATAATCGAGCTGAT-1,3,1.0,0.0012277471832931042
ATAATCGATGGTTG-1,0,0.6841322779655457,0.00438628951087594
ATAATGACCTACTT-1,0,0.6247057914733887,0.005002340767532587
ATAATGACTCGTGA-1,1,0.9691104292869568,0.0124796899035573
ATACAATGTTAGGC-1,0,0.6837916374206543,0.004312362987548113
ATACCACTCGTACA-1,1,0.9691104292869568,0.0124796899035573
ATACCACTCTAAGC-1,5,1.0,0.0005839172517880797
ATACCACTGCCAAT-1,2,0.5665665864944458,0.003794037736952305
ATACCGGAATGCTG-1,5,1.0,0.0005839172517880797
ATACCGGACATTTC-1,1,0.9691104292869568,0.0124796899035573
ATACCGGACTTCGC-1,0,0.6247057914733887,0.005002340767532587
ATACCGGAGGTGTT-1,1,0.9691104292869568,0.0124796899035573
ATACCGGATCTCGC-1,0,0.669763445854187,0.004632710013538599
ATACCTACGCATCA-1,0,0.5555245876312256,0.03834306448698044
ATACCTTGGGGCAA-1,0,0.6841322779655457,0.00438628951087594
ATACGGACAGACTC-1,1,0.9691104292869568,0.0124796899035573
ATACGGACCTACTT-1,1,0.9691104292869568,0.0124796899035573
ATACGGACGAGGTG-1,3,1.0,0.0012277471832931042
ATACGGACTATGCG-1,3,1.0,0.0012277471832931042
ATACGGACTCTGGA-1,1,0.9691104292869568,0.0124796899035573
ATACGTCTTAACGC-1,1,0.9691104292869568,0.0124796899035573
ATACTCTGCTTCGC-1,1,0.28491196036338806,0.06454260647296906
ATACTCTGGTATGC-1,2,0.5665665864944458,0.003794037736952305
ATAGATACCATGGT-1,0,0.6247057914733887,0.005002340767532587
ATAGATACGACGAG-1,0,0.669763445854187,0.004632710013538599
ATAGATTGGTGTAC-1,3,1.0,0.0012277471832931042
ATAGCCGAACGGAG-1,0,0.669763445854187,0.004632710013538599
ATAGCGTGCAGATC-1,0,0.6247057914733887,0.005002340767532587
ATAGCGTGCCCTTG-1,1,0.9691104292869568,0.0124796899035573
ATAGCGTGGTATCG-1,1,0.9691104292869568,0.0124796899035573
ATAGCGTGTCTCTA-1,0,0.6247057914733887,0.005002340767532587
ATAGCTCTCTGATG-1,0,0.669763445854187,0.004632710013538599
ATAGCTCTGAGGTG-1,0,0.6841322779655457,0.00438628951087594
ATAGGAGAAACAGA-1,1,0.9691104292869568,0.0124796899035573
ATAGGCTGTCAGAC-1,0,0.6817168593406677,0.004558783955872059
ATAGTCCTAGTGTC-1,1,0.9691104292869568,0.0124796899035573
ATAGTCCTTGCATG-1,2,0.7381547689437866,0.016128767281770706
ATAGTCCTTGTCGA-1,0,0.6841322779655457,0.00438628951087594
ATAGTTGACAACTG-1,0,0.669763445854187,0.004632710013538599
ATAGTTGACCCTCA-1,4,0.9803383946418762,0.03426327183842659
ATAGTTGAGACGTT-1,0,0.669763445854187,0.004632710013538599
ATAGTTGATAAGCC-1,0,0.669763445854187,0.004632710013538599
ATATACGAAGCCAT-1,0,0.6474359035491943,0.004509499296545982
ATATACGAATTGGC-1,0,0.6247057914733887,0.005002340767532587
ATATAGTGGAATGA-1,1,0.9691104292869568,0.0124796899035573
ATATGCCTAGATCC-1,1,0.9691104292869568,0.0124796899035573
ATATGCCTGGACAG-1,0,0.5367583632469177,0.05837707221508026
ATATGCCTTCTCTA-1,0,0.64851975440979,0.00465735187754035
ATATGCCTTGGTAC-1,0,0.6841322779655457,0.00438628951087594
ATCAAATGAGCCTA-1,1,0.9691104292869568,0.0124796899035573
ATCAAATGGGTAAA-1,4,0.9803383946418762,0.03426327183842659
ATCAACCTAAACGA-1,0,0.6247057914733887,0.005002340767532587
ATCAACCTGAGGAC-1,0,0.669763445854187,0.004632710013538599
ATCAACCTTCTCTA-1,2,0.7381547689437866,0.016128767281770706
ATCAACCTTTGTCT-1,2,0.7381547689437866,0.016128767281770706
ATCACACTTTGTCT-1,0,0.6841322779655457,0.00438628951087594
ATCACGGATTGCTT-1,1,0.9691104292869568,0.0124796899035573
ATCACGGATTTCGT-1,3,1.0,0.0012277471832931042
ATCATCTGACACCA-1,6,0.9783950448036194,0.0002067568275379017
ATCATGCTAGAGTA-1,2,0.7381547689437866,0.016128767281770706
ATCATGCTGAACCT-1,3,1.0,0.0012277471832931042
ATCCAGGACGCTAA-1,4,0.9803383946418762,0.03426327183842659
ATCCAGGATGGAAA-1,0,0.6247057914733887,0.005002340767532587
ATCCATACTCCTTA-1,1,0.9691104292869568,0.0124796899035573
ATCCATACTTCATC-1,4,0.9803383946418762,0.03426327183842659
ATCCCGTGCAGTCA-1,2,0.5665665864944458,0.003794037736952305
ATCCCGTGCATGCA-1,3,1.0,0.0012277471832931042
ATCCCGTGGCTGAT-1,3,1.0,0.0012277471832931042
ATCCGCACGCATCA-1,3,1.0,0.0012277471832931042
ATCCTAACGACGGA-1,3,1.0,0.0012277471832931042
ATCCTAACGCTACA-1,2,0.7381547689437866,0.016128767281770706
ATCGACGAAACTGC-1,1,0.9691104292869568,0.0124796899035573
ATCGACGAATGACC-1,0,0.680911660194397,0.004632710013538599
ATCGAGTGGACGTT-1,2,0.7381547689437866,0.016128767281770706
ATCGCAGAATCTCT-1,4,0.9803383946418762,0.03426327183842659
ATCGCAGAGTGTCA-1,3,1.0,0.0012277471832931042
ATCGCCACTGAGGG-1,2,0.7381547689437866,0.016128767281770706
ATCGCCTGGGTCAT-1,0,0.6633531451225281,0.0048298463225364685
ATCGCCTGTGGCAT-1,3,1.0,0.0012277471832931042
ATCGCGCTCAGAGG-1,1,0.9691104292869568,0.0124796899035573
ATCGCGCTGGGATG-1,0,0.6469714045524597,0.004928414709866047
ATCGCGCTTTTCGT-1,3,1.0,0.0012277471832931042
ATCGGAACCAGTCA-1,0,0.669763445854187,0.004632710013538599
ATCGGTGAGTCAAC-1,0,0.669763445854187,0.004632710013538599
ATCGGTGATTGCAG-1,0,0.6633531451225281,0.0048298463225364685
ATCGTTTGCCTACC-1,1,0.9691104292869568,0.0124796899035573
ATCGTTTGGGTACT-1,1,0.9691104292869568,0.0124796899035573
ATCGTTTGTGCCAA-1,1,0.9691104292869568,0.0124796899035573
ATCTACACCCGCTT-1,1,0.9691104292869568,0.0124796899035573
ATCTACACCGGGAA-1,0,0.6247057914733887,0.005002340767532587
ATCTCAACAGGAGC-1,3,1.0,0.0012277471832931042
ATCTCAACCTCGAA-1,0,0.669763445854187,0.004632710013538599
ATCTCAACCTTGTT-1,1,0.9691104292869568,0.0124796899035573
ATCTGGGAAACCAC-1,1,0.9691104292869568,0.0124796899035573
ATCTGGGAAGTGTC-1,1,0.9691104292869568,0.0124796899035573
ATCTGGGATTCCGC-1,0,0.02879970148205757,0.21933911740779877
ATCTGTTGAACGGG-1,0,0.6247058510780334,0.005002340767532587
ATCTGTTGACCTCC-1,0,0.6469714045524597,0.004928414709866047
ATCTGTTGCCTTCG-1,4,0.9803383946418762,0.03426327183842659
ATCTGTTGGTTGCA-1,0,0.6247058510780334,0.005002340767532587
ATCTTGACACCAAC-1,0,0.6648085713386536,0.004608068149536848
ATCTTGACCTCCCA-1,1,0.9691104292869568,0.0124796899035573
ATCTTTCTGCATCA-1,0,0.46999260783195496,0.07003277540206909
ATCTTTCTGTTTCT-1,2,0.7381547689437866,0.016128767281770706
ATCTTTCTTGTCCC-1,2,0.5665665864944458,0.003794037736952305
ATGAAACTCTGTGA-1,0,0.5462653636932373,0.04477464780211449
ATGAAACTGAGGCA-1,0,0.6841322183609009,0.00438628951087594
ATGAAGGAACAGCT-1,2,0.7381547689437866,0.016128767281770706
ATGAAGGACCTGTC-1,3,1.0,0.0012277471832931042
ATGAAGGACCTTAT-1,3,1.0,0.0012277471832931042
ATGAAGGACTAGTG-1,3,1.0,0.0012277471832931042
ATGAAGGACTTGCC-1,2,0.5665665864944458,0.003794037736952305
ATGACGTGACGACT-1,3,1.0,0.0012277471832931042
ATGACGTGATCGGT-1,1,0.8335608839988708,0.023200495168566704
ATGAGAGAAAGTGA-1,0,0.6247058510780334,0.005002340767532587
ATGAGAGAACGCAT-1,0,0.6841322183609009,0.00438628951087594
ATGAGAGAAGTAGA-1,3,1.0,0.0012277471832931042
ATGAGCACACAGCT-1,0,0.6841322183609009,0.00438628951087594
ATGAGCACATCTTC-1,0,0.6804471611976624,0.004361646715551615
ATGATAACTTCACT-1,2,0.5665665864944458,0.003794037736952305
ATGATATGAAACAG-1,0,0.6247058510780334,0.005002340767532587
ATGATATGACTGGT-1,0,0.6841322183609009,0.00438628951087594
ATGATATGAGCACT-1,0,0.6841322183609009,0.00438628951087594
ATGATATGGTCATG-1,0,0.669763445854187,0.004632710013538599
ATGATATGGTGCTA-1,2,0.5665665864944458,0.003794037736952305
ATGATATGTTGTCT-1,1,0.9691104292869568,0.0124796899035573
ATGCACGAATGTCG-1,3,1.0,0.0012277471832931042
ATGCACGACTGTAG-1,0,0.669763445854187,0.004632710479199886
ATGCACGAGAACCT-1,3,1.0,0.0012277471832931042
ATGCACGAGTTCGA-1,0,0.6841322183609009,0.00438628951087594
ATGCACGATTGGTG-1,1,0.9691104292869568,0.0124796899035573
ATGCAGTGTTACCT-1,3,1.0,0.0012277471832931042
ATGCAGTGTTCTAC-1,0,0.6530100107192993,0.0050516254268586636
ATGCCAGAACGACT-1,0,0.6841322183609009,0.00438628951087594
ATGCCAGACAGTCA-1,1,0.9691104292869568,0.0124796899035573
ATGCCGCTTGAACC-1,1,0.9691104292869568,0.0124796899035573
ATGCGATGCTATGG-1,1,0.9691104292869568,0.0124796899035573
ATGCGATGCTGAGT-1,0,0.6841322183609009,0.00438628951087594
ATGCGATGGTTACG-1,3,1.0,0.0012277471832931042
ATGCGCCTTCATTC-1,0,0.6841322183609009,0.00438628951087594
ATGCTTTGCGAATC-1,0,0.6751827597618103,0.00458342581987381
ATGCTTTGGGCGAA-1,2,0.7381547689437866,0.016128767281770706
ATGCTTTGTAGTCG-1,3,1.0,0.0012277471832931042
ATGGACACATCGGT-1,0,0.6247058510780334,0.005002340767532587
ATGGACACGCATCA-1,2,0.5665665864944458,0.003794037736952305
ATGGGTACAACCTG-1,3,1.0,0.0012277471832931042
ATGGGTACATCGGT-1,2,0.5665665864944458,0.003794037736952305
ATGGGTACTATTCC-1,0,0.6247058510780334,0.005002340767532587
ATGGGTACTGGGAG-1,0,0.6247058510780334,0.005002340767532587
ATGTAAACACCTCC-1,0,0.6817167401313782,0.004558783955872059
ATGTAAACCCGCTT-1,0,0.6607210040092468,0.0048052044585347176
ATGTAAACGGGATG-1,5,1.0,0.0005839172517880797
ATGTAAACTCTCCG-1,0,0.4592468738555908,0.054187919944524765
ATGTAAACTTCACT-1,1,0.9691104292869568,0.0124796899035573
ATGTACCTCAGTCA-1,0,0.669763445854187,0.004632710013538599
ATGTACCTTAGTCG-1,0,0.6247058510780334,0.005002340767532587
ATGTACCTTTATCC-1,1,0.9691104292869568,0.0124796899035573
ATGTACCTTTCACT-1,2,0.7381547689437866,0.016128767281770706
ATGTCACTAATGCC-1,1,0.9691104292869568,0.0124796899035573
ATGTCACTCTGCTC-1,0,0.669763445854187,0.004632710013538599
ATGTCGGAGGTGAG-1,0,0.6247058510780334,0.005002340767532587
ATGTTCACAGTCTG-1,1,0.9691104292869568,0.0124796899035573
ATGTTCACCGTAGT-1,0,0.6247058510780334,0.005002340767532587
ATGTTGCTTTCAGG-1,0,0.6247058510780334,0.005002340767532587
ATTAACGATGAGAA-1,2,0.5665665864944458,0.003794037736952305
ATTAACGATGCAAC-1,2,0.7381547689437866,0.016128767281770706
ATTAAGACTGCAGT-1,0,0.6247058510780334,0.005002340767532587
ATTACCTGCCTTAT-1,1,0.9691104292869568,0.0124796899035573
ATTACCTGGAGGAC-1,4,0.9803383946418762,0.03426327183842659
ATTACCTGGGCATT-1,3,1.0,0.0012277471832931042
ATTAGATGTTTCAC-1,0,0.669763445854187,0.004632710013538599
ATTATGGAATCTCT-1,0,0.6247058510780334,0.005002340767532587
ATTCAAGAACGGGA-1,0,0.6841322183609009,0.00438628951087594
ATTCAAGACCTTTA-1,0,0.61033695936203,0.005248761735856533
ATTCAGCTCATTGG-1,6,0.9783950448036194,0.0002067568275379017
ATTCCAACCATTGG-1,1,0.9691104292869568,0.0124796899035573
ATTCCAACTTAGGC-1,2,0.5665665864944458,0.003794037736952305
ATTCGACTCACTAG-1,0,0.6247058510780334,0.005002340767532587
ATTCGACTGAATAG-1,1,0.9691104292869568,0.0124796899035573
ATTCGACTTTTGTC-1,4,0.9803383946418762,0.03426327183842659
ATTCGGGAAAGGCG-1,1,0.9691104292869568,0.0124796899035573
ATTCGGGATTAGGC-1,0,0.6247058510780334,0.005002340767532587
ATTCTTCTGATACC-1,0,0.5879474878311157,0.03814592584967613
ATTGAATGGACGGA-1,0,0.669763445854187,0.004632710013538599
ATTGATGAAGGTTC-1,0,0.669763445854187,0.004632710013538599
ATTGATGACTGAGT-1,0,0.6841322183609009,0.00438628951087594
ATTGATGAGCGAAG-1,0,0.6247058510780334,0.005002340767532587
ATTGATGATCTATC-1,0,0.6841322183609009,0.00438628951087594
ATTGCACTGACGGA-1,0,0.669763445854187,0.004632710013538599
ATTGCACTGAGAGC-1,4,0.9803383946418762,0.03426327183842659
ATTGCACTGGAGCA-1,1,0.9691104292869568,0.0124796899035573
ATTGCACTTAGCCA-1,0,0.6841322183609009,0.00438628951087594
ATTGCACTTGCTTT-1,4,0.9803383946418762,0.03426327183842659
ATTGCTTGTTACTC-1,3,1.0,0.0012277471832931042
ATTGGTCTGACTAC-1,3,1.0,0.0012277471832931042
ATTGGTCTTGTCTT-1,3,1.0,0.0012277471832931042
ATTGTAGATTCCCG-1,5,1.0,0.0005839172517880797
ATTGTAGATTGCAG-1,0,0.6457017660140991,0.011803554370999336
ATTGTCTGCGTACA-1,0,0.678279459476471,0.004460215102881193
ATTTAGGAACCATG-1,4,0.9803383946418762,0.03426327183842659
ATTTAGGACAGAGG-1,0,0.6247058510780334,0.005002340767532587
ATTTCCGAGATGAA-1,0,0.6247058510780334,0.005002340767532587
ATTTCCGAGTGCTA-1,0,0.6247058510780334,0.005002340767532587
ATTTCGTGTATGGC-1,2,0.7381547689437866,0.016128767281770706
ATTTCTCTACTTTC-1,4,0.9803383946418762,0.03426327183842659
ATTTCTCTAGCAAA-1,0,0.6247058510780334,0.005002340767532587
ATTTCTCTCACTTT-1,4,0.9803383946418762,0.03426327183842659
ATTTCTCTTCCCAC-1,0,0.669763445854187,0.004632710013538599
ATTTGCACAAGATG-1,1,0.9691104292869568,0.0124796899035573
CAAAGCACAGCTCA-1,0,0.6699802279472351,0.0047066365368664265
CAAAGCACCGTAAC-1,3,1.0,0.0012277471832931042
CAAAGCACGGTAAA-1,2,0.6278778910636902,0.007423832081258297
CAAAGCTGAAAGTG-1,0,0.669763445854187,0.004632710013538599
CAAAGCTGTTGCTT-1,1,0.9691104292869568,0.0124796899035573
CAAATATGTGACAC-1,0,0.6841322183609009,0.00438628951087594
CAAATTGAGGGCAA-1,0,0.669763445854187,0.004632710013538599
CAAATTGATGGAGG-1,1,0.9691104292869568,0.0124796899035573
CAACCAGAAAAGTG-1,0,0.669763445854187,0.004632710013538599
CAACCAGAAGTGCT-1,0,0.6690201759338379,0.00458342581987381
CAACCAGAGTTCAG-1,1,0.9691104292869568,0.0124796899035573
CAACCAGATAGAAG-1,1,0.9691104292869568,0.0124796899035573
CAACCGCTGTTCAG-1,0,0.669763445854187,0.004632710013538599
CAACCGCTTTGAGC-1,0,0.6391366124153137,0.004854488652199507
CAACGATGCGCAAT-1,4,0.9803383946418762,0.03426327183842659
CAACGTGACTCCAC-1,1,0.9691104292869568,0.0124796899035573
CAACGTGAGCCATA-1,2,0.7381547689437866,0.016128767281770706
CAACGTGATCAAGC-1,1,0.9691104292869568,0.0124796899035573
CAAGAAGACCACAA-1,2,0.7381547689437866,0.016128767281770706
CAAGAAGACGTCTC-1,1,0.9691104292869568,0.0124796899035573
CAAGAAGATTCTAC-1,0,0.669763445854187,0.004632710013538599
CAAGACTGACCTGA-1,3,1.0,0.0012277471832931042
CAAGACTGAGTAGA-1,3,1.0,0.0012277471832931042
CAAGCTGACCATAG-1,4,0.9803383946418762,0.03426327183842659
CAAGCTGATCTATC-1,2,0.7381547689437866,0.016128767281770706
CAAGGACTGTTCAG-1,0,0.6841322183609009,0.00438628951087594
CAAGGACTTCTTTG-1,2,0.7381547689437866,0.016128767281770706
CAAGGTTGCTCCAC-1,0,0.6391366124153137,0.004854488652199507
CAAGGTTGTCATTC-1,3,1.0,0.0012277471832931042
CAAGGTTGTCTGGA-1,2,0.5665665864944458,0.003794037736952305
CAAGTCGAAACAGA-1,3,1.0,0.0012277471832931042
CAAGTCGATAGCGT-1,1,0.9691104292869568,0.0124796899035573
CAATAAACGCCATA-1,1,0.9691104292869568,0.0124796899035573
CAATAATGAACTGC-1,1,0.9691104292869568,0.0124796899035573
CAATATGACATGGT-1,0,0.6391366124153137,0.004854488652199507
CAATATGACCTTCG-1,2,0.7381547689437866,0.016128767281770706
CAATATGACGTTAG-1,0,0.6841322183609009,0.00438628951087594
CAATATGAGGAGCA-1,0,0.6247058510780334,0.005002340767532587
CAATCGGAGAAACA-1,0,0.6247058510780334,0.005002340767532587
CAATCTACTGACTG-1,2,0.5665665864944458,0.003794037736952305
CAATTCACCCAACA-1,2,0.7381547689437866,0.016128767281770706
CAATTCACGATAGA-1,0,0.6753995418548584,0.004780562594532967
CAATTCACTTGTGG-1,0,0.669763445854187,0.004632710013538599
CAATTCTGCTTGTT-1,1,0.9691104292869568,0.0124796899035573
CAATTCTGGCGTAT-1,1,0.9691104292869568,0.0124796899035573
CACAACGATACGAC-1,0,0.6841322183609009,0.00438628951087594
CACAATCTTGTTCT-1,0,0.17112599313259125,0.17468765377998352
CACAATCTTTCCAT-1,2,0.7381547689437866,0.016128767281770706
CACACCTGCTTGAG-1,0,0.6841322183609009,0.00438628951087594
CACACCTGTATGGC-1,0,0.669763445854187,0.004632710013538599
CACAGAACCCTTGC-1,3,1.0,0.0012277471832931042
CACAGAACCTGATG-1,0,0.6010157465934753,0.011655701324343681
CACAGATGGGATTC-1,0,0.6247058510780334,0.005002340767532587
CACAGATGGTTTCT-1,1,0.9691104292869568,0.0124796899035573
CACAGCCTGATACC-1,0,0.5555245876312256,0.03834306448698044
CACAGCCTTGCCAA-1,4,0.9803383946418762,0.03426327183842659
CACAGCCTTGTAGC-1,0,0.6247058510780334,0.005002340767532587
CACAGTGATGAAGA-1,1,0.9691104292869568,0.0124796899035573
CACATACTACAGCT-1,2,0.672005295753479,0.040436889976263046
CACATGGAACACGT-1,0,0.6690201759338379,0.00458342581987381
CACATGGAAGTCGT-1,0,0.669763445854187,0.004632710013538599
CACCACTGCCAACA-1,0,0.6841322183609009,0.00438628951087594
CACCACTGGCGAAG-1,2,0.5665665864944458,0.003794037736952305
CACCCATGTTCTGT-1,0,0.2551715672016144,0.14147014915943146
CACCGGGAATCGAC-1,0,0.6247058510780334,0.005002340767532587
CACCGGGACGAGAG-1,2,0.7381547689437866,0.016128767281770706
CACCGGGACGTGTA-1,0,0.6841322183609009,0.00438628951087594
CACCGGGACTTCTA-1,7,0.21399177610874176,0.24390751123428345
CACCGGGACTTGCC-1,2,0.7381547689437866,0.016128767281770706
CACCGGGATTCGGA-1,2,0.7381547689437866,0.016128767281770706
CACCGTACTAAGGA-1,3,1.0,0.0012277471832931042
CACCGTACTAGCGT-1,0,0.678279459476471,0.004460215102881193
CACCTGACACCCAA-1,2,0.7381547689437866,0.016128767281770706
CACCTGACCAGAAA-1,0,0.6247058510780334,0.005002340767532587
CACCTGACCTCAAG-1,2,0.7381547689437866,0.016128767281770706
CACCTGACGAAAGT-1,3,1.0,0.0012277471832931042
CACCTGACTCGTAG-1,0,0.6841322183609009,0.00438628951087594
CACGAAACTTCCGC-1,3,1.0,0.0012277471832931042
CACGACCTCGATAC-1,3,1.0,0.0012277471832931042
CACGCTACAGAAGT-1,0,0.669763445854187,0.004632710013538599
CACGCTACTGTTCT-1,3,1.0,0.0012277471832931042
CACGCTACTTGACG-1,1,0.9691104292869568,0.0124796899035573
CACGGGACAGAGTA-1,0,0.6651183366775513,0.0045834253542125225
CACGGGACATAAGG-1,0,0.6699802279472351,0.0047066365368664265
CACGGGACGTAGGG-1,0,0.6247058510780334,0.005002340767532587
CACGGGTGCTTCGC-1,2,0.7381547689437866,0.016128767281770706
CACGGGTGGAGGAC-1,2,0.7381547689437866,0.016128767281770706
CACGGGTGTGTTTC-1,0,0.669763445854187,0.004632710013538599
CACTAACTCCTAAG-1,3,1.0,0.0012277471832931042
CACTAACTGAAAGT-1,0,0.6505016684532166,0.0048298463225364685
CACTAGGATGATGC-1,3,1.0,0.0012277471832931042
CACTATACCCCGTT-1,3,1.0,0.0012277471832931042
CACTATACGTTTGG-1,2,0.7381547689437866,0.016128767281770706
CACTGAGACAGTCA-1,1,0.9691104292869568,0.0124796899035573
CACTGCACTTCATC-1,0,0.6841322183609009,0.00438628951087594
CACTGCTGAGACTC-1,4,0.9803383946418762,0.03426327183842659
CACTGCTGGAAAGT-1,0,0.6247058510780334,0.005002340767532587
CACTTAACCGAATC-1,0,0.6247058510780334,0.005002340767532587
CACTTAACCGTACA-1,3,1.0,0.0012277471832931042
CACTTTGACTCTAT-1,2,0.7381547689437866,0.016128767281770706
CACTTTGAGCTGTA-1,2,0.7166332602500916,0.02103966474533081
CAGAAGCTCTCAAG-1,0,0.669763445854187,0.004632710013538599
CAGACATGAACGGG-1,0,0.6841322183609009,0.00438628951087594
CAGACATGTCGACA-1,0,0.6247058510780334,0.005002340767532587
CAGACCCTAAGGTA-1,4,0.9803383946418762,0.03426327183842659
CAGACCCTAATGCC-1,0,0.6828626394271851,0.00458342581987381
CAGACCCTAGGAGC-1,0,0.6727672815322876,0.004755920730531216
CAGACTGAGTATGC-1,0,0.6841322183609009,0.00438628951087594
CAGATCGAATGTCG-1,3,1.0,0.0012277471832931042
CAGATCGACCTGAA-1,0,0.669763445854187,0.004632710013538599
CAGATCGATATGGC-1,0,0.6811284422874451,0.0044355737045407295
CAGATGACATTCTC-1,2,0.5665665864944458,0.003794037736952305
CAGCAATGCCTTCG-1,0,0.678496241569519,0.004410930909216404
CAGCAATGGAGGGT-1,2,0.5665665864944458,0.003794037736952305
CAGCAATGGTGCTA-1,0,0.6367521286010742,0.004953056573867798
CAGCAATGTCTACT-1,1,0.9691104292869568,0.0124796899035573
CAGCAATGTGACCA-1,0,0.6247058510780334,0.005002340767532587
CAGCAATGTGAGGG-1,1,0.9691104292869568,0.0124796899035573
CAGCACCTAAGCCT-1,0,0.6633531451225281,0.0048298463225364685
CAGCACCTAGGCGA-1,0,0.669763445854187,0.004632710013538599
CAGCACCTGTAGGG-1,1,0.9691104292869568,0.0124796899035573
CAGCATGACAACCA-1,1,0.9691104292869568,0.0124796899035573
CAGCATGAGACGTT-1,2,0.7381547689437866,0.016128767281770706
CAGCCTACCCAACA-1,0,0.6247058510780334,0.005002340767532587
CAGCCTTGCTACCC-1,1,0.9691104292869568,0.0124796899035573
CAGCCTTGGGGACA-1,0,0.6247058510780334,0.005002340767532587
CAGCGGACACCCTC-1,0,0.6841322183609009,0.00438628951087594
CAGCGGACCTTTAC-1,2,0.5665665864944458,0.003794037736952305
CAGCGTCTAAAGCA-1,0,0.677567183971405,0.004681993741542101
CAGCGTCTTATCGG-1,0,0.6713117957115173,0.004534141626209021
CAGCTAGATGTGAC-1,1,0.9691104292869568,0.0124796899035573
CAGCTCTGAGGCGA-1,0,0.6247058510780334,0.005002340767532587
CAGCTCTGCAAGCT-1,2,0.7381548285484314,0.016128767281770706
CAGCTCTGTCGTAG-1,1,0.9691104292869568,0.0124796899035573
CAGCTCTGTGTGGT-1,2,0.5665665864944458,0.003794037736952305
CAGGAACTAACTGC-1,2,0.7381548285484314,0.016128767281770706
CAGGAACTCTCAGA-1,1,0.9691104292869568,0.0124796899035573
CAGGCCGAACACCA-1,0,0.6713117957115173,0.004534141626209021
CAGGCCGAACACGT-1,0,0.6247058510780334,0.005002340767532587
CAGGCCGAACGACT-1,0,0.669763445854187,0.004632710479199886
CAGGCCGAATCTCT-1,4,0.9485597014427185,0.04087650775909424
CAGGCCGACTAGCA-1,3,1.0,0.0012277471832931042
CAGGGCACCATACG-1,3,1.0,0.0012277471832931042
CAGGGCACCCAACA-1,0,0.6841322183609009,0.00438628951087594
CAGGGCACTCCCGT-1,0,0.6247058510780334,0.005002340767532587
CAGGTAACAGACTC-1,1,0.9691104292869568,0.0124796899035573
CAGGTATGAGTCGT-1,0,0.6528242826461792,0.00480520399287343
CAGGTATGTGCTTT-1,0,0.6247058510780334,0.005002340767532587
CAGGTTGAGGATCT-1,3,1.0,0.0012277471832931042
CAGTGATGGACGGA-1,3,1.0,0.0012277471832931042
CAGTGATGGCTAAC-1,2,0.7381548285484314,0.016128767281770706
CAGTGATGGGACAG-1,0,0.6607210040092468,0.0048052044585347176
CAGTGATGTAAGGA-1,3,1.0,0.0012277471832931042
CAGTGATGTACGCA-1,3,1.0,0.0012277471832931042
CAGTGTGAACACGT-1,0,0.46999260783195496,0.07003277540206909
CAGTGTGATGTCAG-1,0,0.669763445854187,0.004632710013538599
CAGTTACTAAGGTA-1,3,1.0,0.0012277471832931042
CAGTTACTGATAGA-1,0,0.6247058510780334,0.005002340767532587
CAGTTGGAAAGAGT-1,1,0.7997114658355713,0.025629429146647453
CAGTTGGACATACG-1,0,0.66660475730896,0.004755920730531216
CAGTTTACACACGT-1,2,0.5665665864944458,0.003794037736952305
CAGTTTACCCCAAA-1,0,0.669763445854187,0.004632710013538599
CATAAAACGGAGCA-1,1,0.9691104292869568,0.0124796899035573
CATAAATGAACTGC-1,0,0.669763445854187,0.004632710013538599
CATAACCTTCTCCG-1,0,0.6713117957115173,0.004534141626209021
CATACTACCTCGAA-1,0,0.669763445854187,0.004632710013538599
CATACTACCTGAAC-1,0,0.6841322183609009,0.00438628951087594
CATACTACGTACCA-1,1,0.9691104292869568,0.0124796899035573
CATACTTGGGTTAC-1,4,0.9803383946418762,0.03426327183842659
CATAGTCTAATCGC-1,0,0.669763445854187,0.004632710013538599
CATAGTCTCACTTT-1,0,0.6631364226341248,0.004632710013538599
CATATAGACTAAGC-1,5,1.0,0.0005839172517880797
CATATAGATCAGGT-1,3,1.0,0.0012277471832931042
CATCAACTAGAAGT-1,0,0.6247058510780334,0.005002340767532587
CATCAACTCCCTCA-1,0,0.6727672815322876,0.004755920730531216
CATCAGGACTTCCG-1,2,0.5665665864944458,0.003794037736952305
CATCAGGATAGCCA-1,2,0.5665665864944458,0.003794037736952305
CATCAGGATCCTAT-1,4,0.9803383946418762,0.03426327183842659
CATCAGGATGCACA-1,1,0.9691104292869568,0.0124796899035573
CATCAGGATTTCGT-1,1,0.9691104292869568,0.0124796899035573
CATCATACCGCATA-1,1,0.9691104292869568,0.0124796899035573
CATCATACGGAGCA-1,3,1.0,0.0012277471832931042
CATCATACTCAAGC-1,0,0.6607210040092468,0.0048052044585347176
CATCGCTGGGATCT-1,0,0.6247058510780334,0.005002340767532587
CATCGCTGTGGCAT-1,3,1.0,0.0012277471832931042
CATCGGCTATGCTG-1,0,0.6505016684532166,0.0048298463225364685
CATCGGCTTTGGCA-1,0,0.669763445854187,0.004632710013538599
CATCTCCTATGTGC-1,3,1.0,0.0012277471832931042
CATCTCCTCGAACT-1,4,0.9803383946418762,0.03426327183842659
CATGAGACACGGGA-1,3,1.0,0.0012277471832931042
CATGAGACGTTGAC-1,2,0.5665665864944458,0.003794037736952305
CATGAGACTCGCCT-1,0,0.669763445854187,0.004632710013538599
CATGCCACGGGTGA-1,0,0.6841322779655457,0.00438628951087594
CATGCCACTGCCAA-1,0,0.6247057914733887,0.005002340767532587
CATGCGCTAGTCAC-1,4,0.9803383946418762,0.03426327183842659
CATGCGCTCAGATC-1,1,0.9691104292869568,0.0124796899035573
CATGCGCTTTGCAG-1,4,0.9803383946418762,0.03426327183842659
CATGGCCTAGGGTG-1,1,0.9691104292869568,0.0124796899035573
CATGGCCTGTGCAT-1,0,0.6841322779655457,0.00438628951087594
CATGTACTATCGTG-1,2,0.7381547689437866,0.016128767281770706
CATGTTACAGTCGT-1,2,0.7381547689437866,0.016128767281770706
CATGTTACCTGAGT-1,0,0.669763445854187,0.004632710013538599
CATGTTTGGGGATG-1,1,0.9691104292869568,0.0124796899035573
CATTACACACGGAG-1,3,1.0,0.0012277471832931042
CATTACACCAACTG-1,2,0.5665665864944458,0.003794037736952305
CATTACACGGAGTG-1,0,0.6247057914733887,0.005002340767532587
CATTACACTACTCT-1,0,0.6841322779655457,0.00438628951087594
CATTAGCTCCACAA-1,1,0.9691104292869568,0.0124796899035573
CATTGACTAGCGGA-1,1,0.9691104292869568,0.0124796899035573
CATTGGGACTCGAA-1,0,0.6841322779655457,0.00438628951087594
CATTGTACAGCGTT-1,0,0.669763445854187,0.004632710013538599
CATTGTACTCGATG-1,3,1.0,0.0012277471832931042
CATTGTACTTATCC-1,0,0.669763445854187,0.004632710013538599
CATTGTACTTTGCT-1,4,0.9803383946418762,0.03426327183842659
CATTGTTGCTAGTG-1,0,0.6841322779655457,0.00438628951087594
CATTTCGACTCTAT-1,2,0.7381547689437866,0.016128767281770706
CATTTCGAGATACC-1,2,0.5665665864944458,0.003794037736952305
CATTTGACCACACA-1,2,0.7381547689437866,0.016128767281770706
CATTTGACCCTGAA-1,2,0.7381547689437866,0.016128767281770706
CATTTGTGACGACT-1,3,1.0,0.0012277471832931042
CATTTGTGCATTGG-1,0,0.6391366124153137,0.004854488652199507
CATTTGTGCGGAGA-1,0,0.6750279068946838,0.004681993741542101
CATTTGTGGGATCT-1,3,1.0,0.0012277471832931042
CCAAAGTGCTACGA-1,1,0.9691104292869568,0.0124796899035573
CCAAAGTGTGAGAA-1,1,0.9691104292869568,0.0124796899035573
CCAACCTGAAGTAG-1,2,0.7381547689437866,0.016128767281770706
CCAACCTGACGTAC-1,1,0.9691104292869568,0.0124796899035573
CCAACCTGTTCGCC-1,1,0.9691104292869568,0.0124796899035573
CCAAGAACCCAATG-1,0,0.6273380517959595,0.005026983097195625
CCAAGAACGTAGCT-1,0,0.6247058510780334,0.005002340767532587
CCAAGAACGTGTCA-1,0,0.6247058510780334,0.005002340767532587
CCAAGAACTACTGG-1,2,0.7381547689437866,0.016128767281770706
CCAAGAACTCCTAT-1,3,1.0,0.0012277471832931042
CCAAGATGTCATTC-1,0,0.6391366124153137,0.004854488652199507
CCAAGATGTTTCAC-1,0,0.6758330464363098,0.004608067683875561
CCAAGTGAGGAACG-1,0,0.669763445854187,0.004632710013538599
CCAAGTGATCAAGC-1,0,0.6751827597618103,0.00458342581987381
CCAATGGAACAGCT-1,1,0.9691104292869568,0.0124796899035573
CCAATTTGAACGTC-1,1,0.9691104292869568,0.0124796899035573
CCACCATGAACGTC-1,0,0.669763445854187,0.004632710013538599
CCACCATGATCGGT-1,0,0.669763445854187,0.004632710013538599
CCACCATGGACGAG-1,4,0.9803383946418762,0.03426327183842659
CCACCATGGGGAGT-1,0,0.669763445854187,0.004632710013538599
CCACCATGTCCTGC-1,2,0.7381547689437866,0.016128767281770706
CCACTGACCCGCTT-1,1,0.9691104292869568,0.0124796899035573
CCACTGTGGGAAGC-1,1,0.9691104292869568,0.0124796899035573
CCACTGTGTGTAGC-1,0,0.6841322779655457,0.00438628951087594
CCACTTCTCGGGAA-1,1,0.9691104292869568,0.0124796899035573
CCAGAAACCCTGTC-1,3,1.0,0.0012277471832931042
CCAGAAACGAACTC-1,0,0.6247057914733887,0.005002340767532587
CCAGAAACGGTCTA-1,0,0.669763445854187,0.004632710013538599
CCAGACCTCTGAGT-1,1,0.9691104292869568,0.0124796899035573
CCAGACCTTGTGGT-1,0,0.6365972757339478,0.00473127793520689
CCAGCACTGCGATT-1,4,0.9803383946418762,0.03426327183842659
CCAGCGGAAAGGCG-1,1,0.9691104292869568,0.0124796899035573
CCAGCGGACGACTA-1,1,0.9691104292869568,0.0124796899035573
CCAGCGGATGGGAG-1,0,0.6607210040092468,0.0048052044585347176
CCAGCTACACAGTC-1,0,0.6841322779655457,0.00438628951087594
CCAGCTACCAGCTA-1,3,1.0,0.0012277471832931042
CCAGGTCTACACCA-1,3,1.0,0.0012277471832931042
CCAGGTCTAGCATC-1,1,0.9691104292869568,0.0124796899035573
CCAGGTCTATGGTC-1,0,0.6663879752159119,0.004608068149536848
CCAGTCACACTGGT-1,1,0.9691104292869568,0.0124796899035573
CCAGTCACACTGTG-1,3,1.0,0.0012277471832931042
CCAGTCACGTTGTG-1,0,0.679827868938446,0.004484857432544231
CCAGTCTGCGGAGA-1,7,0.7942387461662292,0.034324660897254944
CCAGTGCTAACCAC-1,0,0.6247057914733887,0.005002340767532587
CCAGTGCTCGTAGT-1,0,0.6727672815322876,0.004755920730531216
CCATCCGAAAGCAA-1,0,0.669763445854187,0.004632710013538599
CCATCCGAACGACT-1,0,0.03812089562416077,0.21293216943740845
CCATCCGAAGGTTC-1,3,1.0,0.0012277471832931042
CCATCCGATTCGCC-1,1,0.9691104292869568,0.0124796899035573
CCATCGTGAACGGG-1,0,0.6247057914733887,0.005002340767532587
CCATCGTGCTAGAC-1,4,0.9803383946418762,0.03426327183842659
CCCAACACCTCGCT-1,3,1.0,0.0012277471832931042
CCCAACACGCATCA-1,0,0.681035578250885,0.004484857432544231
CCCAACACTTTGTC-1,1,0.9691104292869568,0.0124796899035573
CCCAACTGCAATCG-1,1,0.9691104292869568,0.0124796899035573
CCCAGACTGCCTTC-1,1,0.9691104292869568,0.0124796899035573
CCCAGACTGGTTTG-1,3,1.0,0.0012277471832931042
CCCAGACTTTCGCC-1,4,0.9803383946418762,0.03426327183842659
CCCAGTTGCAGTTG-1,1,0.9691104292869568,0.0124796899035573
CCCAGTTGGGTACT-1,0,0.02879970148205757,0.21933911740779877
CCCAGTTGTCTATC-1,3,1.0,0.0012277471832931042
CCCGATTGTGTTTC-1,0,0.6841322779655457,0.00438628951087594
CCCGGAGAAGGGTG-1,1,0.9691104292869568,0.0124796899035573
CCCTACGAATTGGC-1,1,0.9691104292869568,0.0124796899035573
CCCTAGTGCAAAGA-1,0,0.6247058510780334,0.005002340767532587
CCCTCAGACACTTT-1,3,1.0,0.0012277471832931042
CCCTCAGACGAGAG-1,0,0.6841322779655457,0.00438628951087594
CCCTCAGAGGTCAT-1,0,0.669763445854187,0.004632710013538599
CCCTGAACTAAAGG-1,3,1.0,0.0012277471832931042
CCCTGATGCAACCA-1,0,0.6654279232025146,0.00458342581987381
CCCTGATGCAAGCT-1,3,1.0,0.0012277471832931042
CCCTTACTAACCAC-1,1,0.9691104292869568,0.0124796899035573
CCCTTACTGCAGTT-1,2,0.551217794418335,0.11273713409900665
CCGAAAACCTTGTT-1,1,0.28491196036338806,0.06454260647296906
CCGACACTGGTTTG-1,0,0.6247058510780334,0.005002340767532587
CCGACTACCCAGTA-1,1,0.9691104292869568,0.0124796899035573
CCGACTACCGTGTA-1,0,0.669763445854187,0.004632710013538599
CCGACTACTGAGGG-1,0,0.6247057914733887,0.005002340767532587
CCGATAGACCTAAG-1,0,0.669763445854187,0.004632710013538599
CCGATAGAGTTGGT-1,1,0.9691104292869568,0.0124796899035573
CCGCGAGACACACA-1,1,0.9691104292869568,0.0124796899035573
CCGCGAGAGGTTCA-1,2,0.7381547689437866,0.016128767281770706
CCGCTATGGGACGA-1,3,1.0,0.0012277471832931042
CCGCTATGTGCAAC-1,1,0.9691104292869568,0.0124796899035573
CCGCTATGTGCACA-1,1,0.9691104292869568,0.0124796899035573
CCGGTACTGTCCTC-1,0,0.6391366124153137,0.004854488652199507
CCGTACACAAGCAA-1,0,0.6841322779655457,0.00438628951087594
CCGTACACAGCGTT-1,3,1.0,0.0012277471832931042
CCGTACACGTCATG-1,2,0.7381547689437866,0.016128767281770706
CCGTACACGTTGGT-1,1,0.9691104292869568,0.0124796899035573
CCGTACACTAACGC-1,2,0.7381547689437866,0.016128767281770706
CCTAAACTTTCGTT-1,0,0.669763445854187,0.004632710013538599
CCTAAGGACCCAAA-1,0,0.669763445854187,0.004632710013538599
CCTAAGGACTAGCA-1,1,0.9691104292869568,0.0124796899035573
CCTAAGGAGGGCAA-1,0,0.05506007745862007,0.20618022978305817
CCTAAGGATGATGC-1,0,0.6631364226341248,0.004632710013538599
CCTAAGGATGTCAG-1,0,0.669763445854187,0.004632710013538599
CCTACCGACTCTTA-1,0,0.669763445854187,0.004632710013538599
CCTACCGAGGGATG-1,3,1.0,0.0012277471832931042
CCTAGAGAGGTGAG-1,3,1.0,0.0012277471832931042
CCTATAACCAAAGA-1,0,0.669763445854187,0.004632710013538599
CCTATAACGAGACG-1,4,0.9485597014427185,0.04087650775909424
CCTATAACTCAGAC-1,0,0.6841322779655457,0.00438628951087594
CCTATAACTGCATG-1,4,0.9485597014427185,0.04087650775909424
CCTCGAACACTTTC-1,2,0.5665665864944458,0.003794037736952305
CCTCGAACCCGTAA-1,1,0.9691104292869568,0.0124796899035573
CCTCGAACGTATCG-1,0,0.6727672815322876,0.004755920730531216
CCTCGAACTTACTC-1,0,0.6391366124153137,0.004854488652199507
CCTCTACTCTTCGC-1,1,0.9691104292869568,0.0124796899035573
CCTCTACTGGCATT-1,0,0.669763445854187,0.004632710013538599
CCTGACTGAAGTAG-1,2,0.7381547689437866,0.016128767281770706
CCTGACTGGGGAGT-1,0,0.669763445854187,0.004632710013538599
CCTGACTGTGTCTT-1,3,1.0,0.0012277471832931042
CCTGCAACACGTTG-1,1,0.9691104292869568,0.0124796899035573
CCTGGACTCGTGAT-1,0,0.6841322779655457,0.00438628951087594
CCTTAATGCCCAAA-1,3,1.0,0.0012277471832931042
CCTTAATGTTCTAC-1,4,0.9803383946418762,0.03426327183842659
CCTTCACTACGACT-1,0,0.6689582467079163,0.004706636071205139
CCTTCACTCAGTCA-1,3,1.0,0.0012277471832931042
CCTTCACTGGAGTG-1,1,0.9691104292869568,0.0124796899035573
CCTTTAGATTCATC-1,1,0.9691104292869568,0.0124796899035573
CGAACATGCCCTAC-1,1,0.9691104292869568,0.0124796899035573
CGAACATGTCAGAC-1,0,0.6247058510780334,0.005002340767532587
CGAAGACTGGAACG-1,2,0.7381547689437866,0.016128767281770706
CGAAGACTGTTACG-1,0,0.6727672815322876,0.004755920730531216
CGAAGGGAAACCTG-1,2,0.7381547689437866,0.016128767281770706
CGAAGGGATCCGAA-1,3,1.0,0.0012277471832931042
CGAAGTACCAACTG-1,3,1.0,0.0012277471832931042
CGAATCGAGGAGCA-1,1,0.9691104292869568,0.0124796899035573
CGAATCGAGGAGGT-1,0,0.6692059636116028,0.004361646715551615
CGACAAACCCATAG-1,0,0.6690201163291931,0.004632710013538599
CGACAAACCGACAT-1,3,1.0,0.0012277471832931042
CGACCACTAAAGTG-1,2,0.5665665864944458,0.003794037736952305
CGACCACTGCCAAT-1,2,0.5665665864944458,0.003794037736952305
CGACCGGAAGGTCT-1,0,0.6841322779655457,0.00438628951087594
CGACCGGATGGAAA-1,0,0.6247057914733887,0.005002340767532587
CGACCTTGCTAGTG-1,0,0.6247057914733887,0.005002340767532587
CGACCTTGGCAAGG-1,0,0.669763445854187,0.004632710013538599
CGACGTCTATCGTG-1,0,0.02879970148205757,0.21933911740779877
CGACGTCTCGTGTA-1,0,0.6595441699028015,0.00465735187754035
CGACGTCTGAGGCA-1,0,0.669763445854187,0.004632710013538599
CGACTCACGTCGTA-1,0,0.6690201163291931,0.004632710013538599
CGACTCACGTTGCA-1,0,0.669763445854187,0.004632710013538599
CGACTCTGTGTGAC-1,0,0.6247057914733887,0.005002340767532587
CGACTGCTTCCTCG-1,1,0.9691104292869568,0.0124796899035573
CGAGAACTAAGGCG-1,2,0.7381547689437866,0.016128767281770706
CGAGAACTACGTTG-1,0,0.6841322779655457,0.00438628951087594
CGAGAACTTGTTCT-1,1,0.9691104292869568,0.0124796899035573
CGAGATTGGACACT-1,2,0.7381547689437866,0.016128767281770706
CGAGATTGGCCATA-1,2,0.7381547689437866,0.016128767281770706
CGAGCCGAACACCA-1,0,0.669763445854187,0.004632710013538599
CGAGCCGACGACAT-1,2,0.7381547689437866,0.016128767281770706
CGAGCCGAGGCGAA-1,2,0.46821826696395874,0.1562453806400299
CGAGCGTGCTCCAC-1,0,0.6458255648612976,0.00473127793520689
CGAGCGTGGATACC-1,0,0.6247057914733887,0.005002340767532587
CGAGCGTGTATGCG-1,1,0.9691104292869568,0.0124796899035573
CGAGGAGACCTCCA-1,3,1.0,0.0012277471832931042
CGAGGAGATGTCGA-1,0,0.669763445854187,0.004632710013538599
CGAGGCACCTATGG-1,2,0.7381547689437866,0.016128767281770706
CGAGGCACTATGCG-1,1,0.9323012828826904,0.010335528291761875
CGAGGCACTCTTCA-1,0,0.3489718735218048,0.12488602846860886
CGAGGCTGACGCTA-1,2,0.5665665864944458,0.003794037736952305
CGAGGCTGGCAGTT-1,1,0.9691104292869568,0.0124796899035573
CGAGGGCTACGACT-1,3,1.0,0.0012277471832931042
CGAGGGCTCGAATC-1,0,0.669763445854187,0.004632710013538599
CGAGTATGTCACCC-1,4,0.9803383946418762,0.03426327183842659
CGATACGAACAGTC-1,1,0.9691104292869568,0.0124796899035573
CGATACGACAGGAG-1,7,0.7613168358802795,0.04919455200433731
CGATACGATTCACT-1,3,1.0,0.0012277471832931042
CGATAGACCCGTAA-1,1,0.9691104292869568,0.0124796899035573
CGATAGACCGTACA-1,0,0.6247057914733887,0.005002340767532587
CGATAGACGTAGGG-1,1,0.9691104292869568,0.0124796899035573
CGATAGACTGTTCT-1,0,0.6191316843032837,0.005273403599858284
CGATCAGAAGAACA-1,2,0.7381547689437866,0.016128767281770706
CGATCAGAGAGGGT-1,0,0.6247057914733887,0.005002340767532587
CGATCAGAGGTACT-1,0,0.6247057914733887,0.005002340767532587
CGATCAGATGTGAC-1,5,1.0,0.0005839172517880797
CGATCCACCGGGAA-1,2,0.7381547689437866,0.016128767281770706
CGATCCACTTCCAT-1,3,1.0,0.0012277471832931042
CGCAAATGCTCGAA-1,0,0.669763445854187,0.004632710013538599
CGCAACCTCCTTGC-1,0,0.678279459476471,0.004484857432544231
CGCAACCTGGACGA-1,0,0.6841322779655457,0.00438628951087594
CGCACGGAGGACGA-1,3,1.0,0.0012277471832931042
CGCACGGATCTTTG-1,0,0.669763445854187,0.004632710013538599
CGCACTACAGAATG-1,0,0.6841322779655457,0.00438628951087594
CGCACTACAGCCAT-1,0,0.6247057914733887,0.005002340767532587
CGCACTACATTGGC-1,0,0.6690201163291931,0.004632710013538599
CGCACTACTCGCCT-1,3,1.0,0.0012277471832931042
CGCACTACTCGTGA-1,2,0.3914748430252075,0.17636527121067047
CGCACTTGTCACGA-1,1,0.9691104292869568,0.0124796899035573
CGCAGGACAGATCC-1,2,0.7381547689437866,0.016128767281770706
CGCAGGACCTACTT-1,0,0.669763445854187,0.004632710013538599
CGCAGGACTTGTCT-1,4,0.9803383946418762,0.03426327183842659
CGCAGGTGCACTGA-1,0,0.6308683156967163,0.005002340767532587
CGCAGGTGCCATAG-1,4,0.9803383946418762,0.03426327183842659
CGCAGGTGGGAACG-1,0,0.6247057914733887,0.005002340767532587
CGCATAGATCACGA-1,1,0.9691104292869568,0.0124796899035573
CGCCATACTGCAAC-1,0,0.66660475730896,0.004755920730531216
CGCCATTGAGAGGC-1,0,0.6841322779655457,0.00438628951087594
CGCCATTGCTATGG-1,0,0.6727672815322876,0.004755920730531216
CGCCATTGGAGACG-1,0,0.6247057914733887,0.005002340767532587
CGCCATTGGAGCAG-1,3,1.0,0.0012277471832931042
CGCCATTGTACTGG-1,3,1.0,0.0012277471832931042
CGCCGAGAGCTTAG-1,2,0.5665665864944458,0.003794037736952305
CGCCTAACGAATGA-1,5,1.0,0.0005839172517880797
CGCCTAACTGCTCC-1,0,0.6247057914733887,0.005002340767532587
CGCGAGACACAGCT-1,0,0.13641150295734406,0.18806831538677216
CGCGAGACAGGTCT-1,3,1.0,0.0012277471832931042
CGCGAGACGCTACA-1,0,0.46324166655540466,0.07799216359853745
CGCGATCTCAGTCA-1,1,0.9691104292869568,0.0124796899035573
CGCGATCTGTTGAC-1,1,0.9691104292869568,0.0124796899035573
CGCGATCTTTCTTG-1,3,1.0,0.0012277471832931042
CGCGGATGGCCAAT-1,0,0.6247057914733887,0.005002340767532587
CGCTAAGAATGTCG-1,0,0.6727672815322876,0.004755920730531216
CGCTAAGACAACTG-1,0,0.6841322779655457,0.00438628951087594
CGCTAAGACCCTTG-1,0,0.6391366124153137,0.004854488652199507
CGCTACTGAACAGA-1,1,0.9691104292869568,0.0124796899035573
CGCTACTGAGAACA-1,0,0.6841322779655457,0.00438628951087594
CGCTACTGTGAGCT-1,0,0.669763445854187,0.004632710013538599
CGCTACTGTTCCCG-1,2,0.7381547689437866,0.016128767281770706
CGCTCATGCATTTC-1,1,0.9691104292869568,0.0124796899035573
CGGAATTGCACTAG-1,0,0.669763445854187,0.004632710013538599
CGGAATTGGTTTGG-1,0,0.5476279258728027,0.04492250457406044
CGGAATTGTGGAGG-1,0,0.680911660194397,0.004238436929881573
CGGACCGATGCGTA-1,2,0.7381547689437866,0.016128767281770706
CGGACCGATGGGAG-1,0,0.669763445854187,0.004632710013538599
CGGACTCTAAACAG-1,3,1.0,0.0012277471832931042
CGGACTCTCCAATG-1,0,0.6247057914733887,0.005002340767532587
CGGACTCTCCTCGT-1,2,0.694611132144928,0.012663217261433601
CGGAGGCTATTCCT-1,0,0.669763445854187,0.004632710013538599
CGGAGGCTTGGATC-1,0,0.669763445854187,0.004632710013538599
CGGATAACAACGAA-1,1,0.9691104292869568,0.0124796899035573
CGGATAACAGCTCA-1,0,0.6247057914733887,0.005002340767532587
CGGATAACTCAGTG-1,1,0.9691104292869568,0.0124796899035573
CGGCACGAACTCAG-1,2,0.7381547689437866,0.016128767281770706
CGGCACGAAGGGTG-1,0,0.6633531451225281,0.0048298463225364685
CGGCACGACTACGA-1,4,0.9803383946418762,0.03426327183842659
CGGCATCTTAGAAG-1,2,0.3915582299232483,0.176841601729393
CGGCATCTTCGTAG-1,1,0.9691104292869568,0.0124796899035573
CGGCCAGAAAGGTA-1,0,0.6727672815322876,0.004755920730531216
CGGCCAGAGAGGCA-1,2,0.709125816822052,0.0135172875598073
CGGCGAACCAGTCA-1,1,0.1758500337600708,0.07233195006847382
CGGCGAACGACAAA-1,2,0.5665665864944458,0.003794037736952305
CGGCGAACGGTCTA-1,0,0.6308683156967163,0.005002340767532587
CGGCGAACTACTTC-1,2,0.5665665864944458,0.003794037736952305
CGGGACTGCGTGTA-1,0,0.6657686233520508,0.00465735187754035
CGGGACTGGAATAG-1,2,0.7381547689437866,0.016128767281770706
CGGGCATGACCCAA-1,2,0.7381547689437866,0.016128767281770706
CGGGCATGTCTCTA-1,2,0.5665665864944458,0.003794037736952305
CGGGCATGTTGTGG-1,0,0.6841322779655457,0.00438628951087594
CGGTAAACTCGCAA-1,0,0.6247057914733887,0.005002340767532587
CGGTCACTGTTTGG-1,0,0.6505016684532166,0.0048298463225364685
CGGTCACTTACTTC-1,0,0.6247057914733887,0.005002340767532587
CGTAACGAATCAGC-1,0,0.669763445854187,0.004632710013538599
CGTAACGATCGCCT-1,0,0.6247057914733887,0.005002340767532587
CGTACCACACACAC-1,0,0.6727672815322876,0.004755920730531216
CGTACCACACGTTG-1,0,0.6695156693458557,0.0048298463225364685
CGTACCACCTCATT-1,0,0.669763445854187,0.004632710013538599
CGTACCACGCTACA-1,2,0.23406744003295898,0.24986450374126434
CGTACCACGGAGCA-1,0,0.6828626394271851,0.00458342581987381
CGTACCTGGACGAG-1,4,0.563785970211029,0.11422064155340195
CGTACCTGGCATCA-1,2,0.5665665864944458,0.003794037736952305
CGTAGCCTCTCTCG-1,1,0.9691104292869568,0.0124796899035573
CGTAGCCTGCGAAG-1,0,0.6247057914733887,0.005002340767532587
CGTAGCCTGTATGC-1,4,0.9803383946418762,0.03426327183842659
CGTCAAGAAAGGTA-1,1,0.9691104292869568,0.0124796899035573
CGTCAAGAACGTGT-1,0,0.679703950881958,0.004361646715551615
CGTCAAGACAGAGG-1,0,0.6247057914733887,0.005002340767532587
CGTCAAGACAGGAG-1,2,0.7381547689437866,0.016128767281770706
CGTCCATGCTCTTA-1,0,0.6727672815322876,0.004755920730531216
CGTCGACTTTCCGC-1,2,0.7381547689437866,0.016128767281770706
CGTGATGACGCTAA-1,0,0.669763445854187,0.004632710013538599
CGTGATGAGGTTCA-1,2,0.7381547689437866,0.016128767281770706
CGTGCACTTATGGC-1,1,0.9691104292869568,0.0124796899035573
CGTGTAGAAAAACG-1,0,0.6247057914733887,0.005002340767532587
CGTGTAGACGATAC-1,2,0.5665665864944458,0.003794037736952305
CGTGTAGAGTTACG-1,2,0.5665665864944458,0.003794037736952305
CGTGTAGAGTTCAG-1,1,0.9691104292869568,0.0124796899035573
CGTGTAGATTCGGA-1,2,0.5665665864944458,0.003794037736952305
CGTTAGGAAACCAC-1,0,0.6841322779655457,0.00438628951087594
CGTTAGGATCATTC-1,1,0.9691104292869568,0.0124796899035573
CGTTATACCCTGAA-1,2,0.7381547689437866,0.016128767281770706
CGTTTAACTGGTCA-1,0,0.6727672815322876,0.004755920730531216
CTAAACCTCTGACA-1,2,0.5665665864944458,0.003794037736952305
CTAAACCTGTGCAT-1,3,1.0,0.0012277471832931042
CTAACACTAACGTC-1,0,0.6607210040092468,0.0048052044585347176
CTAACACTAGTGCT-1,4,0.16255146265029907,0.1869078427553177
CTAACGGAACCGAT-1,2,0.5665665864944458,0.003794037736952305
CTAACGGATTTCTG-1,0,0.6841322779655457,0.00438628951087594
CTAACTACGGCAAG-1,0,0.6314567923545837,0.02481456845998764
CTAAGGACACCATG-1,0,0.669763445854187,0.004632710013538599
CTAAGGACCGTTAG-1,0,0.6247057914733887,0.005002340767532587
CTAAGGACGCCATA-1,1,0.9691104292869568,0.0124796899035573
CTAAGGTGCCTAAG-1,3,1.0,0.0012277471832931042
CTAAGGTGTTGCAG-1,0,0.391118586063385,0.10268352180719376
CTAAGGTGTTTCTG-1,0,0.669763445854187,0.004632710013538599
CTAATAGAGCTATG-1,0,0.669763445854187,0.004632710013538599
CTAATGCTTGTGGT-1,1,0.9691104292869568,0.0124796899035573
CTACAACTCCCGTT-1,2,0.7381547689437866,0.016128767281770706
CTACCTCTCAACCA-1,0,0.3814566731452942,0.11130824685096741
CTACGCACACCTAG-1,4,0.9803383946418762,0.03426327183842659
CTACGCACTCTCCG-1,0,0.6251703500747681,0.004879130516201258
CTACGCACTGGTCA-1,2,0.5665665864944458,0.003794037736952305
CTACGGCTTTCTTG-1,1,0.8328019380569458,0.022848717868328094
CTACTATGAACCAC-1,1,0.9691104292869568,0.0124796899035573
CTACTATGATGTGC-1,1,0.9691104292869568,0.0124796899035573
CTACTATGCTAAGC-1,2,0.03445111960172653,0.3514001965522766
CTACTATGTAAAGG-1,3,1.0,0.0012277471832931042
CTACTCCTATGTCG-1,2,0.5665665864944458,0.003794037736952305
CTACTCCTGCCATA-1,1,0.9691104292869568,0.0124796899035573
CTAGAGACACTTTC-1,0,0.6505016684532166,0.0048298463225364685
CTAGAGACAGCATC-1,2,0.7381547689437866,0.016128767281770706
CTAGAGACTTTGGG-1,1,0.28491196036338806,0.06454260647296906
CTAGATCTCTCTAT-1,0,0.6633531451225281,0.0048298463225364685
CTAGATCTTCGACA-1,0,0.677474319934845,0.004534141626209021
CTAGGATGAGCCTA-1,3,1.0,0.0012277471832931042
CTAGGATGATCGTG-1,3,1.0,0.0012277471832931042
CTAGGCCTCTCAGA-1,0,0.6247058510780334,0.005002340767532587
CTAGGTGATGGTTG-1,4,0.9803383946418762,0.03426327183842659
CTAGTTACCAGAGG-1,0,0.6841323375701904,0.00438628951087594
CTAGTTACCGCATA-1,0,0.66660475730896,0.004755920730531216
CTAGTTACGAAACA-1,2,0.5665665864944458,0.003794037736952305
CTAGTTTGAGTACC-1,2,0.7381548285484314,0.016128767281770706
CTATAAGATCGTTT-1,3,1.0,0.0012277471832931042
CTATACTGAGGTTC-1,1,0.9691104292869568,0.0124796899035573
CTATACTGCCAGTA-1,0,0.669763445854187,0.004632710013538599
CTATACTGCGCTAA-1,1,0.9691104292869568,0.0124796899035573
CTATACTGCTACGA-1,2,0.5665665864944458,0.003794037736952305
CTATACTGTCTCAT-1,2,0.5665665864944458,0.003794037736952305
CTATACTGTTCGTT-1,0,0.6391366124153137,0.004854488652199507
CTATAGCTGTCACA-1,0,0.669763445854187,0.004632710013538599
CTATAGCTTCGCTC-1,1,0.9691104292869568,0.0124796899035573
CTATAGCTTGCCTC-1,1,0.9691104292869568,0.0124796899035573
CTATCAACGAACTC-1,0,0.6391366124153137,0.004854488652199507
CTATCAACGCAGAG-1,0,0.6247058510780334,0.005002340767532587
CTATCAACTTTGGG-1,0,0.6841323375701904,0.00438628951087594
CTATCCCTCCACCT-1,1,0.9691104292869568,0.0124796899035573
CTATGTACGAGAGC-1,0,0.6247058510780334,0.005002340767532587
CTATGTACGCTTAG-1,0,0.6841323375701904,0.00438628951087594
CTATGTACTGTTTC-1,3,1.0,0.0012277471832931042
CTATGTTGAAAGCA-1,0,0.6247058510780334,0.005002340767532587
CTATGTTGTCCTCG-1,0,0.6841323375701904,0.00438628951087594
CTATGTTGTCTCGC-1,0,0.6247058510780334,0.005002340767532587
CTATTGACAAACGA-1,1,0.9691104292869568,0.0124796899035573
CTATTGACACTGGT-1,1,0.9691104292869568,0.0124796899035573
CTATTGACGGTGAG-1,4,0.9803383946418762,0.03426327183842659
CTATTGTGGCAAGG-1,0,0.02879970148205757,0.21933911740779877
CTCAATTGGTTCAG-1,0,0.6247058510780334,0.005002340767532587
CTCAATTGGTTGCA-1,1,0.9691104292869568,0.0124796899035573
CTCAGAGATAGAAG-1,0,0.6841323375701904,0.00438628951087594
CTCAGCACTCTAGG-1,0,0.6247058510780334,0.005002340767532587
CTCAGCACTGAACC-1,1,0.9691104292869568,0.0124796899035573
CTCAGCACTTGCAG-1,0,0.6695156693458557,0.0048298463225364685
CTCAGCTGAACCTG-1,1,0.9691104292869568,0.0124796899035573
CTCAGCTGCAGTTG-1,0,0.669763445854187,0.004632710013538599
CTCAGCTGTTTCTG-1,0,0.02879970148205757,0.21933911740779877
CTCAGGCTCGTTGA-1,4,0.9803383946418762,0.03426327183842659
CTCAGGCTGCTAAC-1,0,0.681716799736023,0.004558783955872059
CTCATTGACCTTAT-1,0,0.6247058510780334,0.005002340767532587
CTCATTGATGCTTT-1,1,0.28491196036338806,0.06454260647296906
CTCATTGATTGCTT-1,1,0.9691104292869568,0.0124796899035573
CTCCACGAGAGATA-1,5,1.0,0.0005839172517880797
CTCCATCTCTTAGG-1,0,0.669763445854187,0.004632710013538599
CTCCATCTGACGAG-1,0,0.6633531451225281,0.0048298463225364685
CTCCGAACAAGTGA-1,4,0.9803383946418762,0.03426327183842659
CTCCTACTGCCTTC-1,1,0.9691104292869568,0.0124796899035573
CTCGAAGATGTGGT-1,0,0.6841323375701904,0.00438628951087594
CTCGAAGATTAGGC-1,1,0.9691104292869568,0.0124796899035573
CTCGACTGCTCTAT-1,0,0.669763445854187,0.004632710013538599
CTCGACTGGGTGAG-1,0,0.669763445854187,0.004632710013538599
CTCGACTGGTTGAC-1,2,0.5665665864944458,0.003794037736952305
CTCGAGCTCTGGAT-1,2,0.7381548285484314,0.016128767281770706
CTCGCATGACTTTC-1,0,0.13641150295734406,0.18806831538677216
CTCGCATGCTTAGG-1,0,0.6841323375701904,0.00438628951087594
CTCTAAACCTCGAA-1,0,0.6448036432266235,0.004484856966882944
CTCTAAACGGCGAA-1,0,0.669763445854187,0.004632710013538599
CTCTAATGTCCAAG-1,1,0.9691104292869568,0.0124796899035573
CTGAACGACAGTCA-1,0,0.6247058510780334,0.005002340767532587
CTGAACGATGAGGG-1,0,0.6299392580986023,0.004977698437869549
CTGAAGACCCAACA-1,0,0.6247058510780334,0.005002340767532587
CTGAAGACGTGCAT-1,3,1.0,0.0012277471832931042
CTGAAGTGAAGCCT-1,4,0.9803383946418762,0.03426327183842659
CTGAAGTGCAGCTA-1,3,1.0,0.0012277471832931042
CTGAAGTGGCTATG-1,0,0.6841323375701904,0.00438628951087594
CTGAAGTGTCCAGA-1,0,0.6727672815322876,0.004755920730531216
CTGAATCTGAATAG-1,0,0.6247058510780334,0.005002340767532587
CTGACAGAATCGTG-1,2,0.7381548285484314,0.016128767281770706
CTGACCACAGCAAA-1,0,0.6794871687889099,0.004337004851549864
CTGAGAACCGGGAA-1,0,0.6247058510780334,0.005002340767532587
CTGAGAACGTAAAG-1,2,0.6239572763442993,0.008442144840955734
CTGATACTAGTAGA-1,0,0.669763445854187,0.004632710013538599
CTGATTTGGTGTTG-1,1,0.9691104292869568,0.0124796899035573
CTGCAGCTAACCGT-1,0,0.669763445854187,0.004632710013538599
CTGCAGCTGACACT-1,0,0.6841323375701904,0.00438628951087594
CTGCAGCTGGATTC-1,1,0.28491196036338806,0.06454260647296906
CTGCAGCTTGGCAT-1,2,0.7381548285484314,0.016128767281770706
CTGCCAACAGGAGC-1,2,0.7381548285484314,0.016128767281770706
CTGCCAACCAGCTA-1,0,0.6680602431297302,0.004608068149536848
CTGCCAACTAACCG-1,1,0.9691104292869568,0.0124796899035573
CTGCCAACTGCTCC-1,2,0.7381548285484314,0.016128767281770706
CTGCCAACTTGCAG-1,0,0.6841323375701904,0.00438628951087594
CTGCCAACTTGCTT-1,2,0.7381548285484314,0.016128767281770706
CTGCGACTCCACCT-1,2,0.5881714820861816,0.08731214702129364
CTGGAAACAAACGA-1,2,0.7381548285484314,0.016128767281770706
CTGGAAACATCGAC-1,0,0.6654279232025146,0.00458342581987381
CTGGATGACTGGAT-1,2,0.7381548285484314,0.016128767281770706
CTGGATGACTTGTT-1,0,0.6841323375701904,0.00438628951087594
CTGGATGATGTGAC-1,3,1.0,0.0012277471832931042
CTGGCACTCAAGCT-1,1,0.9691104292869568,0.0124796899035573
CTGGCACTGGACAG-1,2,0.7381548285484314,0.016128767281770706
CTGTAACTAACCAC-1,0,0.6247058510780334,0.005002340767532587
CTGTAACTAGCGTT-1,0,0.6841323375701904,0.00438628951087594
CTGTATACGTAAAG-1,0,0.669763445854187,0.004632710013538599
CTGTATACGTACGT-1,1,0.9691104292869568,0.0124796899035573
CTGTATACGTTGGT-1,0,0.6247058510780334,0.005002340767532587
CTGTGAGACAACCA-1,4,0.9803383946418762,0.03426327183842659
CTGTGAGACCTTGC-1,2,0.7381548285484314,0.016128767281770706
CTGTGAGACGAACT-1,1,0.9691104292869568,0.0124796899035573
CTGTGAGACTGTAG-1,1,0.9691104292869568,0.0124796899035573
CTTAAAGAACCTGA-1,0,0.6841323375701904,0.00438628951087594
CTTAACACCTGTAG-1,0,0.6360708475112915,0.004977698903530836
CTTAACACGAGCTT-1,0,0.6247058510780334,0.005002340767532587
CTTAACACTATCGG-1,3,1.0,0.0012277471832931042
CTTAAGCTACCTAG-1,0,0.6391366124153137,0.004854488652199507
CTTAAGCTAGTACC-1,0,0.669763445854187,0.004632710013538599
CTTAAGCTCATCAG-1,0,0.6841323375701904,0.00438628951087594
CTTAAGCTCCGCTT-1,3,1.0,0.0012277471832931042
CTTAAGCTTCCTCG-1,2,0.7381548285484314,0.016128767281770706
CTTACAACTAACGC-1,0,0.6391366124153137,0.004854488652199507
CTTACAACTCCCGT-1,1,0.9691104292869568,0.0124796899035573
CTTACTGACGTACA-1,0,0.669763445854187,0.004632710013538599
CTTAGACTAAACGA-1,0,0.6247058510780334,0.005002340767532587
CTTAGGGACTTGCC-1,0,0.6247058510780334,0.005002340767532587
CTTAGGGAGAATCC-1,0,0.669763445854187,0.004632710013538599
CTTATCGACTCATT-1,0,0.6247058510780334,0.005002340767532587
CTTCACCTACCTGA-1,4,0.9803383946418762,0.03426327183842659
CTTCATGAAGCATC-1,3,1.0,0.0012277471832931042
CTTCATGAAGTACC-1,0,0.669763445854187,0.004632710013538599
CTTCATGACCGAAT-1,2,0.7166332602500916,0.02103966474533081
CTTGAACTACGCAT-1,0,0.6841323375701904,0.00438628951087594
CTTGATTGAGGTTC-1,2,0.7381548285484314,0.016128767281770706
CTTGATTGATCTTC-1,1,0.7572100162506104,0.013434511609375477
CTTGATTGCATTCT-1,0,0.6247058510780334,0.005002340767532587
CTTGATTGTTTCGT-1,0,0.6247058510780334,0.005002340767532587
CTTGTATGACACCA-1,3,1.0,0.0012277471832931042
CTTGTATGCGCAAT-1,3,1.0,0.0012277471832931042
CTTTACGAGCGAAG-1,0,0.669763445854187,0.004632710013538599
CTTTAGACCGTGAT-1,0,0.669763445854187,0.004632710013538599
CTTTAGACGAGACG-1,0,0.669763445854187,0.004632710013538599
CTTTAGACGATACC-1,0,0.631456732749939,0.02481456845998764
CTTTAGACGTTGGT-1,2,0.7381548285484314,0.016128767281770706
CTTTAGACTCATTC-1,0,0.02879970148205757,0.21933911740779877
CTTTAGTGACGGGA-1,2,0.5665665864944458,0.003794037736952305
CTTTAGTGGGTGGA-1,0,0.669763445854187,0.004632710013538599
CTTTCAGAGAAACA-1,0,0.6247058510780334,0.005002340767532587
CTTTGATGAGCACT-1,0,0.681716799736023,0.004558783955872059
CTTTGATGTCTAGG-1,2,0.19786453247070312,0.2365114688873291
CTTTGATGTGTCCC-1,0,0.6841323375701904,0.00438628951087594
CTTTGATGTGTGGT-1,0,0.669763445854187,0.004632710013538599
GAAACAGAACTACG-1,0,0.6247058510780334,0.005002340767532587
GAAACAGAATCACG-1,0,0.65198814868927,0.004854488652199507
GAAACAGACATTCT-1,0,0.6247058510780334,0.005002340767532587
GAAACCTGATCGTG-1,0,0.6727672815322876,0.004755920730531216
GAAACCTGATGCCA-1,0,0.6247058510780334,0.005002340767532587
GAAACCTGCTTATC-1,0,0.6391366124153137,0.004854488652199507
GAAACCTGGACTAC-1,4,0.9803383946418762,0.03426327183842659
GAAACCTGTGCTAG-1,0,0.6607210040092468,0.0048052044585347176
GAAAGATGATTTCC-1,0,0.6391366124153137,0.004854488652199507
GAAAGATGCTGATG-1,4,0.9803383946418762,0.03426327183842659
GAAAGATGCTTCGC-1,1,0.9691104292869568,0.0124796899035573
GAAAGATGTAAGGA-1,0,0.669763445854187,0.004632710013538599
GAAAGATGTTTGCT-1,2,0.7381548285484314,0.016128767281770706
GAAAGCCTACGTTG-1,3,1.0,0.0012277471832931042
GAAAGTGAAAGTGA-1,5,1.0,0.0005839172517880797
GAAAGTGACCACAA-1,1,0.9691104292869568,0.0124796899035573
GAAAGTGACTCAAG-1,0,0.6247058510780334,0.005002340767532587
GAAATACTACCAAC-1,1,0.9691104292869568,0.0124796899035573
GAAATACTCTTAGG-1,3,1.0,0.0012277471832931042
GAAATACTTCCTCG-1,0,0.6247058510780334,0.005002340767532587
GAACACACGTGCAT-1,1,0.9691104292869568,0.0124796899035573
GAACACACTGCCTC-1,0,0.6841323375701904,0.00438628951087594
GAACAGCTAACTGC-1,1,0.8335608839988708,0.023200495168566704
GAACAGCTCTCAGA-1,4,0.9803383946418762,0.03426327183842659
GAACCAACCACAAC-1,0,0.46999260783195496,0.07003277540206909
GAACCAACTTCCGC-1,2,0.5665665864944458,0.003794037736952305
GAACCTGAACGTGT-1,0,0.37210455536842346,0.08195953816175461
GAACCTGAGAGACG-1,0,0.6727672815322876,0.004755920730531216
GAACCTGATGAACC-1,0,0.6247058510780334,0.005002340767532587
GAACGGGATACTTC-1,0,0.6841323375701904,0.00438628951087594
GAACGTTGACGGAG-1,2,0.7381548285484314,0.016128767281770706
GAACTGTGACCTGA-1,4,0.9803383946418762,0.03426327183842659
GAACTGTGCCAGTA-1,1,0.9691104292869568,0.0124796899035573
GAAGAATGCAATCG-1,0,0.669763445854187,0.004632710013538599
GAAGCGGACCTATT-1,1,0.9691104292869568,0.0124796899035573
GAAGCTACGAATGA-1,1,0.9691104292869568,0.0124796899035573
GAAGCTACGGTTTG-1,0,0.6247058510780334,0.005002340767532587
GAAGGGTGAAAGTG-1,0,0.6247058510780334,0.005002340767532587
GAAGGGTGCTTAGG-1,1,0.9691104292869568,0.0124796899035573
GAAGGTCTGAAAGT-1,0,0.6247058510780334,0.005002340767532587
GAAGGTCTGTTGCA-1,0,0.6750279068946838,0.004681993741542101
GAAGGTCTTAAAGG-1,5,1.0,0.0005839172517880797
GAAGTAGACTCCCA-1,2,0.7381548285484314,0.016128767281770706
GAAGTAGATCCAAG-1,4,0.9803383946418762,0.03426327183842659
GAAGTCACCCTCGT-1,1,0.9691104292869568,0.0124796899035573
GAAGTCACCCTGTC-1,3,1.0,0.0012277471832931042
GAAGTCTGTCGCAA-1,3,1.0,0.0012277471832931042
GAAGTCTGTTCTGT-1,0,0.669763445854187,0.004632710013538599
GAAGTGCTAAACGA-1,2,0.5665665864944458,0.003794037736952305
GAAGTGCTCCGCTT-1,1,0.9691104292869568,0.0124796899035573
GAAGTGCTTAACCG-1,0,0.6391366124153137,0.004854488652199507
GAATGCACCCTAAG-1,0,0.6247058510780334,0.005002340767532587
GAATGCACCTTCGC-1,2,0.5665665864944458,0.003794037736952305
GAATGCTGCGGTAT-1,0,0.669763445854187,0.004632710013538599
GAATGGCTAAGATG-1,0,0.669763445854187,0.004632710013538599
GAATTAACGATAAG-1,0,0.6607210040092468,0.0048052044585347176
GAATTAACGGTCAT-1,0,0.669763445854187,0.004632710013538599
GAATTAACGTCGTA-1,2,0.5665665864944458,0.003794037736952305
GAATTAACTGAAGA-1,3,1.0,0.0012277471832931042
GACAACACAGGCGA-1,0,0.6841323375701904,0.00438628951087594
GACAACACATCGTG-1,0,0.6766071915626526,0.00458342581987381
GACAACACTCGCCT-1,0,0.669763445854187,0.004632710013538599
GACAACTGAGGTTC-1,0,0.6247058510780334,0.005002340767532587
GACAGGGAAGAGTA-1,3,1.0,0.0012277471832931042
GACAGGGAATGCCA-1,0,0.6391366124153137,0.004854488652199507
GACAGTACGAGCTT-1,4,0.9803383946418762,0.03426327183842659
GACAGTACTTCGGA-1,4,0.9803383946418762,0.03426327183842659
GACAGTTGAGTAGA-1,3,1.0,0.0012277471832931042
GACATTCTCCACCT-1,5,1.0,0.0005839172517880797
GACCAAACGACTAC-1,1,0.9691104292869568,0.0124796899035573
GACCAAACGTATCG-1,1,0.9691104292869568,0.0124796899035573
GACCATGACTCTCG-1,1,0.9691104292869568,0.0124796899035573
GACCCTACTAAAGG-1,3,1.0,0.0012277471832931042
GACCTAGACCTCAC-1,0,0.48516660928726196,0.07133880257606506
GACCTAGACGAGAG-1,0,0.3489718735218048,0.12488602846860886
GACCTCACAAGGTA-1,0,0.669763445854187,0.004632710013538599
GACCTCACGTACGT-1,1,0.9691104292869568,0.0124796899035573
GACCTCTGCATCAG-1,0,0.677474319934845,0.004534141626209021
GACGAACTCCCACT-1,0,0.6841323375701904,0.00438628951087594
GACGATTGCCAATG-1,3,1.0,0.0012277471832931042
GACGCCGACCTTCG-1,0,0.6247058510780334,0.005002340767532587
GACGCTCTCTCTCG-1,6,0.9783950448036194,0.0002067568275379017
GACGGCACACGGGA-1,2,0.5665665864944458,0.003794037736952305
GACGGCACGAGATA-1,1,0.9691104292869568,0.0124796899035573
GACGTAACCTATGG-1,0,0.669763445854187,0.004632710013538599
GACGTAACCTGTGA-1,0,0.6247058510780334,0.005002340767532587
GACGTAACTATGGC-1,0,0.6247058510780334,0.005002340767532587
GACGTATGTTGACG-1,0,0.6607210040092468,0.0048052044585347176
GACGTATGTTTGCT-1,0,0.6721479296684265,0.0044355737045407295
GACGTCCTACGGAG-1,0,0.6841323375701904,0.00438628951087594
GACGTCCTCTCAAG-1,1,0.9691104292869568,0.0124796899035573
GACGTCCTGATAAG-1,3,1.0,0.0012277471832931042
GACTACGATGGTCA-1,3,1.0,0.0012277471832931042
GACTCCTGCTCGCT-1,0,0.6841323375701904,0.00438628951087594
GACTCCTGGGTTAC-1,0,0.6651183366775513,0.0048052044585347176
GACTCCTGTTATCC-1,0,0.6247058510780334,0.005002340767532587
GACTCCTGTTGGTG-1,1,0.9691104292869568,0.0124796899035573
GACTGAACAACCGT-1,3,1.0,0.0012277471832931042
GACTGAACCAATCG-1,1,0.9691104292869568,0.0124796899035573
GACTGATGTGATGC-1,0,0.6841323375701904,0.00438628951087594
GACTTTACATGCCA-1,0,0.6841323375701904,0.00438628951087594
GACTTTACGACAGG-1,3,1.0,0.0012277471832931042
GAGAAATGTTCTCA-1,3,1.0,0.0012277471832931042
GAGATAGAAAAAGC-1,1,0.9691104292869568,0.0124796899035573
GAGATCACGACAAA-1,4,0.9803383946418762,0.03426327183842659
GAGATGCTCTGGAT-1,2,0.7381547689437866,0.016128767281770706
GAGATGCTGAATGA-1,0,0.6247058510780334,0.005002340767532587
GAGCAGGATTCCCG-1,2,0.7381547689437866,0.016128767281770706
GAGCATACTTTGCT-1,4,0.9803383946418762,0.03426327183842659
GAGCGCACGCGTAT-1,1,0.9691104292869568,0.0124796899035573
GAGCGCACGGTGAG-1,2,0.7381547689437866,0.016128767281770706
GAGCGCTGAAGATG-1,2,0.5665665864944458,0.003794037736952305
GAGCGCTGTCTTAC-1,1,0.9691104292869568,0.0124796899035573
GAGCGGCTGGGAGT-1,3,1.0,0.0012277471832931042
GAGGACGACTCAGA-1,0,0.669763445854187,0.004632710013538599
GAGGATCTGAAAGT-1,3,1.0,0.0012277471832931042
GAGGCAGACTTGCC-1,2,0.7381548285484314,0.016128767281770706
GAGGGAACACCAGT-1,0,0.6247058510780334,0.005002340767532587
GAGGGAACGAGGGT-1,0,0.5313700437545776,0.0451689176261425
GAGGGATGGGAAAT-1,0,0.6391366124153137,0.004854488652199507
GAGGGCCTTCACCC-1,0,0.6247058510780334,0.005002340767532587
GAGGGTGAAGAGTA-1,0,0.6841323375701904,0.00438628951087594
GAGGTACTACGGTT-1,0,0.669763445854187,0.004632710013538599
GAGGTACTACTCAG-1,1,0.9691104292869568,0.0124796899035573
GAGGTACTGACACT-1,2,0.5665665864944458,0.003794037736952305
GAGGTACTGGGAGT-1,0,0.6841323375701904,0.00438628951087594
GAGGTACTTAGCGT-1,1,0.9691104292869568,0.0124796899035573
GAGGTGGAGTACGT-1,0,0.669763445854187,0.004632710013538599
GAGGTGGATCCTCG-1,2,0.5665665864944458,0.003794037736952305
GAGGTTACTCGTTT-1,1,0.9691104292869568,0.0124796899035573
GAGGTTTGTAAGCC-1,1,0.9691104292869568,0.0124796899035573
GAGTCAACCATTCT-1,0,0.669763445854187,0.004632710013538599
GAGTCAACGGGAGT-1,0,0.669763445854187,0.004632710013538599
GAGTCTGATCGTGA-1,0,0.6697633862495422,0.004632710479199886
GAGTCTGATTTGGG-1,3,1.0,0.0012277471832931042
GAGTGACTCAGCTA-1,0,0.6247058510780334,0.005002340767532587
GAGTGACTCGGTAT-1,2,0.7381548285484314,0.016128767281770706
GAGTGACTCTTGCC-1,3,1.0,0.0012277471832931042
GAGTGACTGACTAC-1,3,1.0,0.0012277471832931042
GAGTGACTGTCTAG-1,0,0.6247058510780334,0.005002340767532587
GAGTGGGAGTCTTT-1,3,1.0,0.0012277471832931042
GAGTGGGATGCCCT-1,0,0.669763445854187,0.004632710013538599
GAGTGGGATGCTGA-1,3,1.0,0.0012277471832931042
GAGTGTTGCTGTAG-1,0,0.6247058510780334,0.005002340767532587
GAGTGTTGTGGTCA-1,0,0.669763445854187,0.004632710013538599
GAGTTGTGCATGGT-1,1,0.9691104292869568,0.0124796899035573
GAGTTGTGCTGAGT-1,2,0.7381548285484314,0.016128767281770706
GAGTTGTGGCGAGA-1,1,0.9691104292869568,0.0124796899035573
GAGTTGTGGTAGCT-1,6,0.9783950448036194,0.0002067568275379017
GAGTTGTGTATGCG-1,4,0.9803383946418762,0.03426327183842659
GATAAGGAGAAACA-1,1,0.9691104292869568,0.0124796899035573
GATAAGGATTCACT-1,1,0.9691104292869568,0.0124796899035573
GATACTCTATCGGT-1,0,0.6633531451225281,0.0048298463225364685
GATACTCTTACTTC-1,0,0.6247058510780334,0.005002340767532587
GATACTCTTGACTG-1,1,0.9691104292869568,0.0124796899035573
GATAGAGAAGGGTG-1,2,0.5665665864944458,0.003794037736952305
GATAGAGACTGTGA-1,0,0.6247058510780334,0.005002340767532587
GATAGAGATCACGA-1,5,1.0,0.0005839172517880797
GATAGCACCCATAG-1,0,0.6247058510780334,0.005002340767532587
GATAGCACGAAGGC-1,1,0.9691104292869568,0.0124796899035573
GATAGCACTTGTCT-1,0,0.6841323375701904,0.00438628951087594
GATATAACAAGGTA-1,0,0.6247058510780334,0.005002340767532587
GATATAACACGCAT-1,0,0.669763445854187,0.004632710013538599
GATATATGCTGGAT-1,0,0.669763445854187,0.004632710013538599
GATATATGTCCGTC-1,2,0.7381547689437866,0.016128767281770706
GATATATGTGGAGG-1,1,0.9691104292869568,0.0124796899035573
GATATCCTAGAAGT-1,0,0.6633531451225281,0.0048298463225364685
GATATCCTCCCGTT-1,1,0.9691104292869568,0.0124796899035573
GATATTGACAGGAG-1,2,0.7381547689437866,0.016128767281770706
GATATTGACGAGTT-1,4,0.9803383946418762,0.03426327183842659
GATATTGAGCCAAT-1,0,0.6841323375701904,0.00438628951087594
GATCCCTGACCTTT-1,2,0.5665665864944458,0.003794037736952305
GATCCCTGTGTAGC-1,2,0.7381547689437866,0.016128767281770706
GATCCGCTGGTCAT-1,1,0.9691104292869568,0.0124796899035573
GATCGAACCGAGAG-1,0,0.6247058510780334,0.005002340767532587
GATCGATGACTAGC-1,3,1.0,0.0012277471832931042
GATCGATGGTAAAG-1,3,1.0,0.0012277471832931042
GATCGATGTAAGGA-1,1,0.9691104292869568,0.0124796899035573
GATCGTGACACTAG-1,0,0.6247058510780334,0.005002340767532587
GATCGTGATTCACT-1,0,0.6247058510780334,0.005002340767532587
GATCTACTGGTGAG-1,2,0.7381547689437866,0.016128767281770706
GATCTACTTTGCAG-1,3,1.0,0.0012277471832931042
GATCTTACACCCAA-1,4,0.9803383946418762,0.03426327183842659
GATCTTACCCTACC-1,0,0.6391366124153137,0.004854488652199507
GATCTTACGAATAG-1,1,0.9691104292869568,0.0124796899035573
GATCTTACGAGATA-1,1,0.9691104292869568,0.0124796899035573
GATGCAACTCCAGA-1,0,0.6247058510780334,0.005002340767532587
GATGCCCTACGTAC-1,0,0.6247058510780334,0.005002340767532587
GATGCCCTCTCATT-1,0,0.6759878396987915,0.004509499296545982
GATGCCCTGGCAAG-1,1,0.9691104292869568,0.0124796899035573
GATGCCCTTTTGCT-1,0,0.669763445854187,0.004632710013538599
GATTACCTTGTTCT-1,0,0.669763445854187,0.004632710013538599
GATTCGGAACGACT-1,0,0.669763445854187,0.004632710013538599
GATTCGGACAGGAG-1,1,0.9691104292869568,0.0124796899035573
GATTCGGAGAAGGC-1,4,0.9803383946418762,0.03426327183842659
GATTCTTGATTCGG-1,1,0.9691104292869568,0.0124796899035573
GATTCTTGCCGATA-1,0,0.6415520310401917,0.004681993741542101
GATTCTTGCGAGTT-1,3,1.0,0.0012277471832931042
GATTGGACCCGTTC-1,3,1.0,0.0012277471832931042
GATTGGACGGTGTT-1,3,1.0,0.0012277471832931042
GATTGGACTTTCGT-1,3,1.0,0.0012277471832931042
GATTGGTGTGTCAG-1,0,0.6247058510780334,0.005002340767532587
GATTTAGACACTCC-1,4,0.9803383946418762,0.03426327183842659
GATTTAGACTAAGC-1,3,1.0,0.0012277471832931042
GATTTAGATTCGTT-1,1,0.9691104292869568,0.0124796899035573
GATTTGCTAACGAA-1,0,0.6841323375701904,0.00438628951087594
GATTTGCTAACGGG-1,1,0.9691104292869568,0.0124796899035573
GCAACCCTCCTCGT-1,1,0.9691104292869568,0.0124796899035573
GCAACTGATTGCGA-1,0,0.6841323375701904,0.00438628951087594
GCAAGACTACTGGT-1,0,0.6247058510780334,0.005002340767532587
GCAAGACTAGGTCT-1,0,0.6247058510780334,0.005002340767532587
GCAAGACTCCCTTG-1,0,0.678279459476471,0.004484857432544231
GCAATCGACTGCAA-1,2,0.7381547689437866,0.016128767281770706
GCAATCGAGACGTT-1,1,0.28491196036338806,0.06454260647296906
GCAATCGATCCTTA-1,1,0.9691104292869568,0.0124796899035573
GCAATTCTCGTGTA-1,0,0.6247058510780334,0.005002340767532587
GCAATTCTTCTCCG-1,0,0.6247058510780334,0.005002340767532587
GCACAAACAATGCC-1,0,0.42394402623176575,0.09782902896404266
GCACAAACGGTACT-1,0,0.6391366124153137,0.004854488652199507
GCACAATGGTGCAT-1,5,1.0,0.0005839172517880797
GCACACCTGTGCTA-1,2,0.5665665864944458,0.003794037736952305
GCACCACTCATGAC-1,1,0.9691104292869568,0.0124796899035573
GCACCACTGTTTGG-1,1,0.9691104292869568,0.0124796899035573
GCACCACTTCCTTA-1,2,0.5665665864944458,0.003794037736952305
GCACCACTTTCGGA-1,1,0.9691104292869568,0.0124796899035573
GCACCTACGCGATT-1,0,0.6247058510780334,0.005002340767532587
GCACCTTGGCTGTA-1,0,0.669763445854187,0.004632710013538599
GCACCTTGGGGAGT-1,1,0.31929266452789307,0.06184566020965576
GCACGGACCAGCTA-1,0,0.6247058510780334,0.005002340767532587
GCACGGTGACCTCC-1,0,0.6727672815322876,0.004755920730531216
GCACGGTGCTATGG-1,1,0.9691104292869568,0.0124796899035573
GCACTAGAACGGGA-1,0,0.6391366124153137,0.004854488652199507
GCACTAGAAGATGA-1,3,1.0,0.0012277471832931042
GCACTAGACCTTTA-1,4,0.9803383946418762,0.03426327183842659
GCACTAGACGTAAC-1,3,1.0,0.0012277471832931042
GCACTAGAGTCGTA-1,2,0.5665665864944458,0.003794037736952305
GCACTAGATGCAAC-1,0,0.6247058510780334,0.005002340767532587
GCACTGCTGAGGCA-1,2,0.147063747048378,0.2854233384132385
GCAGATACAGCGTT-1,2,0.7381548285484314,0.016128767281770706
GCAGATACGACGGA-1,0,0.6841323375701904,0.00438628951087594
GCAGATACGCAGAG-1,0,0.6727672815322876,0.004755920730531216
GCAGCCGACAGTCA-1,0,0.6841323375701904,0.00438628951087594
GCAGCGTGCACTCC-1,0,0.6607210040092468,0.0048052044585347176
GCAGCTCTCAATCG-1,0,0.6841323375701904,0.00438628951087594
GCAGCTCTGTTTCT-1,0,0.6247058510780334,0.005002340767532587
GCAGGGCTAAGAAC-1,0,0.669763445854187,0.004632710013538599
GCAGGGCTAAGGGC-1,0,0.5784095525741577,0.04410931095480919
GCAGGGCTATCGAC-1,2,0.5665665864944458,0.003794037736952305
GCAGGGCTTGGGAG-1,2,0.7381547689437866,0.016128767281770706
GCAGTCCTAACTGC-1,0,0.6841322183609009,0.004386289045214653
GCAGTCCTCTCTTA-1,0,0.6833271384239197,0.0044602155685424805
GCATCAGATGCGTA-1,2,0.7381547689437866,0.016128767281770706
GCATGTGACAAGCT-1,0,0.6841323375701904,0.00438628951087594
GCATTGGAGAAGGC-1,0,0.6247058510780334,0.005002340767532587
GCCAAAACGAGGCA-1,2,0.7381547689437866,0.016128767281770706
GCCAAATGATCGAC-1,0,0.3489718735218048,0.12488602846860886
GCCAACCTACGGTT-1,0,0.6841323375701904,0.00438628951087594
GCCAACCTCGCCTT-1,0,0.6841323375701904,0.00438628951087594
GCCACGGAGGCGAA-1,1,0.9691104292869568,0.0124796899035573
GCCACGGATACTGG-1,0,0.669763445854187,0.004632710013538599
GCCACTACCTACTT-1,3,1.0,0.0012277471832931042
GCCACTACGTCTTT-1,0,0.6690201759338379,0.004632710013538599
GCCCAACTACCGAT-1,0,0.6391366124153137,0.004854488652199507
GCCCAACTATGGTC-1,2,0.7381547689437866,0.016128767281770706
GCCCATACAGCGTT-1,0,0.5760869383811951,0.024543505162000656
GCCGACGAACTCTT-1,1,0.9691104292869568,0.0124796899035573
GCCGAGTGCGTTGA-1,2,0.5212713479995728,0.11457666009664536
GCCGGAACGAACTC-1,2,0.7381547689437866,0.016128767281770706
GCCGGAACGTTCTT-1,2,0.5665665864944458,0.003794037736952305
GCCGGAACTGCACA-1,2,0.5665665864944458,0.003794037736952305
GCCGGAACTTACTC-1,0,0.6841323375701904,0.00438628951087594
GCCGTACTACCTGA-1,0,0.669763445854187,0.004632710013538599
GCCGTACTGGCAAG-1,1,0.9691104292869568,0.0124796899035573
GCCTACACAGTTCG-1,2,0.5665665864944458,0.003794037736952305
GCCTACACCACTGA-1,4,0.9803383946418762,0.03426327183842659
GCCTACACCTTGAG-1,0,0.680911660194397,0.004238436929881573
GCCTAGCTACGGAG-1,3,1.0,0.0012277471832931042
GCCTAGCTCTATTC-1,0,0.66660475730896,0.004755920730531216
GCCTAGCTTCTCAT-1,0,0.6841323375701904,0.00438628951087594
GCCTAGCTTCTCTA-1,4,0.9803383946418762,0.03426327183842659
GCCTCAACCATGGT-1,0,0.6616190075874329,0.004755920264869928
GCCTCAACTCTTTG-1,7,0.7942387461662292,0.034324660897254944
GCCTCATGTCTTAC-1,2,0.7381548285484314,0.016128767281770706
GCCTGACTCTCAAG-1,1,0.9691104292869568,0.0124796899035573
GCGAAGGAACTCTT-1,0,0.669763445854187,0.004632710013538599
GCGAAGGAGAGCTT-1,7,0.7942387461662292,0.034324660897254944
GCGAAGGATGCCAA-1,0,0.6841323375701904,0.00438628951087594
GCGAGAGAGGGACA-1,0,0.61033695936203,0.005248761735856533
GCGAGCACTGTCGA-1,3,1.0,0.0012277471832931042
GCGAGCACTTGACG-1,0,0.6247058510780334,0.005002340767532587
GCGAGCACTTGCTT-1,1,0.9691104292869568,0.0124796899035573
GCGATATGGTACGT-1,0,0.6247058510780334,0.005002340767532587
GCGATATGGTGTTG-1,0,0.669763445854187,0.004632710013538599
GCGCACGAAGTCGT-1,0,0.669763445854187,0.004632710013538599
GCGCACGACTTTAC-1,1,0.9691104292869568,0.0124796899035573
GCGCATCTAGGTCT-1,0,0.669763445854187,0.004632710013538599
GCGCATCTGGTTAC-1,6,0.7407407164573669,0.05341218039393425
GCGCATCTTCGATG-1,0,0.6841323375701904,0.00438628951087594
GCGCATCTTGCTCC-1,2,0.5665665864944458,0.003794037736952305
GCGCATCTTTCTAC-1,0,0.6727672815322876,0.004755920730531216
GCGCGAACGTTCTT-1,3,1.0,0.0012277471832931042
GCGCGATGAACGGG-1,0,0.6841323375701904,0.00438628951087594
GCGCGATGGTGCAT-1,2,0.5665665864944458,0.003794037736952305
GCGGAGCTCCTGAA-1,0,0.6841323375701904,0.00438628951087594
GCGGCAACCCGATA-1,0,0.6607210040092468,0.0048052044585347176
GCGGCAACGGAGGT-1,3,1.0,0.0012277471832931042
GCGGCAACTGTCGA-1,1,0.9691104292869568,0.0124796899035573
GCGTAAACACGGTT-1,5,1.0,0.0005839172517880797
GCGTAATGCACCAA-1,4,0.9803383946418762,0.03426327183842659
GCGTATGAACACCA-1,0,0.6247058510780334,0.005002340767532587
GCGTATGATGAGAA-1,1,0.9691104292869568,0.0124796899035573
GCTACAGAAAGGTA-1,0,0.6841323375701904,0.00438628951087594
GCTACAGAATCTTC-1,3,1.0,0.0012277471832931042
GCTACAGATCTTAC-1,0,0.6595441699028015,0.00465735187754035
GCTACCTGAGAAGT-1,1,0.9691104292869568,0.0124796899035573
GCTACCTGATCACG-1,0,0.6247058510780334,0.005002340767532587
GCTACGCTAGAATG-1,0,0.6841323375701904,0.00438628951087594
GCTACGCTAGCTAC-1,0,0.6841323375701904,0.00438628951087594
GCTACGCTCCCTAC-1,0,0.6391366124153137,0.004854488652199507
GCTAGAACAGAGGC-1,3,1.0,0.0012277471832931042
GCTAGAACGGATCT-1,0,0.6247058510780334,0.005002340767532587
GCTAGAACTCCCGT-1,0,0.669763445854187,0.004632710013538599
GCTAGATGAGCTCA-1,1,0.9691104292869568,0.0124796899035573
GCTAGATGGCGATT-1,2,0.7381548285484314,0.016128767281770706
GCTATACTAAGGCG-1,0,0.6247058510780334,0.005002340767532587
GCTATACTAGCGTT-1,2,0.7381548285484314,0.016128767281770706
GCTATACTCTCTTA-1,0,0.669763445854187,0.004632710013538599
GCTATACTGGACGA-1,0,0.6727672815322876,0.004755920730531216
GCTCAAGAACCATG-1,4,0.9803383946418762,0.03426327183842659
GCTCAAGAAGTCAC-1,1,0.28491196036338806,0.06454260647296906
GCTCAGCTGTCTAG-1,0,0.6841323375701904,0.00438628951087594
GCTCCATGAGAAGT-1,2,0.6278778910636902,0.007423832081258297
GCTCCATGCCGAAT-1,0,0.669763445854187,0.004632710013538599
GCTCGACTCTAGTG-1,1,0.9691104292869568,0.0124796899035573
GCTGATGAGGTATC-1,1,0.9691104292869568,0.0124796899035573
GCTTAACTACAGTC-1,1,0.9691104292869568,0.0124796899035573
GCTTAACTACTGGT-1,2,0.7381548285484314,0.016128767281770706
GCTTAACTGCTGAT-1,0,0.6759878396987915,0.004509499296545982
GCTTAACTTAGACC-1,1,0.9691104292869568,0.0124796899035573
GCTTAACTTCAGTG-1,0,0.6633531451225281,0.0048298463225364685
GGAACACTCACTTT-1,1,0.9691104292869568,0.0124796899035573
GGAACACTTCAGAC-1,6,0.9783950448036194,0.0002067568275379017
GGAACTACTACTTC-1,0,0.6727672815322876,0.004755920730531216
GGAACTTGAAGGTA-1,1,0.9691104292869568,0.0124796899035573
GGAACTTGAGAATG-1,0,0.6841323375701904,0.00438628951087594
GGAACTTGCTCCAC-1,1,0.9691104292869568,0.0124796899035573
GGAACTTGGGTAGG-1,3,1.0,0.0012277471832931042
GGAAGGACATCGGT-1,1,0.9691104292869568,0.0124796899035573
GGAAGGACCACTAG-1,0,0.6247058510780334,0.005002340767532587
GGAAGGACGAGGGT-1,0,0.6247058510780334,0.005002340767532587
GGAAGGACGCGAAG-1,0,0.13696891069412231,0.1882161796092987
GGAAGGTGGCGAGA-1,2,0.5665665864944458,0.003794037736952305
GGAATCTGAAGGGC-1,0,0.681716799736023,0.004558783955872059
GGAATCTGAGGAGC-1,0,0.6493558287620544,0.0048298463225364685
GGAATCTGCTTAGG-1,3,1.0,0.0012277471832931042
GGAATCTGCTTGTT-1,1,0.9691104292869568,0.0124796899035573
GGAATCTGGGAGGT-1,0,0.6247058510780334,0.005002340767532587
GGAATGCTTTCTAC-1,0,0.669763445854187,0.004632710013538599
GGACAGGAAAGGGC-1,2,0.7381548285484314,0.016128767281770706
GGACAGGAGTGCTA-1,3,1.0,0.0012277471832931042
GGACAGGATCTCGC-1,0,0.6247058510780334,0.005002340767532587
GGACCCGAAGCTAC-1,1,0.9691104292869568,0.0124796899035573
GGACCGTGCTTACT-1,1,0.9691104292869568,0.0124796899035573
GGACCGTGGGAACG-1,5,1.0,0.0005839172517880797
GGACCGTGTAACGC-1,0,0.6247058510780334,0.005002340767532587
GGACCTCTGTAAGA-1,1,0.9691104292869568,0.0124796899035573
GGACCTCTTTTCTG-1,2,0.7381548285484314,0.016128767281770706
GGACGAGAGTGTCA-1,1,0.9691104292869568,0.0124796899035573
GGACGCTGACGCAT-1,2,0.7381548285484314,0.016128767281770706
GGACGCTGCTAGCA-1,0,0.6841323375701904,0.00438628951087594
GGACGCTGTCCTCG-1,2,0.5665665864944458,0.003794037736952305
GGAGAGACGTGAGG-1,0,0.0008361203945241868,0.2314630001783371
GGAGCAGATTCAGG-1,3,1.0,0.0012277471832931042
GGAGCCACCTTCTA-1,3,1.0,0.0012277471832931042
GGAGCGCTACGCAT-1,1,0.9691104292869568,0.0124796899035573
GGAGCGCTCCGAAT-1,0,0.6247058510780334,0.005002340767532587
GGAGGATGCCACCT-1,0,0.669763445854187,0.004632710013538599
GGAGGATGGTTGAC-1,1,0.9691104292869568,0.0124796899035573
GGAGGATGTCAGTG-1,1,0.9691104292869568,0.0124796899035573
GGAGGCCTCGTTGA-1,2,0.5665665864944458,0.003794037736952305
GGAGGCCTTTCTTG-1,0,0.6841323375701904,0.00438628951087594
GGAGGTGATACGCA-1,0,0.6247058510780334,0.005002340767532587
GGAGGTGATCGCTC-1,0,0.669763445854187,0.004632710013538599
GGATACTGCAGCTA-1,0,0.6727672815322876,0.004755920730531216
GGATACTGTCTAGG-1,0,0.6727672815322876,0.004755920730531216
GGATAGCTCGTCTC-1,0,0.6247058510780334,0.005002340767532587
GGATAGCTCTGAAC-1,2,0.7381548285484314,0.016128767281770706
GGATGTACCAAAGA-1,3,1.0,0.0012277471832931042
GGATGTACGCGAAG-1,0,0.6841323375701904,0.00438628951087594
GGATGTACGTCTTT-1,1,0.9691104292869568,0.0124796899035573
GGATGTACGTGTCA-1,2,0.7381548285484314,0.016128767281770706
GGATTTCTAGGTTC-1,0,0.6349250674247742,0.004977698903530836
GGATTTCTTTGTCT-1,1,0.9691104292869568,0.0124796899035573
GGCAAGGAAAAAGC-1,2,0.5665665864944458,0.003794037736952305
GGCAAGGAAGAAGT-1,0,0.6247058510780334,0.005002340767532587
GGCAAGGACTTGGA-1,1,0.9691104292869568,0.0124796899035573
GGCAAGGAGGACTT-1,0,0.669763445854187,0.004632710013538599
GGCAATACGCTAAC-1,3,1.0,0.0012277471832931042
GGCAATACGGCATT-1,2,0.7381548285484314,0.016128767281770706
GGCAATACGTTTCT-1,3,1.0,0.0012277471832931042
GGCACGTGGCTTAG-1,4,0.9803383946418762,0.03426327183842659
GGCACGTGTGAGAA-1,7,0.7942387461662292,0.034324660897254944
GGCACTCTTTTGTC-1,0,0.6247058510780334,0.005002340767532587
GGCATATGCTTATC-1,2,0.5665665864944458,0.003794037736952305
GGCATATGGGGAGT-1,6,0.9783950448036194,0.0002067568275379017
GGCATATGTGTGAC-1,0,0.4952620267868042,0.043715041130781174
GGCCACGACAGAGG-1,0,0.669763445854187,0.004632710013538599
GGCCAGACTGGTTG-1,0,0.6247058510780334,0.005002340767532587
GGCCCAGAAAGTAG-1,1,0.9691104292869568,0.0124796899035573
GGCCGAACAACGAA-1,0,0.669763445854187,0.004632710013538599
GGCCGAACGCAGAG-1,0,0.669763445854187,0.004632710013538599
GGCCGAACGTAGGG-1,0,0.669763445854187,0.004632710013538599
GGCCGAACTCTAGG-1,2,0.5665665864944458,0.003794037736952305
GGCCGATGCAGGAG-1,0,0.6247058510780334,0.005002340767532587
GGCCGATGCCGAAT-1,0,0.6247058510780334,0.005002340767532587
GGCCGATGTACTCT-1,2,0.7381548285484314,0.016128767281770706
GGCGACACTGCCCT-1,2,0.7381548285484314,0.016128767281770706
GGCGACTGCGTAAC-1,0,0.6391366124153137,0.004854488652199507
GGCGCATGCCTAAG-1,4,0.9803383946418762,0.03426327183842659
GGCGCATGCTCCAC-1,0,0.6469714045524597,0.004928414709866047
GGCGCATGTGGAAA-1,0,0.669763445854187,0.004632710013538599
GGCGGACTAGAGGC-1,0,0.6247058510780334,0.005002340767532587
GGCGGACTAGGAGC-1,2,0.7381548285484314,0.016128767281770706
GGCGGACTCTGACA-1,0,0.669763445854187,0.004632710013538599
GGCGGACTCTTGGA-1,2,0.7381548285484314,0.016128767281770706
GGCGGACTTACTGG-1,0,0.669763445854187,0.004632710013538599
GGCGGACTTGAACC-1,0,0.6841323375701904,0.00438628951087594
GGCTAAACACCTGA-1,2,0.5665665864944458,0.003794037736952305
GGCTAAACTCTTAC-1,0,0.684472918510437,0.004361646715551615
GGCTAATGAGCACT-1,2,0.7381548285484314,0.016128767281770706
GGCTAATGGTCTAG-1,0,0.669763445854187,0.004632710013538599
GGCTCACTACTCAG-1,1,0.9691104292869568,0.0124796899035573
GGGAACGAAGCTCA-1,4,0.9803383946418762,0.03426327183842659
GGGAACGACACAAC-1,3,1.0,0.0012277471832931042
GGGAACGAGTGTCA-1,1,0.9691104292869568,0.0124796899035573
GGGAAGTGTTGAGC-1,1,0.9691104292869568,0.0124796899035573
GGGACCACACGTTG-1,2,0.7381548285484314,0.016128767281770706
GGGACCACAGAACA-1,0,0.6828626394271851,0.00458342581987381
GGGACCACGAATAG-1,0,0.6247058510780334,0.005002340767532587
GGGACCACGTCATG-1,0,0.669763445854187,0.004632710013538599
GGGACCACTCAAGC-1,0,0.669763445854187,0.004632710013538599
GGGACCACTCGTGA-1,0,0.6841323375701904,0.00438628951087594
GGGACCACTGCATG-1,0,0.669763445854187,0.004632710013538599
GGGACCTGACCCTC-1,1,0.9691104292869568,0.0124796899035573
GGGACCTGCTTGCC-1,0,0.6841323375701904,0.00438628951087594
GGGACCTGTGGAGG-1,3,1.0,0.0012277471832931042
GGGATGGACGACAT-1,3,1.0,0.0012277471832931042
GGGATGGATACTTC-1,0,0.6247058510780334,0.005002340767532587
GGGATGGATGGTTG-1,1,0.9691104292869568,0.0124796899035573
GGGATTACGTCTAG-1,0,0.6727672815322876,0.004755920730531216
GGGCAAGATGCATG-1,1,0.9691104292869568,0.0124796899035573
GGGCACACGGTGAG-1,4,0.9803383946418762,0.03426327183842659
GGGCACACGTTGCA-1,0,0.6247058510780334,0.005002340767532587
GGGCAGCTTGGGAG-1,2,0.7381548285484314,0.016128767281770706
GGGCAGCTTTTCTG-1,0,0.6841323375701904,0.00438628951087594
GGGCCAACCTTGGA-1,5,1.0,0.0005839172517880797
GGGCCAACGCGTTA-1,3,1.0,0.0012277471832931042
GGGCCAACTACGCA-1,1,0.9691104292869568,0.0124796899035573
GGGCCAACTCCAAG-1,3,1.0,0.0012277471832931042
GGGCCATGATGGTC-1,2,0.7381548285484314,0.016128767281770706
GGGCCATGTTGACG-1,0,0.6247058510780334,0.005002340767532587
GGGTAACTCAGCTA-1,0,0.6787440180778503,0.004337004851549864
GGGTAACTCTAGTG-1,3,1.0,0.0012277471832931042
GGGTAACTCTGGAT-1,0,0.6690201759338379,0.004632710013538599
GGGTTAACGTGCAT-1,2,0.5665665864944458,0.003794037736952305
GGTAAAGAGCTAAC-1,2,0.694611132144928,0.012663217261433601
GGTACAACTGCAAC-1,0,0.6247058510780334,0.005002340767532587
GGTACATGAAAGCA-1,3,1.0,0.0012277471832931042
GGTACATGAGCTCA-1,0,0.02879970148205757,0.21933911740779877
GGTACATGCGGTAT-1,0,0.669763445854187,0.004632710013538599
GGTACATGGTTACG-1,0,0.6841323375701904,0.00438628951087594
GGTACATGTGGGAG-1,0,0.6247058510780334,0.005002340767532587
GGTACTGAACTCTT-1,1,0.9691104292869568,0.0124796899035573
GGTAGTACACCACA-1,2,0.7381548285484314,0.016128767281770706
GGTAGTACACTAGC-1,1,0.9691104292869568,0.0124796899035573
GGTAGTACCCTGTC-1,0,0.669763445854187,0.004632710013538599
GGTAGTACGCCATA-1,1,0.9691104292869568,0.0124796899035573
GGTAGTACTGTCTT-1,0,0.17242662608623505,0.17774328589439392
GGTATCGAGACAAA-1,1,0.9691104292869568,0.0124796899035573
GGTATCGATGAACC-1,3,1.0,0.0012277471832931042
GGTCAAACCAAAGA-1,0,0.6721169352531433,0.004460215102881193
GGTCTAGAGAAACA-1,1,0.9691104292869568,0.0124796899035573
GGTCTAGATAGCGT-1,1,0.9691104292869568,0.0124796899035573
GGTGATACCGACTA-1,3,1.0,0.0012277471832931042
GGTGATACGACTAC-1,1,0.9691104292869568,0.0124796899035573
GGTGATACTGTTTC-1,0,0.6841323375701904,0.00438628951087594
GGTGGAGAAACGGG-1,2,0.5665665864944458,0.003794037736952305
GGTGGAGAAGTAGA-1,0,0.6247058510780334,0.005002340767532587
GGTGGAGACAGATC-1,2,0.5665665864944458,0.003794037736952305
GGTGGAGATCGATG-1,0,0.6247058510780334,0.005002340767532587
GGTGGAGATCTCTA-1,1,0.9691104292869568,0.0124796899035573
GGTGGAGATTACTC-1,2,0.7381548285484314,0.016128767281770706
GGTTTACTACGCAT-1,2,0.7381548285484314,0.016128767281770706
GTAACGTGACCTCC-1,1,0.9691104292869568,0.0124796899035573
GTAACGTGATCGGT-1,3,1.0,0.0012277471832931042
GTAACGTGCAGCTA-1,3,1.0,0.0012277471832931042
GTAACGTGGTTGAC-1,3,1.0,0.0012277471832931042
GTAAGCACAACGGG-1,0,0.6695156693458557,0.0048298463225364685
GTAAGCACTCATTC-1,3,1.0,0.0012277471832931042
GTAAGCTGGTACCA-1,1,0.9691104292869568,0.0124796899035573
GTAATAACCTTCTA-1,1,0.9691104292869568,0.0124796899035573
GTAATAACGTTGTG-1,0,0.669763445854187,0.004632710013538599
GTACCCTGACAGTC-1,4,0.9803383946418762,0.03426327183842659
GTACCCTGGAGCTT-1,0,0.679703950881958,0.004361646715551615
GTACCCTGTCCTTA-1,2,0.7381548285484314,0.016128767281770706
GTACCCTGTGAACC-1,0,0.6841323375701904,0.00438628951087594
GTACGTGAACGTTG-1,2,0.7381548285484314,0.016128767281770706
GTACTTTGTCGACA-1,2,0.7381548285484314,0.016128767281770706
GTAGACTGAGATGA-1,1,0.9691104292869568,0.0124796899035573
GTAGACTGTATTCC-1,0,0.6841323375701904,0.00438628951087594
GTAGCAACAGTCGT-1,1,0.9691104292869568,0.0124796899035573
GTAGCAACCATTTC-1,3,1.0,0.0012277471832931042
GTAGCAACGGTAGG-1,1,0.9691104292869568,0.0124796899035573
GTAGCATGCACTCC-1,3,1.0,0.0012277471832931042
GTAGCATGTAAGCC-1,1,0.9691104292869568,0.0124796899035573
GTAGCCCTGACGTT-1,0,0.669763445854187,0.004632710013538599
GTAGCTGAAGCTAC-1,4,0.9803383946418762,0.03426327183842659
GTAGCTGAATTCGG-1,0,0.6391366720199585,0.004854488652199507
GTAGGTACACGGGA-1,1,0.9691104292869568,0.0124796899035573
GTAGTGACCTCATT-1,0,0.669763445854187,0.004632710013538599
GTAGTGTGAGCGGA-1,2,0.5665665864944458,0.003794037736952305
GTAGTGTGAGGCGA-1,1,0.9691104292869568,0.0124796899035573
GTAGTGTGTGGTTG-1,0,0.669763445854187,0.004632710013538599
GTATCACTGGTAGG-1,1,0.9691104292869568,0.0124796899035573
GTATCTACAGAAGT-1,2,0.694611132144928,0.012663217261433601
GTATCTACGACGAG-1,2,0.7381547689437866,0.016128767281770706
GTATCTACGTTACG-1,0,0.6247058510780334,0.005002340767532587
GTATTAGAAACAGA-1,0,0.5660535097122192,0.022276436910033226
GTATTAGAGGTCTA-1,0,0.669763445854187,0.004632710013538599
GTATTCACACAGCT-1,0,0.669763445854187,0.004632710013538599
GTATTCACGGGTGA-1,2,0.7381547689437866,0.016128767281770706
GTCAACGACACTGA-1,0,0.6247058510780334,0.005002340767532587
GTCAACGAGTGTAC-1,1,0.9691104292869568,0.0124796899035573
GTCAACGATCAGGT-1,2,0.7166332602500916,0.02103966474533081
GTCAATCTACACCA-1,2,0.7381548285484314,0.016128767281770706
GTCAATCTGTAGCT-1,2,0.7381548285484314,0.016128767281770706
GTCAATCTTGTGGT-1,0,0.669763445854187,0.004632710013538599
GTCACCTGCCTCCA-1,0,0.6247058510780334,0.005002340767532587
GTCACCTGTCCCGT-1,0,0.6505016684532166,0.0048298463225364685
GTCATACTAATCGC-1,3,1.0,0.0012277471832931042
GTCATACTGCGATT-1,2,0.7381548285484314,0.016128767281770706
GTCATACTTCGCCT-1,6,0.9783950448036194,0.0002067568275379017
GTCATACTTTACCT-1,2,0.7381548285484314,0.016128767281770706
GTCATACTTTGACG-1,0,0.6607210040092468,0.0048052044585347176
GTCCAAGAAAAACG-1,0,0.669763445854187,0.004632710013538599
GTCCACTGACCTCC-1,0,0.669763445854187,0.004632710013538599
GTCCACTGGGTACT-1,4,0.9803383946418762,0.03426327183842659
GTCCAGCTACGGGA-1,0,0.6671931147575378,0.0045587834902107716
GTCCCATGTGGTGT-1,1,0.9691104292869568,0.0124796899035573
GTCGAATGAAGGCG-1,1,0.9691104292869568,0.0124796899035573
GTCGACCTGAATGA-1,2,0.5665665864944458,0.003794037736952305
GTCGACCTGTTCAG-1,0,0.669763445854187,0.004632710013538599
GTCGCACTTGAGAA-1,3,1.0,0.0012277471832931042
GTCTAACTGGTCTA-1,4,0.9803383946418762,0.03426327183842659
GTCTAGGAGCTTCC-1,1,0.9691104292869568,0.0124796899035573
GTGAACACACTCTT-1,0,0.6841323375701904,0.00438628951087594
GTGAACACAGATCC-1,2,0.7381548285484314,0.016128767281770706
GTGAACACTCAGGT-1,0,0.669763445854187,0.004632710013538599
GTGACCCTTAAGCC-1,0,0.13696891069412231,0.1882161796092987
GTGATGACAAGTGA-1,0,0.6247058510780334,0.005002340767532587
GTGATGACCTGAGT-1,3,1.0,0.0012277471832931042
GTGATGACGGTTTG-1,2,0.7381548285484314,0.016128767281770706
GTGATTCTCATTTC-1,0,0.6247058510780334,0.005002340767532587
GTGATTCTCTCTCG-1,1,0.9691104292869568,0.0124796899035573
GTGATTCTGGTTCA-1,2,0.5665665864944458,0.003794037736952305
GTGATTCTGTCGAT-1,0,0.669763445854187,0.004632710013538599
GTGATTCTTAGCGT-1,3,1.0,0.0012277471832931042
GTGCCACTCAGGAG-1,0,0.669763445854187,0.004632710013538599
GTGGATTGCACTAG-1,4,0.9803383946418762,0.03426327183842659
GTGGATTGCGGAGA-1,0,0.6727672815322876,0.004755920730531216
GTGGATTGTAACGC-1,0,0.6841323375701904,0.00438628951087594
GTGTACGATCAGTG-1,0,0.6841323375701904,0.00438628951087594
GTGTAGTGGGTACT-1,0,0.6247058510780334,0.005002340767532587
GTGTATCTAGCCTA-1,3,1.0,0.0012277471832931042
GTGTATCTAGTAGA-1,2,0.7381547689437866,0.016128767281770706
GTGTATCTGTTACG-1,3,1.0,0.0012277471832931042
GTGTCAGAAGCGTT-1,2,0.5665665864944458,0.003794037736952305
GTGTCAGAATGCTG-1,0,0.669763445854187,0.004632710013538599
GTTAAAACCGAGAG-1,2,0.5665665864944458,0.003794037736952305
GTTAAAACTTCGCC-1,0,0.669763445854187,0.004632710013538599
GTTAAATGCTCGAA-1,0,0.669763445854187,0.004632710013538599
GTTAAATGTCGACA-1,3,1.0,0.0012277471832931042
GTTAACCTAGCTAC-1,0,0.6595441699028015,0.00465735187754035
GTTAACCTTGCTTT-1,5,1.0,0.0005839172517880797
GTTAGGTGCACTCC-1,0,0.669763445854187,0.004632710013538599
GTTAGGTGCCAGTA-1,1,0.9691104292869568,0.0124796899035573
GTTAGGTGCCCAAA-1,4,0.9803383946418762,0.03426327183842659
GTTAGGTGGAACTC-1,3,1.0,0.0012277471832931042
GTTAGTCTAAGAAC-1,2,0.7381547689437866,0.016128767281770706
GTTATAGAGGACAG-1,0,0.669763445854187,0.004632710013538599
GTTATGCTTTCATC-1,0,0.6841323375701904,0.00438628951087594
GTTCAACTGGGACA-1,2,0.5665665864944458,0.003794037736952305
GTTCAACTTATGCG-1,0,0.669763445854187,0.004632710013538599
GTTGACGAGCCCTT-1,2,0.5665665864944458,0.003794037736952305
GTTGACGATATCGG-1,2,0.5665665864944458,0.003794037736952305
GTTGAGTGGTCTTT-1,1,0.9691104292869568,0.0124796899035573
GTTGAGTGTGCTTT-1,0,0.6247058510780334,0.005002340767532587
GTTGATCTGGGACA-1,0,0.669763445854187,0.004632710013538599
GTTGATCTTTTCAC-1,2,0.7381547689437866,0.016128767281770706
GTTGGATGTTTACC-1,4,0.9803383946418762,0.03426327183842659
GTTGTACTATTCCT-1,1,0.9691104292869568,0.0124796899035573
GTTGTACTTTTGGG-1,0,0.6841323375701904,0.00438628951087594
GTTTAAGACCATGA-1,1,0.9691104292869568,0.0124796899035573
GTTTAAGACTGTCC-1,2,0.7381547689437866,0.016128767281770706
TAAACAACCAACCA-1,0,0.6247058510780334,0.005002340767532587
TAAACAACGAATCC-1,3,1.0,0.0012277471832931042
TAAAGACTCAGGAG-1,0,0.6308683156967163,0.005002340767532587
TAAATCGATGAGGG-1,0,0.6751827597618103,0.00458342581987381
TAACAATGTGCCCT-1,3,1.0,0.0012277471832931042
TAACACCTTCGCTC-1,1,0.9691104292869568,0.0124796899035573
TAACACCTTCGTAG-1,1,0.9691104292869568,0.0124796899035573
TAACACCTTGTTTC-1,6,0.9783950448036194,0.0002067568275379017
TAACATGACACTAG-1,3,1.0,0.0012277471832931042
TAACCGGACTTACT-1,0,0.669763445854187,0.004632710013538599
TAACGTCTCAACCA-1,1,0.9691104292869568,0.0124796899035573
TAACGTCTCATTGG-1,0,0.679827868938446,0.004484857432544231
TAACTAGAATTTCC-1,0,0.6247058510780334,0.005002340767532587
TAACTAGACTTAGG-1,0,0.6391366720199585,0.004854488652199507
TAACTAGATCTGGA-1,0,0.669763445854187,0.004632710013538599
TAACTCACGAGGAC-1,1,0.9691104292869568,0.0124796899035573
TAACTCACGTACAC-1,3,1.0,0.0012277471832931042
TAACTCACGTATCG-1,1,0.9691104292869568,0.0124796899035573
TAACTCACTCTACT-1,2,0.5665665864944458,0.003794037736952305
TAAGAACTGTGTCA-1,1,0.9691104292869568,0.0124796899035573
TAAGAGGACTAAGC-1,3,1.0,0.0012277471832931042
TAAGAGGACTTGTT-1,2,0.5665665864944458,0.003794037736952305
TAAGATACCCACAA-1,0,0.669763445854187,0.004632710013538599
TAAGATACGGTTCA-1,1,0.9691104292869568,0.0124796899035573
TAAGATTGCGTAGT-1,0,0.6808497905731201,0.004558783955872059
TAAGATTGTTGCTT-1,0,0.6247058510780334,0.005002340767532587
TAAGCGTGAGGTTC-1,1,0.9691104292869568,0.0124796899035573
TAAGCGTGGACAAA-1,1,0.4913479685783386,0.04849489778280258
TAAGCGTGGGAAAT-1,0,0.669763445854187,0.004632710013538599
TAAGCGTGTGCTCC-1,4,0.9803383946418762,0.03426327183842659
TAAGGCTGCCATGA-1,0,0.6247058510780334,0.005002340767532587
TAAGGCTGCTGCTC-1,0,0.669763445854187,0.004632710013538599
TAAGGCTGTCTCGC-1,1,0.9691104292869568,0.0124796899035573
TAAGGGCTGCTGTA-1,0,0.6247058510780334,0.005002340767532587
TAAGGGCTTTACTC-1,0,0.6841323375701904,0.00438628951087594
TAAGTAACCGAGAG-1,3,1.0,0.0012277471832931042
TAAGTAACCTCCAC-1,3,1.0,0.0012277471832931042
TAAGTAACCTGTAG-1,0,0.6247058510780334,0.005002340767532587
TAAGTAACTTGTCT-1,0,0.18958257138729095,0.17096669971942902
TAATGATGAGCGGA-1,0,0.6731697916984558,0.0048298463225364685
TAATGCCTCATGAC-1,0,0.6247058510780334,0.005002340767532587
TAATGCCTCGTCTC-1,2,0.5665665864944458,0.003794037736952305
TAATGTGAAGATGA-1,0,0.6841323375701904,0.00438628951087594
TAATGTGACTGCAA-1,1,0.9691104292869568,0.0124796899035573
TAATGTGATTACTC-1,2,0.7381548285484314,0.016128767281770706
TACAAATGGGTACT-1,0,0.6607210040092468,0.0048052044585347176
TACAATGAAAACAG-1,1,0.9691104292869568,0.0124796899035573
TACAATGACTTAGG-1,0,0.40418678522109985,0.10522166639566422
TACAATGATGCTAG-1,2,0.7381548285484314,0.016128767281770706
TACACACTCACACA-1,0,0.677474319934845,0.004534141626209021
TACACACTCTTACT-1,0,0.6727672815322876,0.004755920730531216
TACATAGAACGCAT-1,2,0.7381548285484314,0.016128767281770706
TACATCACACGGGA-1,0,0.669763445854187,0.004632710013538599
TACATCACCTGTTT-1,4,0.9803383946418762,0.03426327183842659
TACATCACGCTAAC-1,3,1.0,0.0012277471832931042
TACATCACTGAACC-1,4,0.9803383946418762,0.03426327183842659
TACCATTGAGGTTC-1,0,0.6841323375701904,0.00438628951087594
TACCATTGCGGGAA-1,1,0.9691104292869568,0.0124796899035573
TACCATTGGGGATG-1,1,0.9691104292869568,0.0124796899035573
TACCATTGTGAGGG-1,1,0.9691104292869568,0.0124796899035573
TACCGGCTGTTGGT-1,0,0.6820574402809143,0.004534141626209021
TACGAGTGATCTCT-1,0,0.669763445854187,0.004632710013538599
TACGAGTGATGCTG-1,1,0.1758500188589096,0.07233195006847382
TACGAGTGCGGAGA-1,0,0.6391366720199585,0.004854488652199507
TACGAGTGGTTGGT-1,0,0.6247058510780334,0.005002340767532587
TACGATCTAGTGTC-1,0,0.6841323375701904,0.00438628951087594
TACGATCTCACTGA-1,1,0.1758500188589096,0.07233195006847382
TACGATCTTACGAC-1,2,0.7381548285484314,0.016128767281770706
TACGCAGACGTCTC-1,3,1.0,0.0012277471832931042
TACGCAGAGAATCC-1,2,0.5665665864944458,0.003794037736952305
TACGCCACATTCCT-1,0,0.6727672815322876,0.004755920730531216
TACGCCACTCCCAC-1,4,0.9803383946418762,0.03426327183842659
TACGCCACTCCGAA-1,3,1.0,0.0012277471832931042
TACGCGCTCTTCTA-1,2,0.7381547689437866,0.016128767281770706
TACGGAACGCGTTA-1,3,1.0,0.0012277471832931042
TACGGCCTGGGACA-1,2,0.5665665864944458,0.003794037736952305
TACGGCCTGTCCTC-1,0,0.669763445854187,0.004632710013538599
TACGTACTACGGAG-1,0,0.6247058510780334,0.005002340767532587
TACGTACTCAGTTG-1,0,0.6247058510780334,0.005002340767532587
TACGTACTCCCGTT-1,3,1.0,0.0012277471832931042
TACGTTACAGAAGT-1,0,0.6247058510780334,0.005002340767532587
TACGTTACCAAGCT-1,1,0.9691104292869568,0.0124796899035573
TACTAAGAAAGGTA-1,3,1.0,0.0012277471832931042
TACTAAGAATCACG-1,0,0.6841323375701904,0.00438628951087594
TACTAAGATGATGC-1,1,0.9691104292869568,0.0124796899035573
TACTAAGATTGCGA-1,0,0.6247058510780334,0.005002340767532587
TACTACACGAGAGC-1,0,0.6247058510780334,0.005002340767532587
TACTACACTTACCT-1,0,0.669763445854187,0.004632710013538599
TACTACTGAACCTG-1,1,0.9691104292869568,0.0124796899035573
TACTACTGATGTCG-1,2,0.694611132144928,0.012663217261433601
TACTACTGATTCTC-1,0,0.6841323375701904,0.00438628951087594
TACTACTGTATGGC-1,0,0.6833271384239197,0.0044602155685424805
TACTCAACGGTCTA-1,1,0.9691104292869568,0.0124796899035573
TACTCAACTGCTAG-1,3,1.0,0.0012277471832931042
TACTCCCTCAGTTG-1,0,0.6841323375701904,0.00438628951087594
TACTCTGAATCGAC-1,2,0.5665665864944458,0.003794037736952305
TACTCTGACGAGTT-1,0,0.6247058510780334,0.005002340767532587
TACTCTGATTGACG-1,3,1.0,0.0012277471832931042
TACTGGGATCGATG-1,0,0.6247058510780334,0.005002340767532587
TACTGTTGAAAGCA-1,0,0.6841323375701904,0.00438628951087594
TACTGTTGAGGCGA-1,2,0.5665665864944458,0.003794037736952305
TACTGTTGCTGAAC-1,3,1.0,0.0012277471832931042
TACTTGACTCCTCG-1,2,0.7381547689437866,0.016128767281770706
TACTTGACTGGTGT-1,3,1.0,0.0012277471832931042
TACTTTCTTTTGGG-1,2,0.7381547689437866,0.016128767281770706
TAGAAACTAATCGC-1,0,0.681716799736023,0.004558783955872059
TAGAAACTGCTTCC-1,1,0.9691104292869568,0.0124796899035573
TAGAAACTGGGATG-1,2,0.7381547689437866,0.016128767281770706
TAGAATTGCGACAT-1,0,0.669763445854187,0.004632710013538599
TAGAATTGTATCGG-1,0,0.6841323375701904,0.00438628951087594
TAGACGTGCTTGAG-1,0,0.669763445854187,0.004632710013538599
TAGACGTGTCGCTC-1,0,0.6391366720199585,0.004854488652199507
TAGAGCACCTTACT-1,3,1.0,0.0012277471832931042
TAGATTGACTTGTT-1,3,1.0,0.0012277471832931042
TAGATTGAGGCATT-1,2,0.7166332602500916,0.02103966474533081
TAGCATCTCAGCTA-1,2,0.5665665864944458,0.003794037736952305
TAGCATCTCCCTCA-1,0,0.6595441699028015,0.00465735187754035
TAGCATCTGCTGTA-1,4,0.9803383946418762,0.03426327183842659
TAGCATCTGGGACA-1,0,0.669763445854187,0.004632710013538599
TAGCATCTTGTCGA-1,0,0.669763445854187,0.004632710013538599
TAGCCCACAAAAGC-1,0,0.6247058510780334,0.005002340767532587
TAGCCCACAGCCAT-1,2,0.7381547689437866,0.016128767281770706
TAGCCCACAGCTAC-1,2,0.5665665864944458,0.003794037736952305
TAGCCCACCCACAA-1,0,0.669763445854187,0.004632710013538599
TAGCCCTGCGGAGA-1,2,0.7381547689437866,0.016128767281770706
TAGCCGCTTACGAC-1,0,0.6608138680458069,0.0048298463225364685
TAGCCGCTTACTTC-1,2,0.7381547689437866,0.016128767281770706
TAGCCGCTTTCCAT-1,1,0.9691104292869568,0.0124796899035573
TAGCTACTGAATAG-1,3,1.0,0.0012277471832931042
TAGCTACTGTAGCT-1,0,0.679703950881958,0.004361646715551615
TAGCTACTTTTGCT-1,2,0.7381547689437866,0.016128767281770706
TAGGACTGTGCTGA-1,0,0.6247058510780334,0.005002340767532587
TAGGAGCTAAGGCG-1,3,1.0,0.0012277471832931042
TAGGAGCTGAGGGT-1,0,0.6727672815322876,0.004755920730531216
TAGGAGCTTGCATG-1,3,1.0,0.0012277471832931042
TAGGCAACCGTCTC-1,3,1.0,0.0012277471832931042
TAGGCATGCTCTCG-1,5,1.0,0.0005839172517880797
TAGGCATGGCGAGA-1,2,0.7381547689437866,0.016128767281770706
TAGGCTGATGCCTC-1,1,0.9691104292869568,0.0124796899035573
TAGGGACTGAACTC-1,2,0.5974308252334595,0.005567873828113079
TAGGTCGACACTGA-1,0,0.669763445854187,0.004632710013538599
TAGGTCGAGGATCT-1,3,1.0,0.0012277471832931042
TAGGTGACACACTG-1,0,0.6247058510780334,0.005002340767532587
TAGGTGACACGTTG-1,3,1.0,0.0012277471832931042
TAGGTGTGTTCTGT-1,0,0.6391366720199585,0.004854488652199507
TAGGTTCTGAAGGC-1,0,0.6727672815322876,0.004755920730531216
TAGGTTCTTCTTAC-1,4,0.9803383946418762,0.03426327183842659
TAGGTTCTTGCTGA-1,1,0.9691104292869568,0.0124796899035573
TAGTAAACCTCGCT-1,0,0.6841323375701904,0.00438628951087594
TAGTAAACGTCACA-1,0,0.6841323375701904,0.00438628951087594
TAGTAATGAGATCC-1,0,0.6841323375701904,0.00438628951087594
TAGTACCTAAGAAC-1,1,0.9691104292869568,0.0124796899035573
TAGTATGATCTTAC-1,3,1.0,0.0012277471832931042
TAGTATGATTCTCA-1,0,0.6247058510780334,0.005002340767532587
TAGTCTTGGCTGTA-1,0,0.669763445854187,0.004632710013538599
TAGTCTTGGGACTT-1,0,0.02879970148205757,0.21933911740779877
TAGTCTTGTGGAAA-1,2,0.7381547689437866,0.016128767281770706
TAGTGGTGAAGTGA-1,2,0.5665665864944458,0.003794037736952305
TAGTTAGAACCACA-1,2,0.5665665864944458,0.003794037736952305
TAGTTAGATGAACC-1,0,0.6841323375701904,0.00438628951087594
TATAAGACAACAGA-1,2,0.22047050297260284,0.2609509825706482
TATAAGACAGCTCA-1,4,0.9803383946418762,0.03426327183842659
TATAAGTGACACCA-1,4,0.9803383946418762,0.03426327183842659
TATAAGTGTATCGG-1,1,0.9691104292869568,0.0124796899035573
TATAAGTGTGGTGT-1,4,0.9803383946418762,0.03426327183842659
TATACAGAACCCTC-1,2,0.7381547689437866,0.016128767281770706
TATACAGAAGAACA-1,0,0.669763445854187,0.004632710013538599
TATACAGATCCAGA-1,0,0.66660475730896,0.004755920730531216
TATACCACCTGATG-1,3,1.0,0.0012277471832931042
TATACGCTACCAAC-1,0,0.683667778968811,0.004509499296545982
TATAGATGGACGGA-1,0,0.6299392580986023,0.004977698437869549
TATAGATGTTCCGC-1,4,0.9803383946418762,0.03426327183842659
TATCACTGACTGTG-1,1,0.9691104292869568,0.0124796899035573
TATCCAACCAGCTA-1,1,0.9691104292869568,0.0124796899035573
TATCCAACTCTCTA-1,2,0.7381547689437866,0.016128767281770706
TATCGACTACTAGC-1,2,0.5665665864944458,0.003794037736952305
TATCGACTCGATAC-1,4,0.9803383946418762,0.03426327183842659
TATCGTACAGATGA-1,2,0.7381547689437866,0.016128767281770706
TATCGTACATTCCT-1,1,0.9691104292869568,0.0124796899035573
TATCTCGAGAGATA-1,0,0.669763445854187,0.004632710013538599
TATCTGACAGGTTC-1,2,0.7381547689437866,0.016128767281770706
TATCTGACTGTTTC-1,2,0.7381547689437866,0.016128767281770706
TATCTTCTAAACAG-1,0,0.669763445854187,0.004632710013538599
TATGAATGGAGGAC-1,2,0.5665665864944458,0.003794037736952305
TATGAATGTTTGCT-1,4,0.9803383946418762,0.03426327183842659
TATGCGGATAACCG-1,0,0.634925127029419,0.004977698903530836
TATGGGTGCATCAG-1,2,0.5665665864944458,0.003794037736952305
TATGGGTGCTAGCA-1,3,1.0,0.0012277471832931042
TATGGTCTCTACCC-1,0,0.6841323375701904,0.00438628951087594
TATGTCACGGAACG-1,3,1.0,0.0012277471832931042
TATGTCACTAACCG-1,1,0.9691104292869568,0.0124796899035573
TATGTCACTTCTCA-1,3,1.0,0.0012277471832931042
TATGTGCTCCGATA-1,1,0.9691104292869568,0.0124796899035573
TATGTGCTGGATTC-1,0,0.669763445854187,0.004632710013538599
TATTGCTGAAGAAC-1,1,0.9691104292869568,0.0124796899035573
TATTGCTGCCGTTC-1,0,0.0008361203945241868,0.2314630001783371
TATTGCTGTCTGGA-1,0,0.669763445854187,0.004632710013538599
TATTGCTGTGCACA-1,2,0.7381547689437866,0.016128767281770706
TATTTCCTATTGGC-1,1,0.9691104292869568,0.0124796899035573
TATTTCCTGGAGGT-1,2,0.5665665864944458,0.003794037736952305
TATTTCCTGGTGTT-1,0,0.6841323375701904,0.00438628951087594
TCAACACTGTTTGG-1,2,0.5665665864944458,0.003794037736952305
TCAAGGACAGCGTT-1,0,0.6391366720199585,0.004854488652199507
TCAAGGACATTCTC-1,2,0.7381547689437866,0.016128767281770706
TCAAGGACGGTGTT-1,1,0.9691104292869568,0.0124796899035573
TCAATCACACTCTT-1,2,0.7381547689437866,0.016128767281770706
TCAATCACAGTCGT-1,4,0.9803383946418762,0.03426327183842659
TCACAACTATGTGC-1,0,0.669763445854187,0.004632710013538599
TCACAACTTTGCTT-1,1,0.9691104292869568,0.0124796899035573
TCACATACACTTTC-1,0,0.5362628698348999,0.04494714364409447
TCACATACAGGGTG-1,0,0.669763445854187,0.004632710013538599
TCACCCGAGACGGA-1,1,0.9691104292869568,0.0124796899035573
TCACCGTGCTCGCT-1,4,0.9803383946418762,0.03426327183842659
TCACCTCTACGACT-1,2,0.7381547689437866,0.016128767281770706
TCACCTCTTCCAAG-1,4,0.9803383946418762,0.03426327183842659
TCACGAGAGGAGGT-1,3,1.0,0.0012277471832931042
TCACTATGGGGCAA-1,2,0.7381547689437866,0.016128767281770706
TCACTATGGTTGTG-1,3,1.0,0.0012277471832931042
TCAGACGACGCTAA-1,0,0.6247058510780334,0.005002340767532587
TCAGACGACGTTAG-1,2,0.5665665864944458,0.003794037736952305
TCAGAGACTCCAGA-1,0,0.669763445854187,0.004632710013538599
TCAGCAGACTCCAC-1,0,0.6841323375701904,0.00438628951087594
TCAGCGCTCTAGTG-1,2,0.7381547689437866,0.016128767281770706
TCAGCGCTGGATCT-1,3,1.0,0.0012277471832931042
TCAGCGCTGGTATC-1,2,0.7381547689437866,0.016128767281770706
TCAGGATGAAGTAG-1,0,0.669763445854187,0.004632710013538599
TCAGGATGCCTTTA-1,4,0.9803383946418762,0.03426327183842659
TCAGTGGAAGATCC-1,2,0.7381547689437866,0.016128767281770706
TCAGTTACCTACGA-1,1,0.9691104292869568,0.0124796899035573
TCAGTTACTAGAAG-1,0,0.6391366720199585,0.004854488652199507
TCATCAACCCGATA-1,0,0.669763445854187,0.004632710013538599
TCATCAACTGTTCT-1,1,0.9691104292869568,0.0124796899035573
TCATCATGCAGTTG-1,0,0.6577171087265015,0.00458342581987381
TCATCCCTTACTGG-1,0,0.6247058510780334,0.005002340767532587
TCATTCGATACAGC-1,4,0.9803383946418762,0.03426327183842659
TCCACGTGGAAACA-1,0,0.6671311855316162,0.004608068149536848
TCCACTCTACACTG-1,0,0.66660475730896,0.004755920730531216
TCCACTCTGAGCTT-1,1,0.9691104292869568,0.0124796899035573
TCCACTCTTACTTC-1,3,1.0,0.0012277471832931042
TCCATAACAAAGTG-1,0,0.6841323375701904,0.00438628951087594
TCCATAACCGTAGT-1,3,1.0,0.0012277471832931042
TCCATAACGATGAA-1,0,0.6360708475112915,0.004977698903530836
TCCATAACTACGCA-1,0,0.6815000176429749,0.004263078793883324
TCCATCCTCCCTAC-1,2,0.7381547689437866,0.016128767281770706
TCCCACGATCATTC-1,0,0.6727672815322876,0.004755920730531216
TCCCATCTCAAAGA-1,1,0.9691104292869568,0.0124796899035573
TCCCGAACACAGTC-1,2,0.5665665864944458,0.003794037736952305
TCCCGAACTTCGCC-1,4,0.9803383946418762,0.03426327183842659
TCCCGATGAGATCC-1,0,0.6247058510780334,0.005002340767532587
TCCCGATGCCTGAA-1,1,0.9691104292869568,0.0124796899035573
TCCCGATGCTGTGA-1,2,0.5251084566116333,0.12830746173858643
TCCCTACTCAACTG-1,3,1.0,0.0012277471832931042
TCCGAAGACAATCG-1,1,0.9691104292869568,0.0124796899035573
TCCGAAGACGTTAG-1,0,0.6550228595733643,0.004632709547877312
TCCGGACTGAGGTG-1,0,0.6583364009857178,0.004903772380203009
TCCGGACTGTACGT-1,2,0.7381547689437866,0.016128767281770706
TCCTAAACATCGAC-1,0,0.669763445854187,0.004632710013538599
TCCTAAACCGAGAG-1,0,0.6727672815322876,0.004755920730531216
TCCTAAACCGCATA-1,2,0.5665666460990906,0.003794037736952305
TCCTAATGGTTTGG-1,2,0.7381547689437866,0.016128767281770706
TCCTACCTGTCGTA-1,0,0.43868446350097656,0.0910031720995903
TCCTATGAAAAGCA-1,2,0.7381547689437866,0.016128767281770706
TCGAATCTCTGGTA-1,2,0.7381547689437866,0.016128767281770706
TCGACCTGCCGATA-1,4,0.9803383946418762,0.03426327183842659
TCGACGCTTCTATC-1,1,0.9691104292869568,0.0124796899035573
TCGACGCTTTGACG-1,0,0.6247058510780334,0.005002340767532587
TCGAGAACGACAGG-1,0,0.6273379921913147,0.005026983097195625
TCGAGAACGTTAGC-1,0,0.6247058510780334,0.005002340767532587
TCGAGCCTATCAGC-1,3,1.0,0.0012277471832931042
TCGAGCCTGCGAGA-1,2,0.7381547689437866,0.016128767281770706
TCGAGCCTTGTGAC-1,0,0.6633531451225281,0.0048298463225364685
TCGATACTATTCCT-1,0,0.679208517074585,0.004632710013538599
TCGATACTTGCACA-1,0,0.6247058510780334,0.005002340767532587
TCGATTTGATGCCA-1,1,0.9691104292869568,0.0124796899035573
TCGATTTGCACTCC-1,0,0.6841323375701904,0.00438628951087594
TCGATTTGCAGCTA-1,2,0.5665665864944458,0.003794037736952305
TCGATTTGCCTACC-1,1,0.9691104292869568,0.0124796899035573
TCGATTTGTCGTGA-1,3,1.0,0.0012277471832931042
TCGCACACCATCAG-1,1,0.9691104292869568,0.0124796899035573
TCGCAGCTAGATCC-1,2,0.7381547689437866,0.016128767281770706
TCGCCATGAGACTC-1,0,0.669763445854187,0.004632710013538599
TCGCCATGTGGTCA-1,3,1.0,0.0012277471832931042
TCGGACCTAACAGA-1,0,0.6759878993034363,0.004509499296545982
TCGGACCTATAAGG-1,3,1.0,0.0012277471832931042
TCGGACCTGTACAC-1,0,0.66660475730896,0.004755920730531216
TCGGTAGAGTAGGG-1,0,0.669763445854187,0.004632710013538599
TCGGTAGATCCCAC-1,3,1.0,0.0012277471832931042
TCGTAGGATCGACA-1,0,0.6247058510780334,0.005002340767532587
TCGTGAGAACTGTG-1,3,1.0,0.0012277471832931042
TCGTTATGGACAAA-1,0,0.6247058510780334,0.005002340767532587
TCTAACACCAGTTG-1,2,0.5665665864944458,0.003794037736952305
TCTAACACGAGCAG-1,5,1.0,0.0005839172517880797
TCTAACTGAACCAC-1,0,0.6247058510780334,0.005002340767532587
TCTAAGCTAATGCC-1,0,0.6841323375701904,0.00438628951087594
TCTAAGCTTAGTCG-1,2,0.6278778910636902,0.007423832081258297
TCTAAGCTTCTAGG-1,4,0.9803383946418762,0.03426327183842659
TCTAAGCTTGTTCT-1,1,0.9691104292869568,0.0124796899035573
TCTAAGCTTTCGCC-1,3,1.0,0.0012277471832931042
TCTACAACGACTAC-1,1,0.9691104292869568,0.0124796899035573
TCTAGACTTAGAAG-1,1,0.9691104292869568,0.0124796899035573
TCTAGTTGCACCAA-1,4,0.9803383946418762,0.03426327183842659
TCTATGTGAAGAGT-1,1,0.9691104292869568,0.0124796899035573
TCTATGTGAGTCTG-1,2,0.7381547689437866,0.016128767281770706
TCTCAAACCTAAGC-1,3,1.0,0.0012277471832931042
TCTCTAGAATTTCC-1,0,0.6247058510780334,0.005002340767532587
TCTGATACACGTGT-1,0,0.6633531451225281,0.0048298463225364685
TCTGATACTCGCCT-1,0,0.6841323375701904,0.00438628951087594
TCTTACGAACCTGA-1,1,0.9691104292869568,0.0124796899035573
TCTTCAGAGCTACA-1,1,0.9691104292869568,0.0124796899035573
TCTTGATGCGGAGA-1,2,0.7381547689437866,0.016128767281770706
TGAAATTGGTGAGG-1,1,0.9691104292869568,0.0124796899035573
TGAACCGAAAACGA-1,0,0.669763445854187,0.004632710013538599
TGAACCGACTACTT-1,4,0.9803383946418762,0.03426327183842659
TGAACCGATTCGGA-1,4,0.9803383946418762,0.03426327183842659
TGAAGCACTCACGA-1,2,0.7152986526489258,0.022255072370171547
TGAAGCTGAACGAA-1,0,0.669763445854187,0.004632710013538599
TGAAGCTGAGACTC-1,0,0.669763445854187,0.004632710013538599
TGAAGCTGCATGGT-1,3,1.0,0.0012277471832931042
TGAAGCTGCGTAAC-1,0,0.6841323375701904,0.00438628951087594
TGAATAACCACTTT-1,0,0.6841323375701904,0.00438628951087594
TGAATAACTCCCAC-1,2,0.7381547689437866,0.016128767281770706
TGACACGACCTTAT-1,3,1.0,0.0012277471832931042
TGACCAGACAACCA-1,0,0.6727672815322876,0.004755920730531216
TGACCAGAGGATTC-1,0,0.6841323375701904,0.00438628951087594
TGACCGCTAAAAGC-1,0,0.6247058510780334,0.005002340767532587
TGACCGCTCTGCAA-1,0,0.669763445854187,0.004632710013538599
TGACGATGCAAAGA-1,1,0.9691104292869568,0.0124796899035573
TGACGCCTGTACCA-1,0,0.4952620267868042,0.043715041130781174
TGACGCCTTTACTC-1,0,0.6247058510780334,0.005002340767532587
TGACTGGAAGAGAT-1,1,0.9691104292869568,0.0124796899035573
TGACTGGACCGTAA-1,0,0.6247058510780334,0.005002340767532587
TGACTGGACGCAAT-1,0,0.6841323375701904,0.00438628951087594
TGACTGGAGGACAG-1,3,1.0,0.0012277471832931042
TGACTGGATTCTCA-1,0,0.6010157465934753,0.011655701324343681
TGACTTACACACCA-1,0,0.6247058510780334,0.005002340767532587
TGACTTACAGTCTG-1,1,0.9691104292869568,0.0124796899035573
TGACTTTGCGCATA-1,0,0.6841323375701904,0.00438628951087594
TGACTTTGTTTGTC-1,0,0.6247058510780334,0.005002340767532587
TGAGACACAAGGTA-1,0,0.6247058510780334,0.005002340767532587
TGAGACACTCAAGC-1,2,0.7381547689437866,0.016128767281770706
TGAGACACTGTGCA-1,0,0.669763445854187,0.004632710013538599
TGAGCTGAATGCTG-1,4,0.9803383946418762,0.03426327183842659
TGAGCTGACTGGAT-1,1,0.9691104292869568,0.0124796899035573
TGAGCTGAGCGAGA-1,0,0.669763445854187,0.004632710013538599
TGAGCTGATGCTAG-1,1,0.9691104292869568,0.0124796899035573
TGAGGACTCTCATT-1,1,0.9691104292869568,0.0124796899035573
TGAGGACTTCATTC-1,0,0.6247058510780334,0.005002340767532587
TGAGGTACGAACCT-1,4,0.9803383946418762,0.03426327183842659
TGAGTCGAGTTACG-1,3,1.0,0.0012277471832931042
TGAGTGACTGAGCT-1,0,0.6654279232025146,0.00458342581987381
TGATAAACGAATCC-1,0,0.6247058510780334,0.005002340767532587
TGATAAACTCCGTC-1,2,0.5665665864944458,0.003794037736952305
TGATAAACTTTCAC-1,0,0.669763445854187,0.004632710013538599
TGATACCTCACTAG-1,1,0.9691104292869568,0.0124796899035573
TGATACCTGTTGGT-1,0,0.683667778968811,0.004509499296545982
TGATACCTTATGCG-1,0,0.669763445854187,0.004632710013538599
TGATACCTTGAAGA-1,0,0.6841323375701904,0.00438628951087594
TGATATGAACCTTT-1,0,0.669763445854187,0.004632710013538599
TGATCACTAGCATC-1,2,0.7381547689437866,0.016128767281770706
TGATCACTCTCGCT-1,0,0.669763445854187,0.004632710013538599
TGATCACTTCTACT-1,3,1.0,0.0012277471832931042
TGATCGGACTGACA-1,4,0.9803383946418762,0.03426327183842659
TGATCGGAGGAGCA-1,3,1.0,0.0012277471832931042
TGATCGGATATGCG-1,4,0.5637860298156738,0.11422064155340195
TGATTAGACATTGG-1,0,0.6247058510780334,0.005002340767532587
TGATTAGATGACTG-1,3,1.0,0.0012277471832931042
TGATTAGATGCTAG-1,0,0.669763445854187,0.004632710013538599
TGATTCACTATGCG-1,0,0.669763445854187,0.004632710013538599
TGATTCACTGTCAG-1,3,1.0,0.0012277471832931042
TGATTCTGCCGAAT-1,0,0.6505016684532166,0.0048298463225364685
TGATTCTGCTCTTA-1,0,0.6391366720199585,0.004854488652199507
TGCAAGTGAGAACA-1,0,0.6247058510780334,0.005002340767532587
TGCAAGTGGGTAGG-1,1,0.9691104292869568,0.0124796899035573
TGCAATCTTCAGGT-1,5,1.0,0.0005839172517880797
TGCACAGACGACAT-1,2,0.5665665864944458,0.003794037736952305
TGCCAAGAGCAGTT-1,4,0.948559582233429,0.04087650775909424
TGCCAAGATCTCTA-1,0,0.6247058510780334,0.005002340767532587
TGCCACTGAACGTC-1,0,0.6247058510780334,0.005002340767532587
TGCCACTGCGATAC-1,2,0.5665665864944458,0.003794037736952305
TGCCAGCTTGGCAT-1,0,0.61033695936203,0.005248761735856533
TGCCCAACAGCAAA-1,0,0.6505016684532166,0.0048298463225364685
TGCCCAACCGCATA-1,4,0.9803383946418762,0.03426327183842659
TGCCGACTCTCCCA-1,3,1.0,0.0012277471832931042
TGCGAAACAGTCAC-1,3,1.0,0.0012277471832931042
TGCGAAACGTTGCA-1,3,1.0,0.0012277471832931042
TGCGATGAACGGTT-1,0,0.6633531451225281,0.0048298463225364685
TGCGATGACCTCGT-1,0,0.6841323375701904,0.00438628951087594
TGCGATGACTAGTG-1,3,1.0,0.0012277471832931042
TGCGATGACTGCTC-1,3,1.0,0.0012277471832931042
TGCGATGACTTGCC-1,3,1.0,0.0012277471832931042
TGCGATGAGTGCTA-1,1,0.9691104292869568,0.0124796899035573
TGCGCACTCTTGAG-1,1,0.9691104292869568,0.0124796899035573
TGCGTAGAATAAGG-1,1,0.9691104292869568,0.0124796899035573
TGCGTAGACGGGAA-1,3,1.0,0.0012277471832931042
TGCGTAGATGGTCA-1,4,0.9803383946418762,0.03426327183842659
TGCTAGGAAACCGT-1,2,0.7381547689437866,0.016128767281770706
TGCTAGGATAGTCG-1,0,0.6841323375701904,0.00438628951087594
TGCTATACGGTTCA-1,1,0.9691104292869568,0.0124796899035573
TGCTATACTGCTGA-1,2,0.7381547689437866,0.016128767281770706
TGCTGAGAGAGCAG-1,2,0.5665665864944458,0.003794037736952305
TGCTGAGATTATCC-1,0,0.6828625798225403,0.00458342581987381
TGGAAAGACTCTCG-1,3,1.0,0.0012277471832931042
TGGAAAGAGCGATT-1,0,0.6247058510780334,0.005002340767532587
TGGAAAGAGGTCAT-1,4,0.9803383946418762,0.03426327183842659
TGGAAAGATATGGC-1,0,0.669763445854187,0.004632710013538599
TGGAACACAAACAG-1,2,0.5665665864944458,0.003794037736952305
TGGAACACGCTAAC-1,2,0.7381547689437866,0.016128767281770706
TGGAAGCTCAGATC-1,0,0.6505016684532166,0.0048298463225364685
TGGACCCTACACTG-1,1,0.9691104292869568,0.0124796899035573
TGGACCCTCATGGT-1,2,0.7381547689437866,0.016128767281770706
TGGACCCTGGTACT-1,1,0.5264875292778015,0.0460994690656662
TGGACTGAGTATGC-1,0,0.6247058510780334,0.005002340767532587
TGGAGACTATCAGC-1,1,0.9691104292869568,0.0124796899035573
TGGAGACTGAAACA-1,0,0.669763445854187,0.004632710013538599
TGGAGACTTCAAGC-1,0,0.669763445854187,0.004632710013538599
TGGAGACTTGACCA-1,2,0.7381547689437866,0.016128767281770706
TGGAGGGACGGAGA-1,1,0.9691104292869568,0.0124796899035573
TGGAGGGAGCTATG-1,0,0.669763445854187,0.004632710013538599
TGGATCGATAAAGG-1,0,0.6690201163291931,0.00458342581987381
TGGATGTGACCTAG-1,3,1.0,0.0012277471832931042
TGGATGTGATGTCG-1,2,0.7381547689437866,0.016128767281770706
TGGATGTGTGAAGA-1,3,1.0,0.0012277471832931042
TGGATTCTCATACG-1,2,0.7381547689437866,0.016128767281770706
TGGCAATGCTTGTT-1,3,1.0,0.0012277471832931042
TGGCAATGGAGGGT-1,2,0.7381547689437866,0.016128767281770706
TGGCACCTTCACGA-1,0,0.46999260783195496,0.07003277540206909
TGGCACCTTCAGTG-1,1,0.9691104292869568,0.0124796899035573
TGGGTATGAAGAGT-1,0,0.6247058510780334,0.005002340767532587
TGGGTATGCACAAC-1,0,0.6247058510780334,0.005002340767532587
TGGGTATGGTACGT-1,3,1.0,0.0012277471832931042
TGGGTATGTTTGGG-1,1,0.9691104292869568,0.0124796899035573
TGGTAGACATGCCA-1,0,0.5746934413909912,0.044478945434093475
TGGTAGACCCTCAC-1,2,0.5665665864944458,0.003794037736952305
TGGTAGACCTGATG-1,0,0.6391366720199585,0.004854488652199507
TGGTAGTGCACTGA-1,1,0.9691104292869568,0.0124796899035573
TGGTATCTAAACAG-1,0,0.6804471611976624,0.004755920264869928
TGGTATCTCTTCCG-1,0,0.6841323375701904,0.00438628951087594
TGGTCAGACCCAAA-1,0,0.6841323375701904,0.00438628951087594
TGGTCAGACCGTTC-1,2,0.5665665864944458,0.003794037736952305
TGGTTACTGACGTT-1,1,0.9691104292869568,0.0124796899035573
TGGTTACTGTTCTT-1,0,0.6841323375701904,0.00438628951087594
TGTAACCTAGAGGC-1,0,0.6479313373565674,0.004879130516201258
TGTAACCTTGCCTC-1,1,0.9691104292869568,0.0124796899035573
TGTAATGACACAAC-1,2,0.5665665864944458,0.003794037736952305
TGTAATGAGGTAAA-1,2,0.5665665864944458,0.003794037736952305
TGTACTTGCTCTAT-1,4,0.9803383946418762,0.03426327183842659
TGTAGGTGCGAGAG-1,3,1.0,0.0012277471832931042
TGTAGGTGCTATGG-1,0,0.6247058510780334,0.005002340767532587
TGTAGGTGCTCTAT-1,5,1.0,0.0005839172517880797
TGTAGGTGTGCTGA-1,0,0.6391366720199585,0.004854488652199507
TGTAGTCTTCCAGA-1,0,0.6391366720199585,0.004854488652199507
TGTAGTCTTGCACA-1,2,0.7381547689437866,0.016128767281770706
TGTATCTGTTAGGC-1,0,0.6391366720199585,0.004854488652199507
TGTATGCTCATGGT-1,3,1.0,0.0012277471832931042
TGTATGCTGTAGGG-1,0,0.5990028381347656,0.03136935830116272
TGTATGCTTTCATC-1,0,0.669763445854187,0.004632710013538599
TGTCAGGAATACCG-1,0,0.6841323375701904,0.00438628951087594
TGTCAGGAGATGAA-1,4,0.9803383946418762,0.03426327183842659
TGTCTAACCCCTTG-1,0,0.669763445854187,0.004632710013538599
TGTGACGATTCTCA-1,2,0.7381547689437866,0.016128767281770706
TGTGAGACTGTCAG-1,4,0.9803383946418762,0.03426327183842659
TGTGAGACTTGAGC-1,0,0.6833890676498413,0.004386289045214653
TGTGAGTGACCACA-1,0,0.669763445854187,0.004632710013538599
TGTGAGTGAGTGCT-1,4,0.9803383946418762,0.03426327183842659
TGTGAGTGGAGATA-1,2,0.7381547689437866,0.016128767281770706
TGTGATCTCTCTAT-1,3,1.0,0.0012277471832931042
TGTGATCTGACACT-1,2,0.0125125115737319,0.3558512032032013
TGTGGATGGCCAAT-1,3,1.0,0.0012277471832931042
TGTTAAGACAAAGA-1,1,0.9691104292869568,0.0124796899035573
TGTTAAGATAAGGA-1,1,0.9691104292869568,0.0124796899035573
TGTTAAGATTGGCA-1,1,0.9691104292869568,0.0124796899035573
TGTTACACCGCATA-1,4,0.9803383946418762,0.03426327183842659
TGTTACACGACTAC-1,4,0.3820302188396454,0.14702405035495758
TGTTACTGGCTACA-1,2,0.7381547689437866,0.016128767281770706
TGTTACTGTAGTCG-1,2,0.7381547689437866,0.016128767281770706
TTAACCACCGTAAC-1,0,0.6671311259269714,0.004509499296545982
TTAACCACTAAGGA-1,2,0.7381547689437866,0.016128767281770706
TTAACCACTCAGAC-1,2,0.7381547689437866,0.016128767281770706
TTACACACGTGTTG-1,0,0.6817168593406677,0.004558783955872059
TTACACACTCCTAT-1,0,0.6841323375701904,0.00438628951087594
TTACCATGAATCGC-1,1,0.9691104292869568,0.0124796899035573
TTACCATGGTTGAC-1,0,0.660720944404602,0.0048052044585347176
TTACCATGTGTCTT-1,0,0.521336555480957,0.05219191312789917
TTACCATGTTGTGG-1,3,1.0,0.0012277471832931042
TTACGACTGAGAGC-1,0,0.6247058510780334,0.005002340767532587
TTACGACTTGACAC-1,1,0.9691104292869568,0.0124796899035573
TTACGTACGTTCAG-1,6,0.9783950448036194,0.0002067568275379017
TTACTCGAACGTTG-1,7,0.7942387461662292,0.034324660897254944
TTACTCGAAGAATG-1,1,0.9691104292869568,0.0124796899035573
TTACTCGACGCAAT-1,5,1.0,0.0005839172517880797
TTACTCGAGGGTGA-1,0,0.6751827597618103,0.004681993741542101
TTACTCGATCTACT-1,2,0.5665665864944458,0.003794037736952305
TTAGAATGTGGTGT-1,0,0.6841323375701904,0.00438628951087594
TTAGAATGTGTAGC-1,0,0.669763445854187,0.004632710013538599
TTAGACCTCCTACC-1,0,0.669763445854187,0.004632710013538599
TTAGACCTCCTTTA-1,1,0.9691104292869568,0.0124796899035573
TTAGCTACAACCGT-1,0,0.669763445854187,0.004632710013538599
TTAGCTACTGTCCC-1,1,0.28491196036338806,0.06454260647296906
TTAGCTACTTTCGT-1,0,0.6247058510780334,0.005002340767532587
TTAGGGACGCGAAG-1,2,0.7381548285484314,0.016128767281770706
TTAGGGTGCTGGAT-1,3,1.0,0.0012277471832931042
TTAGGGTGTCCTGC-1,1,0.1758500188589096,0.07233195006847382
TTAGGTCTACTTTC-1,1,0.9691104292869568,0.0124796899035573
TTAGTCACCAGTTG-1,0,0.6247058510780334,0.005002340767532587
TTAGTCTGAAAGCA-1,3,1.0,0.0012277471832931042
TTAGTCTGCCAACA-1,2,0.5665665864944458,0.003794037736952305
TTAGTCTGTGCACA-1,0,0.6387030482292175,0.005002340767532587
TTATCCGACTAGTG-1,3,1.0,0.0012277471832931042
TTATCCGAGAAAGT-1,1,0.28491196036338806,0.06454260647296906
TTATGAGAGATAAG-1,0,0.669763445854187,0.004632710013538599
TTATGCACGTCACA-1,3,1.0,0.0012277471832931042
TTATGGCTTATGGC-1,5,1.0,0.0005839172517880797
TTATTCCTATGCTG-1,1,0.9691104292869568,0.0124796899035573
TTATTCCTGGACAG-1,3,1.0,0.0012277471832931042
TTATTCCTGGTACT-1,3,1.0,0.0012277471832931042
TTATTCCTTCGTGA-1,0,0.6247058510780334,0.005002340767532587
TTCAAAGATAAAGG-1,2,0.7381548285484314,0.016128767281770706
TTCAACACAACAGA-1,0,0.6841323375701904,0.00438628951087594
TTCAACACCCCAAA-1,1,0.9691104292869568,0.0124796899035573
TTCAACACGGACGA-1,4,0.9803383946418762,0.03426327183842659
TTCAAGCTAAGAAC-1,1,0.9691104292869568,0.0124796899035573
TTCAAGCTAGATGA-1,0,0.6751827597618103,0.00458342581987381
TTCAAGCTGTTGAC-1,0,0.6010157465934753,0.011655701324343681
TTCAAGCTTCCAAG-1,0,0.669763445854187,0.004632710013538599
TTCAAGCTTGATGC-1,0,0.6841323375701904,0.00438628951087594
TTCAAGCTTTCGCC-1,0,0.6841323375701904,0.00438628951087594
TTCACAACCCGTTC-1,1,0.9691104292869568,0.0124796899035573
TTCACAACGTCTGA-1,4,0.948559582233429,0.04087650775909424
TTCAGACTACCCAA-1,0,0.669763445854187,0.004632710013538599
TTCAGACTCTCGAA-1,0,0.6247058510780334,0.005002340767532587
TTCAGTACCGACTA-1,0,0.6666048169136047,0.004755920730531216
TTCAGTACTCAAGC-1,0,0.6391366720199585,0.004854488652199507
TTCAGTACTCCTAT-1,1,0.9691104292869568,0.0124796899035573
TTCAGTTGCCAAGT-1,0,0.660720944404602,0.0048052044585347176
TTCAGTTGTCCTTA-1,5,1.0,0.0005839172517880797
TTCAGTTGTCTAGG-1,0,0.669763445854187,0.004632710013538599
TTCAGTTGTCTCGC-1,3,1.0,0.0012277471832931042
TTCATCGAGGTGGA-1,1,0.9691104292869568,0.0124796899035573
TTCATGTGTGGTGT-1,0,0.6247058510780334,0.005002340767532587
TTCATTCTATGTCG-1,1,0.9691104292869568,0.0124796899035573
TTCATTCTTCTCTA-1,0,0.6841323375701904,0.00438628951087594
TTCCAAACCTATGG-1,1,0.9691104292869568,0.0124796899035573
TTCCAAACCTCCCA-1,3,1.0,0.0012277471832931042
TTCCAAACTCCCAC-1,2,0.5665665864944458,0.003794037736952305
TTCCAAACTTGACG-1,2,0.7381548285484314,0.016128767281770706
TTCCATGACGAGAG-1,1,0.9691104292869568,0.0124796899035573
TTCCATGACTGTCC-1,0,0.669763445854187,0.004632710013538599
TTCCCACTTGAGGG-1,2,0.5665665864944458,0.003794037736952305
TTCCCACTTGTCTT-1,1,0.9691104292869568,0.0124796899035573
TTCCTAGAAAGTGA-1,0,0.669763445854187,0.004632710013538599
TTCCTAGACTAGTG-1,4,0.9803383946418762,0.03426327183842659
TTCGAGGACTCTAT-1,0,0.6391366720199585,0.004854488652199507
TTCGAGGAGGGCAA-1,0,0.468289315700531,0.07197949290275574
TTCGAGGATAGAAG-1,4,0.9803383946418762,0.03426327183842659
TTCGATTGAGCATC-1,0,0.669763445854187,0.004632710013538599
TTCGGAGAATGCCA-1,1,0.9691104292869568,0.0124796899035573
TTCGGAGATGTGCA-1,0,0.6841323375701904,0.00438628951087594
TTCGTATGAAAAGC-1,2,0.7381547689437866,0.016128767281770706
TTCGTATGGATAGA-1,2,0.6278778910636902,0.007423832081258297
TTCGTATGGTCTGA-1,0,0.6271212697029114,0.0048298463225364685
TTCGTATGTCCTTA-1,1,0.9691104292869568,0.0124796899035573
TTCTACGAACGTAC-1,0,0.6727672815322876,0.004755920730531216
TTCTACGAGTTGGT-1,0,0.6247058510780334,0.005002340767532587
TTCTAGTGACACGT-1,0,0.6247058510780334,0.005002340767532587
TTCTAGTGCATGAC-1,1,0.9691104292869568,0.0124796899035573
TTCTAGTGGAGAGC-1,2,0.5665665864944458,0.003794037736952305
TTCTAGTGGTCACA-1,4,0.9803383946418762,0.03426327183842659
TTCTCAGAAGAGAT-1,0,0.6247058510780334,0.005002340767532587
TTCTCAGAAGCATC-1,3,1.0,0.0012277471832931042
TTCTCAGATGGAGG-1,0,0.6247058510780334,0.005002340767532587
TTCTGATGGAGACG-1,2,0.5665665864944458,0.003794037736952305
TTCTTACTCTGGAT-1,4,0.948559582233429,0.04087650775909424
TTGAACCTCCTTGC-1,3,1.0,0.0012277471832931042
TTGAATGAACTACG-1,4,0.9803383946418762,0.03426327183842659
TTGAATGACTTACT-1,0,0.6841323375701904,0.00438628951087594
TTGAATGATCTCAT-1,3,1.0,0.0012277471832931042
TTGACACTCTGTAG-1,0,0.679703950881958,0.004361646715551615
TTGACACTGATAAG-1,3,1.0,0.0012277471832931042
TTGAGGACAGAACA-1,1,0.9691104292869568,0.0124796899035573
TTGAGGACTACGCA-1,5,1.0,0.0005839172517880797
TTGAGGTGGACGGA-1,0,0.6841323375701904,0.00438628951087594
TTGCATTGAGCTAC-1,2,0.7381548285484314,0.016128767281770706
TTGCATTGCTAAGC-1,1,0.9691104292869568,0.0124796899035573
TTGCATTGTGACTG-1,0,0.6633531451225281,0.0048298463225364685
TTGCTAACACCAAC-1,2,0.7381548285484314,0.016128767281770706
TTGCTAACACGCTA-1,4,0.9803383946418762,0.03426327183842659
TTGCTAACCACTCC-1,0,0.6841323375701904,0.00438628951087594
TTGCTATGGTACGT-1,1,0.9691104292869568,0.0124796899035573
TTGCTATGGTAGGG-1,4,0.9803383946418762,0.03426327183842659
TTGGAGACCAATCG-1,0,0.6391366720199585,0.004854488652199507
TTGGAGACGCTATG-1,1,0.9691104292869568,0.0124796899035573
TTGGAGACTATGGC-1,3,1.0,0.0012277471832931042
TTGGGAACTGAACC-1,0,0.6841323375701904,0.00438628951087594
TTGGTACTACTGGT-1,1,0.9691104292869568,0.0124796899035573
TTGGTACTCTTAGG-1,0,0.669763445854187,0.004632710013538599
TTGGTACTGAATCC-1,3,1.0,0.0012277471832931042
TTGGTACTGGATTC-1,3,1.0,0.0012277471832931042
TTGTACACGTTGTG-1,3,1.0,0.0012277471832931042
TTGTACACTTGCAG-1,0,0.6247058510780334,0.005002340767532587
TTGTAGCTAGCTCA-1,0,0.6247058510780334,0.005002340767532587
TTGTAGCTCTCTTA-1,3,1.0,0.0012277471832931042
TTGTCATGGACGGA-1,2,0.5665665864944458,0.003794037736952305
TTTAGAGATCCTCG-1,3,1.0,0.0012277471832931042
TTTAGCTGATACCG-1,0,0.669763445854187,0.004632710013538599
TTTAGCTGGATACC-1,1,0.9691104292869568,0.0124796899035573
TTTAGCTGTACTCT-1,5,1.0,0.0005839172517880797
TTTAGGCTCCTTTA-1,1,0.9691104292869568,0.0124796899035573
TTTATCCTGTTGTG-1,4,0.9803383946418762,0.03426327183842659
TTTCACGAGGTTCA-1,0,0.6633531451225281,0.0048298463225364685
TTTCAGTGGAAGGC-1,2,0.7381548285484314,0.016128767281770706
TTTCAGTGTCACGA-1,3,1.0,0.0012277471832931042
TTTCAGTGTCTATC-1,1,0.9691104292869568,0.0124796899035573
TTTCAGTGTGCAGT-1,3,1.0,0.0012277471832931042
TTTCCAGAGGTGAG-1,0,0.6247058510780334,0.005002340767532587
TTTCGAACACCTGA-1,5,1.0,0.0005839172517880797
TTTCGAACTCTCAT-1,1,0.9323012828826904,0.010335528291761875
TTTCTACTGAGGCA-1,3,1.0,0.0012277471832931042
TTTCTACTTCCTCG-1,3,1.0,0.0012277471832931042
TTTGCATGAGAGGC-1,3,1.0,0.0012277471832931042
TTTGCATGCCTCAC-1,0,0.6841323375701904,0.00438628951087594
