index,original_cluster,cluster_0_10_0_5,cluster_0_10_0_8,cluster_0_10_1_0,cluster_0_15_0_5,cluster_0_15_0_8,cluster_0_15_1_0,cluster_0_30_0_5,cluster_0_30_0_8,cluster_0_30_1_0,cluster_1_10_0_5,cluster_1_10_0_8,cluster_1_10_1_0,cluster_1_15_0_5,cluster_1_15_0_8,cluster_1_15_1_0,cluster_1_30_0_5,cluster_1_30_0_8,cluster_1_30_1_0,cluster_2_10_0_5,cluster_2_10_0_8,cluster_2_10_1_0,cluster_2_15_0_5,cluster_2_15_0_8,cluster_2_15_1_0,cluster_2_30_0_5,cluster_2_30_0_8,cluster_2_30_1_0
AAACATACAACCAC-1,0,0,0,0,0,0,0,0,0,0,0,0,0,0,0,0,0,0,0,0,0,0,0,0,0,0,0,0
AAACATTGAGCTAC-1,3,1,1,3,1,2,1,1,1,1,2,1,2,1,2,1,1,1,1,1,2,2,2,1,3,2,2,2
AAACATTGATCAGC-1,0,0,2,1,0,1,2,0,2,2,0,2,1,0,1,2,0,2,2,0,1,1,0,2,2,0,3,3
AAACCGTGCTTCCG-1,1,2,3,5,2,4,3,2,3,4,3,3,3,2,4,3,2,3,3,2,4,3,3,3,5,3,4,4
AAACCGTGTATGCG-1,2,4,4,6,3,5,4,4,4,5,1,4,4,3,5,4,5,4,4,3,5,4,4,4,6,1,5,5
AAACGCACTGGTAC-1,0,0,0,0,0,1,2,0,0,0,0,2,1,0,0,2,0,2,2,0,1,1,0,2,2,0,3,3
AAACGCTGACCAGT-1,2,4,5,2,3,6,5,4,5,6,1,5,5,3,6,5,5,5,5,3,3,5,4,5,1,1,1,1
AAACGCTGGTTCTT-1,0,4,5,2,3,6,5,4,5,6,1,5,5,3,6,5,5,5,5,3,3,5,4,5,1,1,1,1
AAACGCTGTAGCCA-1,2,4,5,2,3,6,5,4,5,6,1,5,5,3,6,5,5,5,5,3,3,5,4,5,1,1,1,1
AAACGCTGTTTCTG-1,4,3,6,7,4,7,3,2,6,4,3,6,6,2,4,3,2,6,3,2,6,3,5,3,7,3,6,4
AAACTTGAAAAACG-1,3,1,1,3,1,2,1,1,1,1,2,1,2,1,2,1,1,1,1,1,2,2,2,1,3,2,2,2
AAACTTGATCCAGA-1,0,0,0,0,0,0,0,0,0,0,0,0,0,0,0,0,0,0,0,0,0,0,0,0,0,0,0,0
AAAGAGACGAGATA-1,0,0,0,1,0,1,2,0,0,2,0,2,1,0,0,2,0,2,2,0,0,0,0,2,2,0,3,3
AAAGAGACGCGAGA-1,1,3,6,7,4,7,6,2,6,7,3,6,6,2,7,6,2,6,6,2,6,6,5,6,7,3,6,6
AAAGAGACGGACTT-1,2,4,5,2,3,6,5,4,5,6,1,0,5,3,6,5,5,5,5,3,3,5,4,5,1,1,1,1
AAAGAGACGGCATT-1,0,0,0,0,0,0,0,0,0,0,0,0,0,0,0,0,0,0,0,0,0,0,0,0,0,0,0,0
AAAGATCTGGGCAA-1,1,3,6,7,4,7,6,2,6,7,3,6,6,2,7,6,2,6,6,2,6,6,5,6,7,3,6,6
AAAGCAGAAGCCAT-1,2,4,5,2,3,6,5,4,5,6,1,5,5,3,6,5,5,5,5,3,3,5,4,5,1,1,1,1
AAAGCAGATATCGG-1,1,3,6,7,4,7,6,2,6,7,3,6,6,2,7,6,2,6,6,2,6,6,5,6,7,3,6,6
AAAGCCTGTATGCG-1,0,0,2,1,0,1,2,0,2,2,0,2,1,0,1,2,0,2,2,0,1,1,0,2,2,0,3,3
AAAGGCCTGTCTAG-1,3,1,1,3,1,2,1,1,1,1,2,1,2,1,2,1,1,1,1,1,2,2,2,1,3,2,2,2
AAAGTTTGATCACG-1,3,1,1,3,1,2,1,1,1,1,2,1,2,1,2,1,1,1,1,1,2,2,2,1,3,2,2,2
AAAGTTTGGGGTGA-1,3,1,1,3,1,2,1,1,1,1,2,1,2,1,2,1,1,1,1,1,2,2,2,1,3,2,2,2
AAAGTTTGTAGAGA-1,0,0,0,0,0,0,0,0,0,0,0,0,0,0,0,0,0,0,0,0,0,0,0,0,0,0,0,0
AAAGTTTGTAGCGT-1,1,3,6,7,4,7,6,2,6,7,3,6,6,2,7,6,2,6,6,2,6,6,5,6,7,3,6,6
AAATCAACAATGCC-1,3,1,1,3,1,2,1,1,1,1,2,1,2,1,2,1,1,1,1,1,2,2,2,1,3,2,2,2
AAATCAACACCAGT-1,0,0,0,0,0,0,0,0,0,0,0,0,0,0,0,0,0,0,0,0,0,0,0,0,0,0,0,0
AAATCAACCAGGAG-1,0,0,0,1,0,0,0,0,0,0,0,2,0,0,0,0,0,0,0,0,0,0,0,0,0,0,0,0
AAATCAACCCTATT-1,4,2,3,5,2,4,3,2,3,4,4,3,3,2,4,3,2,3,3,4,4,3,3,3,5,3,4,4
AAATCAACGGAAGC-1,0,0,0,0,0,0,0,0,0,0,0,2,0,0,0,0,0,0,0,0,0,0,0,0,0,0,0,0
AAATCAACTCGCAA-1,0,0,2,1,0,1,2,0,2,2,0,2,1,0,1,2,0,2,2,0,1,1,0,2,2,0,3,3
AAATCATGACCACA-1,4,2,3,5,2,4,3,2,3,4,4,3,3,2,4,3,2,3,3,4,4,3,3,3,5,3,4,4
AAATCCCTCCACAA-1,0,4,5,2,0,0,0,0,0,0,1,0,5,0,0,0,0,0,0,3,0,5,0,0,0,0,0,0
AAATCCCTGCTATG-1,3,1,1,3,1,2,1,1,1,1,2,1,2,1,2,1,1,1,1,1,2,2,2,1,3,2,2,2
AAATGTTGAACGAA-1,1,3,6,7,4,7,6,2,6,7,3,6,6,2,7,6,2,6,6,2,6,6,5,6,7,3,6,6
AAATGTTGCCACAA-1,0,0,2,1,0,1,2,0,2,2,0,2,1,0,1,2,0,2,2,0,1,1,0,2,2,0,3,3
AAATGTTGTGGCAT-1,1,3,6,7,4,7,6,2,6,7,3,6,6,2,7,6,2,6,6,2,6,6,5,6,7,3,6,6
AAATTCGAAGGTTC-1,0,0,0,0,0,0,0,0,0,0,0,0,0,0,0,0,0,0,0,0,0,0,0,0,0,0,0,0
AAATTCGAATCACG-1,1,3,6,7,4,7,6,2,6,7,3,6,6,2,7,6,2,6,6,2,6,6,5,6,7,3,6,6
AAATTCGAGCTGAT-1,4,2,3,5,2,4,3,2,3,4,4,3,3,2,4,3,2,3,3,4,4,3,3,3,5,3,4,4
AAATTCGAGGAGTG-1,0,0,0,0,0,0,0,0,0,0,0,2,0,0,0,0,0,0,0,0,0,0,0,0,0,0,0,0
AAATTCGATTCTCA-1,2,4,4,6,3,5,4,4,4,5,1,4,4,3,5,4,5,4,4,3,5,4,4,4,6,1,5,5
AAATTGACACGACT-1,2,4,5,2,3,6,5,4,5,6,1,5,5,3,6,5,5,5,5,3,3,5,4,5,1,1,1,1
AAATTGACTCGCTC-1,0,0,2,1,0,1,2,0,2,2,0,2,1,0,1,2,0,2,2,0,1,1,0,2,2,0,3,3
AACAAACTCATTTC-1,0,0,2,0,0,0,0,0,0,0,0,2,0,0,0,0,0,0,0,0,0,0,0,0,0,0,0,0
AACAAACTTTCGTT-1,0,0,0,0,0,0,0,0,0,0,0,2,0,0,0,0,0,0,0,0,0,0,0,0,0,0,0,0
AACAATACGACGAG-1,0,0,0,0,0,1,2,0,0,2,0,2,1,0,0,2,0,2,2,0,0,0,0,2,2,0,3,3
AACACGTGCAGAGG-1,0,0,2,1,0,1,2,0,2,2,0,2,1,0,1,2,0,2,2,0,1,1,0,2,2,0,3,3
AACACGTGGAAAGT-1,0,0,0,0,0,0,0,0,0,0,0,2,0,0,0,0,0,0,0,0,0,0,0,0,0,0,0,0
AACACGTGGAACCT-1,1,3,6,7,4,7,6,2,6,7,3,6,6,2,7,6,2,6,6,2,6,6,5,6,7,3,6,6
AACACGTGGCTACA-1,0,0,0,0,0,0,0,0,0,0,0,0,0,0,0,0,0,0,0,0,0,0,0,0,0,0,0,0
AACACGTGTACGAC-1,4,2,3,5,2,4,3,2,3,4,4,3,3,2,4,3,2,3,3,4,4,3,3,3,5,3,4,4
AACAGCACAAGAGT-1,1,3,6,7,4,7,6,2,6,7,3,6,6,2,7,6,2,6,6,2,6,6,5,6,7,3,6,6
AACATTGATGGGAG-1,4,2,3,5,2,4,3,2,3,4,4,3,3,2,4,3,2,3,3,4,4,3,3,3,5,3,4,4
AACCAGTGATACCG-1,4,2,3,5,2,4,3,2,3,4,4,3,3,2,4,3,2,3,3,4,4,3,3,3,5,3,4,4
AACCCAGATCGCTC-1,0,0,0,0,0,0,0,0,0,0,0,2,0,0,0,0,0,0,0,0,0,0,0,0,0,0,0,0
AACCGATGCTCCCA-1,0,0,2,1,0,1,2,0,0,2,0,2,1,0,1,2,0,2,2,0,1,1,0,2,2,0,3,3
AACCGATGGTCATG-1,3,1,1,3,1,2,1,1,1,1,2,1,2,1,2,1,1,1,1,1,2,2,2,1,3,2,2,2
AACCGATGTTCTAC-1,1,3,6,7,4,7,6,2,6,7,3,6,6,2,7,6,2,6,6,2,6,6,5,6,7,3,6,6
AACCGCCTAGCGTT-1,0,0,2,1,0,1,2,0,2,2,0,2,1,0,1,2,0,2,2,0,1,1,0,2,2,0,3,3
AACCGCCTCTACGA-1,1,2,3,5,4,7,6,2,6,7,3,6,6,2,7,6,2,6,6,2,6,6,5,6,7,3,6,6
AACCTACTGTGAGG-1,1,3,6,7,4,7,6,2,6,7,3,6,6,2,7,6,2,6,6,2,6,6,5,6,7,3,6,6
AACCTACTGTGTTG-1,0,0,0,0,0,0,0,0,0,0,0,0,0,0,0,0,0,0,0,0,0,0,0,0,0,0,0,0
AACCTTACGAGACG-1,0,0,0,0,0,0,0,0,0,0,0,2,0,0,0,0,0,0,0,0,0,0,0,0,0,0,0,0
AACCTTACGCGAGA-1,2,4,4,6,3,5,4,4,4,5,1,4,4,3,5,4,5,4,4,3,5,4,4,4,6,1,5,5
AACCTTACTAACGC-1,4,2,3,5,2,4,3,2,3,4,4,3,3,2,4,3,2,3,3,4,4,3,3,3,5,3,4,4
AACCTTTGGACGGA-1,0,0,0,0,0,0,0,0,0,0,0,2,0,0,0,0,0,0,0,0,0,0,0,0,0,0,0,0
AACCTTTGTACGCA-1,4,2,3,5,2,4,3,2,3,4,4,3,3,2,4,3,2,3,3,4,4,3,3,3,5,3,4,4
AACGCAACAAGTAG-1,0,0,0,1,0,1,2,0,0,2,0,2,1,0,0,2,0,2,2,0,0,0,0,2,2,0,3,3
AACGCATGACCCAA-1,0,0,0,0,0,0,0,0,0,0,0,2,0,0,0,0,0,0,0,0,0,0,0,0,0,0,0,0
AACGCATGCCTTCG-1,0,0,0,0,0,0,0,0,0,0,0,0,0,0,0,0,0,0,0,0,0,0,0,0,0,0,0,0
AACGCATGTACTTC-1,0,0,2,1,0,1,2,0,0,2,0,2,1,0,1,2,0,2,2,0,1,1,0,2,2,0,3,3
AACGCCCTCGGGAA-1,0,0,2,1,0,1,2,0,2,2,0,2,1,0,1,2,0,2,2,0,1,1,0,2,2,0,3,3
AACGCCCTCGTACA-1,2,4,4,6,3,5,4,4,4,5,1,4,4,3,5,4,5,4,4,3,5,4,4,4,6,1,5,5
AACGCCCTGCTTAG-1,3,1,1,3,1,2,1,1,1,1,2,1,2,1,2,1,1,1,1,1,2,2,2,1,3,2,2,2
AACGCCCTGGCATT-1,0,0,2,1,0,1,2,0,2,2,0,2,1,0,1,2,0,2,2,0,1,1,0,2,2,0,3,3
AACGTCGAGTATCG-1,2,4,4,6,3,5,4,4,4,5,1,4,4,3,5,4,5,4,4,3,5,4,4,4,6,1,5,5
AACGTGTGAAAGCA-1,0,0,0,1,0,1,2,0,2,2,0,2,1,0,1,2,0,2,2,0,1,1,0,2,2,0,3,3
AACGTGTGGCGGAA-1,3,1,1,3,1,2,1,1,1,1,2,1,2,1,2,1,1,1,1,1,2,2,2,1,3,2,2,2
AACGTGTGTCCAAG-1,0,0,0,1,0,1,2,0,0,0,0,2,1,0,0,2,0,2,2,0,1,1,0,2,2,0,0,3
AACGTGTGTGCTTT-1,0,0,2,1,0,1,2,0,2,2,0,2,1,0,1,2,0,2,2,0,1,1,0,2,2,0,3,3
AACTACCTTAGAGA-1,0,0,0,1,0,1,2,0,0,0,0,2,1,0,0,0,0,2,2,0,0,1,0,2,2,0,3,3
AACTCACTCAAGCT-1,1,3,6,7,4,7,6,2,6,7,3,6,6,2,7,6,2,6,6,2,6,6,5,6,7,3,6,6
AACTCACTTGGAGG-1,1,3,6,7,4,7,6,2,6,7,3,6,6,2,7,6,2,6,6,2,6,6,5,6,7,3,6,6
AACTCGGAAAGTGA-1,2,4,5,2,3,6,5,4,5,6,1,5,5,3,6,5,5,5,5,3,3,5,4,5,1,1,1,1
AACTCGGAAGGTCT-1,1,3,6,7,4,7,6,2,6,7,3,6,6,2,7,6,2,6,6,2,6,6,5,6,7,3,6,6
AACTCTTGCAGGAG-1,0,0,0,1,0,1,2,0,0,0,0,2,1,0,0,2,0,2,2,0,1,1,0,2,2,0,0,3
AACTGTCTCCCTTG-1,1,3,6,7,4,7,6,2,6,7,3,6,6,2,7,6,2,6,6,2,6,6,5,6,7,3,6,6
AACTTGCTACGCTA-1,3,1,1,3,1,2,1,1,1,1,2,1,2,1,2,1,1,1,1,1,2,2,2,1,3,2,2,2
AACTTGCTGGGACA-1,0,0,0,0,0,0,0,0,0,0,0,2,0,0,0,0,0,0,0,0,0,0,0,0,0,0,0,0
AAGAACGAGTGTTG-1,0,0,0,0,0,0,0,0,0,0,0,0,0,0,0,0,0,0,0,0,0,0,0,0,0,0,0,0
AAGAAGACGTAGGG-1,3,1,1,3,1,2,1,1,1,1,2,1,2,1,2,1,1,1,1,1,2,2,2,1,3,2,2,2
AAGACAGAAGTCTG-1,3,1,1,3,1,2,1,1,1,1,2,1,2,1,2,1,1,1,1,1,2,2,2,1,3,2,2,2
AAGACAGAGGATCT-1,0,0,0,0,0,0,0,0,0,0,0,2,0,0,0,0,0,0,0,0,0,0,0,0,0,0,0,0
AAGACAGATTACCT-1,1,3,6,7,4,7,6,2,6,7,3,6,6,2,7,6,2,6,6,2,6,6,5,6,7,3,6,6
AAGAGATGGGTAGG-1,3,1,1,3,1,2,1,1,1,1,2,1,2,1,2,1,1,1,1,1,2,2,2,1,3,2,2,2
AAGATGGAAAACAG-1,3,1,1,3,1,2,1,1,1,1,2,1,2,1,2,1,1,1,1,1,2,2,2,1,3,2,2,2
AAGATGGAGAACTC-1,1,3,6,7,4,7,6,2,6,7,3,6,6,2,7,6,2,6,6,2,6,6,5,6,7,3,6,6
AAGATGGAGATAAG-1,1,3,6,7,4,7,6,2,6,7,3,6,6,2,7,6,2,6,6,2,6,6,5,6,7,3,6,6
AAGATTACAACCTG-1,0,0,0,0,0,0,0,0,0,0,0,0,0,0,0,0,0,0,0,0,0,0,0,0,0,0,0,0
AAGATTACAGATCC-1,1,3,6,7,4,7,6,2,6,7,3,6,6,2,7,6,2,6,6,2,6,6,5,6,7,3,6,6
AAGATTACCCGTTC-1,1,3,6,7,4,7,6,2,6,7,3,6,6,2,7,6,2,6,6,2,6,6,5,6,7,3,6,6
AAGATTACCGCCTT-1,5,5,7,8,5,8,7,5,7,3,5,7,7,4,8,7,3,7,7,5,7,7,6,7,8,5,7,7
AAGATTACCTCAAG-1,2,4,4,6,3,5,4,4,4,5,1,4,4,3,5,4,5,4,4,3,5,4,4,4,6,1,5,5
AAGATTACTCCTCG-1,1,3,6,7,4,7,6,2,6,7,3,6,6,2,7,6,2,6,6,2,6,6,5,6,7,3,6,6
AAGCAAGAGCGAGA-1,0,0,2,1,0,1,2,0,2,2,0,2,1,0,1,2,0,2,2,0,1,1,0,2,2,0,3,3
AAGCAAGAGCTTAG-1,2,4,5,2,3,6,5,4,5,6,1,5,5,3,6,5,5,5,5,3,3,5,4,5,1,1,1,1
AAGCAAGAGGTGTT-1,2,4,4,6,3,5,4,4,4,5,1,4,4,3,5,4,5,4,4,3,5,4,4,4,6,1,5,5
AAGCACTGAGCAAA-1,3,1,1,3,1,2,1,1,1,1,2,1,2,1,2,1,1,1,1,1,2,2,2,1,3,2,2,2
AAGCACTGCATACG-1,0,4,5,2,0,0,0,0,0,0,1,0,5,0,0,0,0,0,0,3,3,5,0,0,0,0,0,0
AAGCACTGGTTCTT-1,3,1,1,3,1,2,1,1,1,1,2,1,2,1,2,1,1,1,1,1,2,2,2,1,3,2,2,2
AAGCCAACGTGTTG-1,0,0,0,0,0,0,0,0,0,0,0,0,0,0,0,0,0,0,0,0,0,0,0,0,0,0,0,0
AAGCCATGAACTGC-1,5,5,7,8,5,8,7,5,7,3,5,7,7,4,8,7,3,7,7,5,7,7,6,7,8,5,7,7
AAGCCATGACACGT-1,1,3,6,7,4,7,6,2,6,7,3,6,6,2,7,6,2,6,6,2,6,6,5,6,7,3,6,6
AAGCCATGCGTGAT-1,0,0,0,1,0,0,0,0,0,2,0,2,0,0,0,2,0,0,0,0,0,0,0,0,0,0,3,0
AAGCCATGTCTCGC-1,2,0,0,0,0,0,0,0,0,0,0,0,5,0,0,0,0,0,0,0,0,5,0,0,0,0,0,0
AAGCCTGACATGCA-1,0,0,2,1,0,1,2,0,2,2,0,2,1,0,1,2,0,2,2,0,1,1,0,2,2,0,3,3
AAGCCTGACCGAAT-1,1,3,6,7,4,7,6,2,6,7,3,6,6,2,7,6,2,6,6,2,6,6,5,6,7,3,6,6
AAGCGACTCCTCAC-1,4,2,3,5,2,4,3,2,3,4,4,3,3,2,4,3,2,3,3,4,4,3,3,3,5,3,4,4
AAGCGACTGTGTCA-1,0,0,0,0,0,0,0,0,0,0,0,0,0,0,0,0,0,0,0,0,0,0,0,0,0,0,0,0
AAGCGACTTACAGC-1,3,1,1,3,1,2,1,1,1,1,2,1,2,1,2,1,1,1,1,1,2,2,2,1,3,2,2,2
AAGCGACTTTGACG-1,4,2,3,5,2,4,3,2,3,4,4,3,3,2,4,3,2,3,3,4,4,3,3,3,5,3,4,4
AAGCGTACGTCTTT-1,0,0,0,0,0,0,0,0,0,0,0,0,0,0,0,0,0,0,0,0,0,0,0,0,0,0,0,0
AAGGCTTGCGAACT-1,2,4,5,2,3,6,5,4,5,6,1,5,5,3,6,5,5,5,5,3,3,5,4,5,1,1,1,1
AAGGTCACGGTTAC-1,1,3,6,7,4,7,6,2,6,7,3,6,6,2,7,6,2,6,6,2,6,6,5,6,7,3,6,6
AAGGTCACTGTTTC-1,3,1,1,3,1,2,1,1,1,1,2,1,2,1,2,1,1,1,1,1,2,2,2,1,3,2,2,2
AAGGTCACTTCCCG-1,2,4,5,2,3,6,5,4,5,6,1,5,5,3,6,5,5,5,5,3,3,5,4,5,1,1,1,1
AAGGTCTGACAGTC-1,0,0,2,1,0,1,2,0,2,2,0,2,1,0,1,2,0,2,2,0,1,1,0,2,2,0,3,3
AAGGTCTGCAGATC-1,0,0,0,0,0,0,0,0,0,0,0,0,0,0,0,0,0,0,0,0,0,0,0,0,0,0,0,0
AAGGTCTGGTATGC-1,1,3,6,7,4,7,6,2,6,7,3,6,6,2,7,6,2,6,6,2,6,6,5,6,7,3,6,6
AAGTAACTCTGAAC-1,1,3,6,7,4,7,6,2,6,7,3,6,6,2,7,6,2,6,6,2,6,6,5,6,7,3,6,6
AAGTAACTGAGATA-1,3,1,1,3,1,2,1,1,1,1,2,1,2,1,2,1,1,1,1,1,2,2,2,1,3,2,2,2
AAGTAGGATACAGC-1,2,4,4,6,3,5,4,4,4,5,1,4,4,3,5,4,5,4,4,3,5,4,4,4,6,1,5,5
AAGTATACCGAACT-1,0,0,2,1,0,1,2,0,0,0,0,2,1,0,0,0,0,0,0,0,1,1,0,2,0,0,0,0
AAGTCCGACTTGTT-1,0,0,0,0,0,0,0,0,0,0,0,0,0,0,0,0,0,0,0,0,0,0,0,0,0,0,0,0
AAGTCCGATAGAAG-1,0,0,0,0,0,0,0,0,0,0,0,2,0,0,0,0,0,0,0,0,0,0,0,0,0,0,0,0
AAGTCTCTAGTCGT-1,0,0,0,0,0,0,0,0,0,0,0,0,0,0,0,0,0,0,0,0,0,0,0,0,0,0,0,0
AAGTCTCTCGGAGA-1,2,4,5,2,3,6,5,4,5,6,1,5,5,3,6,5,5,5,5,3,3,5,4,5,1,1,1,1
AAGTGGCTTGGAGG-1,3,1,1,3,1,2,1,1,1,1,2,1,2,1,2,1,1,1,1,1,2,2,2,1,3,2,2,2
AAGTTCCTCATTCT-1,4,2,3,5,2,4,3,2,3,4,4,3,3,2,4,3,2,3,3,4,4,3,3,3,5,3,4,4
AAGTTCCTTCTTAC-1,0,0,2,1,0,1,5,0,5,6,0,2,1,0,0,2,0,2,2,0,1,1,0,5,1,0,3,1
AATAAGCTCGAATC-1,0,0,2,1,0,1,2,0,2,2,0,2,1,0,1,2,0,2,2,0,1,1,0,2,2,0,3,3
AATAAGCTCGTTGA-1,0,0,0,0,0,0,0,0,0,0,0,0,0,0,0,0,0,0,0,0,0,0,0,0,0,0,0,0
AATACCCTGGACGA-1,3,1,1,3,1,2,1,1,1,1,2,1,2,1,2,1,1,1,1,1,2,2,2,1,3,2,2,2
AATACCCTGGCATT-1,0,0,0,0,0,0,0,0,0,0,0,2,0,0,0,0,0,0,0,0,0,0,0,0,0,0,0,0
AATACTGAAAGGGC-1,2,4,5,2,3,6,5,4,5,6,1,5,5,3,6,5,5,5,5,3,3,5,4,5,1,1,1,1
AATACTGAATTGGC-1,2,4,4,6,3,5,4,4,4,5,1,4,4,3,5,4,5,4,4,3,5,4,4,4,6,1,5,5
AATAGGGAACCCTC-1,3,1,1,3,1,2,1,1,1,1,2,1,2,1,2,1,1,1,1,1,2,2,2,1,3,2,2,2
AATAGGGAGAATGA-1,2,4,5,2,3,6,5,4,5,6,1,5,5,3,6,5,5,5,5,3,3,5,4,5,1,1,1,1
AATCAAACTATCGG-1,2,4,5,2,3,6,5,4,5,6,1,5,5,3,6,5,5,5,5,3,3,5,4,5,1,1,1,1
AATCCGGAATGCTG-1,3,1,1,3,1,2,1,1,1,1,2,1,2,1,2,1,1,1,1,1,2,2,2,1,3,2,2,2
AATCCTACCGGTAT-1,0,0,2,1,0,1,2,0,2,2,0,2,1,0,1,2,0,2,2,0,1,1,0,2,2,0,3,3
AATCCTTGACGGGA-1,1,3,6,7,4,7,6,2,6,7,3,6,6,2,7,6,2,6,6,2,6,6,5,6,7,3,6,6
AATCCTTGGTGAGG-1,2,4,4,6,3,5,4,4,4,5,1,4,4,3,5,4,5,4,4,3,5,4,4,4,6,1,5,5
AATCGGTGGAACTC-1,2,4,5,2,3,6,5,4,5,6,1,5,5,3,6,5,5,5,5,3,3,5,4,5,1,1,1,1
AATCGGTGTGCTTT-1,0,0,0,0,0,0,0,0,0,0,0,2,0,0,0,0,0,0,0,0,0,0,0,0,0,0,0,0
AATCTAGAAAAGTG-1,0,0,2,1,0,1,2,0,2,2,0,0,1,0,1,2,0,2,2,0,1,1,0,2,2,0,3,3
AATCTAGAATCGGT-1,0,0,0,0,0,0,0,0,0,0,0,2,0,0,0,0,0,0,0,0,0,0,0,0,0,0,0,0
AATCTCACAGCCTA-1,1,3,6,7,4,7,6,2,6,7,3,6,6,2,7,6,2,6,6,2,6,6,5,6,7,3,6,6
AATCTCACTCTAGG-1,0,0,0,0,0,0,0,0,0,0,0,0,0,0,0,2,0,0,0,0,0,0,0,0,0,0,3,0
AATCTCTGAACAGA-1,0,0,0,0,0,0,0,0,0,0,0,0,0,0,0,0,0,0,0,0,0,0,0,0,0,0,0,0
AATCTCTGCTTTAC-1,2,4,4,6,3,5,4,4,4,5,1,4,4,3,5,4,5,4,4,3,5,4,4,4,6,1,5,5
AATGATACACCAAC-1,2,4,5,2,3,6,5,4,5,6,1,5,5,3,6,5,5,5,5,3,3,5,4,5,1,1,1,1
AATGATACGGTCAT-1,1,3,6,7,4,7,6,2,6,7,3,6,6,2,7,6,2,6,6,2,6,6,5,6,7,3,6,6
AATGCGTGACACCA-1,3,1,1,3,1,2,1,1,1,1,2,1,2,1,2,1,1,1,1,1,2,2,2,1,3,2,2,2
AATGCGTGGACGGA-1,5,5,7,8,5,8,7,5,7,3,5,7,7,4,8,7,3,7,7,5,7,7,6,7,8,5,7,7
AATGCGTGGCTATG-1,3,1,1,3,1,2,1,1,1,1,2,1,2,1,2,1,1,1,1,1,2,2,2,1,3,2,2,2
AATGGAGAATCGTG-1,1,3,6,7,4,7,6,2,6,7,3,6,6,2,7,6,2,6,6,2,6,6,5,6,7,3,6,6
AATGGAGATCCTTA-1,2,4,5,2,3,6,5,4,5,6,1,5,5,3,6,5,5,5,5,3,3,5,4,5,1,1,1,1
AATGGCTGACACCA-1,3,1,1,3,1,2,1,1,1,1,2,1,2,1,2,1,1,1,1,1,2,2,2,1,3,2,2,2
AATGGCTGCGTGAT-1,0,0,2,1,0,1,2,0,2,2,0,2,1,0,1,2,0,2,2,0,1,1,0,2,2,0,3,3
AATGGCTGTAAAGG-1,0,0,2,1,0,6,5,0,5,6,0,5,1,0,1,5,0,5,5,0,1,1,0,5,1,0,1,0
AATGGCTGTACTCT-1,2,4,5,2,3,6,5,4,5,6,1,5,5,3,6,5,5,5,5,3,3,5,4,5,1,1,1,1
AATGGCTGTGAAGA-1,0,0,0,0,0,1,2,0,0,2,0,2,1,0,0,2,0,2,2,0,1,0,0,2,0,0,3,3
AATGTAACGGTGGA-1,0,0,0,1,0,1,2,0,0,2,0,2,1,0,0,2,0,2,2,0,1,1,0,2,2,0,3,3
AATGTAACGTTTGG-1,2,4,5,2,3,6,5,4,5,6,1,5,5,3,6,5,5,5,5,3,3,5,4,5,1,1,1,1
AATGTCCTCTTCTA-1,0,0,0,1,0,1,5,0,0,2,0,0,5,0,0,2,0,2,2,0,0,5,0,0,2,0,3,3
AATGTTGACAGTCA-1,0,0,2,1,0,1,2,0,2,2,0,2,1,0,1,2,0,2,2,0,1,1,0,2,2,0,3,3
AATGTTGAGTTGAC-1,1,3,6,7,4,7,6,2,6,7,3,6,6,2,7,6,2,6,6,2,6,6,5,6,7,3,6,6
AATGTTGATCTACT-1,0,0,2,1,0,1,2,0,2,2,0,2,1,0,1,2,0,2,2,0,1,1,0,2,2,0,3,3
AATTACGAATTCCT-1,5,5,7,8,5,8,7,5,7,3,5,7,7,4,8,7,3,7,7,5,7,7,6,7,8,5,7,7
AATTACGACTTCTA-1,0,0,0,0,0,0,0,0,0,0,0,2,0,0,0,0,0,0,0,0,0,0,0,0,0,0,0,0
AATTACGAGTAGCT-1,2,4,5,2,3,6,5,4,5,6,1,5,5,3,6,5,5,5,5,3,3,5,4,5,1,1,1,1
AATTACGAGTGAGG-1,0,0,2,1,0,1,2,0,2,2,0,2,1,0,1,2,0,2,2,0,1,1,0,2,2,0,3,3
AATTACGATTGGCA-1,3,1,1,3,1,2,1,1,1,1,2,1,2,1,2,1,1,1,1,1,2,2,2,1,3,2,2,2
AATTCCTGCTCAGA-1,3,1,1,3,1,2,1,1,1,1,2,1,2,1,2,1,1,1,1,1,2,2,2,1,3,2,2,2
AATTGATGTCGCAA-1,4,2,3,5,2,4,3,2,3,4,4,3,3,2,4,3,2,3,3,4,4,3,3,3,5,3,4,4
AATTGTGACTTGGA-1,3,1,1,3,1,2,1,1,1,1,2,1,2,1,2,1,1,1,1,1,2,2,2,1,3,2,2,2
ACAAAGGAGGGTGA-1,0,0,0,0,0,0,0,0,0,0,0,0,0,0,0,0,0,0,0,0,0,0,0,0,0,0,0,0
ACAAATTGATTCTC-1,4,2,3,5,2,4,3,2,3,4,4,3,3,2,4,3,2,3,3,4,4,3,3,3,5,3,4,4
ACAAATTGCTCAGA-1,1,3,6,7,4,7,6,2,6,7,3,6,6,2,7,6,2,6,6,2,6,6,5,6,7,3,6,6
ACAAATTGTTGCGA-1,2,4,4,6,3,5,4,4,4,5,1,4,4,3,5,4,5,4,4,3,5,4,4,4,6,1,5,5
ACAACCGAGGGATG-1,2,4,4,6,3,5,4,4,4,5,1,4,4,3,5,4,5,4,4,3,5,4,4,4,6,1,5,5
ACAACCGAGTTACG-1,0,0,2,1,0,1,2,0,0,2,0,2,1,0,1,2,0,2,2,0,1,1,0,2,2,0,3,3
ACAAGAGAAGTCGT-1,1,3,6,7,4,7,6,2,6,7,3,6,6,2,7,6,2,6,6,2,6,6,5,6,7,3,6,6
ACAAGAGACTTATC-1,0,0,0,0,0,0,0,0,0,0,0,0,0,0,0,0,0,0,0,0,0,0,0,0,0,0,0,0
ACAAGAGAGTTGAC-1,3,1,1,3,1,2,1,1,1,1,2,1,2,1,2,1,1,1,1,1,2,2,2,1,3,2,2,2
ACAATCCTAACCGT-1,0,0,2,1,0,1,2,0,2,2,0,2,1,0,1,2,0,2,2,0,1,1,0,2,2,0,3,3
ACAATCCTTAGCGT-1,3,1,1,3,1,2,1,1,1,1,2,1,2,1,2,1,1,1,1,1,2,2,2,1,3,2,2,2
ACAATTGACTGACA-1,2,4,5,2,3,6,5,4,5,6,1,5,5,3,6,5,5,5,5,3,3,5,4,5,1,1,1,1
ACAATTGATGACTG-1,2,4,4,6,3,5,4,4,4,5,1,4,4,3,5,4,5,4,4,3,5,4,4,4,6,1,5,5
ACACAGACACCTGA-1,1,3,6,7,4,7,6,2,6,7,3,6,6,2,7,6,2,6,6,2,6,6,5,6,7,3,6,6
ACACAGACCATACG-1,2,4,5,2,3,6,5,4,5,6,1,5,5,3,6,5,5,5,5,3,3,5,4,5,1,1,1,1
ACACCAGAGGGCAA-1,0,4,0,2,3,6,5,4,5,6,1,5,5,3,6,5,5,5,5,0,3,5,4,5,1,1,1,1
ACACCCTGGTGTTG-1,2,4,4,6,3,5,4,4,4,5,1,4,4,3,5,4,5,4,4,3,5,4,4,4,6,1,5,5
ACACGAACAGTTCG-1,0,0,2,2,0,0,0,0,0,0,0,0,0,0,0,0,0,0,0,0,0,0,0,0,0,0,0,0
ACACGATGACGCAT-1,2,4,5,2,3,6,5,4,5,6,1,5,5,3,6,5,5,5,5,3,3,5,4,5,1,1,1,1
ACACGATGATGTGC-1,1,3,6,7,4,7,6,2,6,7,3,6,6,2,7,6,2,6,6,2,6,6,5,6,7,3,6,6
ACACGATGTCGTAG-1,2,4,5,2,3,6,5,4,5,6,1,5,5,3,6,5,5,5,5,3,3,5,4,5,1,1,1,1
ACACGATGTGGTCA-1,2,4,5,2,3,6,5,4,5,6,1,5,5,3,6,5,5,5,5,3,3,5,4,5,1,1,1,1
ACAGACACGGCATT-1,0,0,5,1,0,6,5,0,5,6,0,5,5,0,6,2,0,5,5,3,1,5,0,5,1,0,1,1
ACAGACACGTTGTG-1,0,0,2,1,0,1,2,0,0,2,0,2,1,0,0,2,0,2,2,0,1,1,0,2,2,0,3,3
ACAGCAACACCTAG-1,1,3,6,7,4,7,6,2,6,7,3,6,6,2,7,6,2,6,6,2,6,6,5,6,7,3,6,6
ACAGCAACCTCAAG-1,4,2,3,5,2,4,3,2,3,4,4,3,3,2,4,3,2,3,3,4,4,3,3,3,5,3,4,4
ACAGGTACCCCACT-1,0,0,0,1,0,1,2,0,0,2,0,2,1,0,0,2,0,2,2,0,1,1,0,2,2,0,3,3
ACAGGTACGCTGTA-1,2,4,5,2,3,6,5,4,5,6,1,5,5,3,6,5,5,5,5,3,3,5,4,5,1,1,1,1
ACAGGTACTGGTGT-1,2,4,4,6,3,5,4,4,4,5,1,4,4,3,5,4,5,4,4,3,5,4,4,4,6,1,5,5
ACAGTCGACCCAAA-1,0,0,0,0,0,0,0,0,5,6,0,0,0,0,0,0,0,5,5,0,0,5,0,0,1,0,0,0
ACAGTCGACCGATA-1,2,4,5,2,3,6,5,4,5,6,1,5,5,3,6,5,5,5,5,3,3,5,4,5,1,1,1,1
ACAGTGACTCACCC-1,0,4,5,2,3,6,5,4,5,6,1,5,5,3,6,5,5,5,5,3,3,5,4,5,1,1,1,1
ACAGTGACTCTATC-1,2,4,5,2,3,6,5,4,5,6,1,5,5,3,6,5,5,5,5,3,3,5,4,5,1,1,1,1
ACAGTGTGGTCACA-1,0,0,0,0,0,0,0,0,0,0,0,0,0,0,0,0,0,0,0,0,0,0,0,0,0,0,0,0
ACAGTGTGTTGCGA-1,1,3,6,7,4,7,6,2,6,7,3,6,6,2,7,6,2,6,6,2,6,6,5,6,7,3,6,6
ACATCACTCTACTT-1,1,3,6,7,4,7,6,2,6,7,3,6,6,2,7,6,2,6,6,2,6,6,5,6,7,3,6,6
ACATGGTGAAGCCT-1,0,0,0,0,0,0,0,0,0,0,0,2,0,0,0,0,0,0,0,0,0,0,0,0,0,0,0,0
ACATGGTGCAACCA-1,3,1,1,3,1,2,1,1,1,1,2,1,2,1,2,1,1,1,1,1,2,2,2,1,3,2,2,2
ACATGGTGCGAGTT-1,0,0,0,0,0,0,0,0,0,0,0,2,0,0,0,0,0,2,0,0,0,0,0,0,0,0,0,0
ACATGGTGCGTTGA-1,2,4,5,2,3,6,5,4,5,6,1,5,5,3,6,5,5,5,5,3,3,5,4,5,1,1,1,1
ACATTCTGGCATAC-1,0,0,0,1,0,1,2,0,0,2,0,2,1,0,0,2,0,2,2,0,1,1,0,2,2,0,3,3
ACATTCTGGGAACG-1,1,3,6,7,4,7,6,2,6,7,3,6,6,2,7,6,2,6,6,2,6,6,5,6,7,3,6,6
ACCAACGACATGCA-1,0,0,0,0,0,0,0,0,0,0,0,0,0,0,0,0,0,0,0,0,0,0,0,0,0,0,0,0
ACCACAGAAAGTAG-1,0,0,0,0,0,0,0,0,0,0,0,0,0,0,0,0,0,0,0,0,0,0,0,0,0,0,0,0
ACCACAGAGTTGGT-1,0,0,0,0,0,0,0,0,0,2,0,2,0,0,0,0,0,2,2,0,0,0,0,2,0,0,3,3
ACCACCTGTGTGCA-1,0,0,0,0,0,0,0,0,0,0,0,0,0,0,0,0,0,0,0,0,0,0,0,0,0,0,0,0
ACCACGCTACAGCT-1,0,0,2,1,0,1,2,0,0,2,0,2,1,0,1,2,0,2,2,0,1,1,0,2,2,0,3,3
ACCACGCTACCCAA-1,2,4,5,2,3,6,5,4,5,6,1,5,5,3,6,5,5,5,5,3,3,5,4,5,1,1,1,1
ACCACGCTGCGAGA-1,0,0,0,0,0,0,0,0,0,0,0,2,0,0,0,0,0,0,0,0,0,0,0,0,0,0,0,0
ACCACGCTGCTGTA-1,0,0,0,1,0,1,2,0,0,0,0,2,1,0,0,2,0,2,2,0,1,1,0,2,2,0,0,3
ACCAGCCTGACAGG-1,0,0,2,1,0,1,2,0,0,2,0,2,1,0,1,2,0,2,2,0,1,1,0,2,2,0,3,3
ACCAGTGAACGGTT-1,3,1,1,3,1,2,1,1,1,1,2,1,2,1,2,1,1,1,1,1,2,2,2,1,3,2,2,2
ACCAGTGAATACCG-1,4,2,3,5,2,4,3,2,3,4,4,3,3,2,4,3,2,3,3,4,4,3,3,3,5,3,4,4
ACCAGTGAGGGATG-1,0,0,0,1,0,0,0,0,0,0,0,2,1,0,0,0,0,0,0,0,0,0,0,0,2,0,0,0
ACCAGTGATGACTG-1,1,3,6,7,4,7,6,2,6,7,3,6,6,2,7,6,2,6,6,2,6,6,5,6,7,3,6,6
ACCATTACCTTCTA-1,0,0,2,1,0,1,2,0,2,2,0,2,1,0,1,2,0,2,2,0,1,1,0,2,2,0,3,3
ACCATTACGAGATA-1,0,0,2,1,0,1,2,0,2,2,0,2,1,0,1,2,0,2,2,0,1,1,0,2,2,0,3,3
ACCATTTGTCATTC-1,0,0,0,0,0,0,0,0,0,0,0,2,0,0,0,0,0,0,0,0,0,0,0,0,0,0,0,0
ACCCAAGAACTGTG-1,2,4,5,2,3,6,5,4,5,6,1,5,5,3,6,5,5,5,5,3,3,5,4,5,1,1,1,1
ACCCAAGAATTCCT-1,4,2,3,5,2,4,3,2,3,4,4,3,3,2,4,3,2,3,3,4,4,3,3,3,5,3,4,4
ACCCAAGAGGACAG-1,0,0,0,1,0,1,2,0,0,2,0,2,1,0,0,2,0,2,2,0,0,0,0,2,2,0,0,3
ACCCAAGATTCACT-1,3,1,1,3,1,2,1,1,1,1,2,1,2,1,2,1,1,1,1,1,2,2,2,1,3,2,2,2
ACCCACTGCGCCTT-1,1,3,6,7,4,7,6,2,6,7,3,6,6,2,7,6,2,6,6,2,6,6,5,6,7,3,6,6
ACCCACTGGACAGG-1,0,0,0,0,0,0,0,0,0,0,0,0,0,0,0,0,0,0,0,0,0,0,0,0,0,0,0,0
ACCCACTGGTTCAG-1,6,6,8,9,6,9,8,3,8,8,6,8,8,5,9,8,4,8,8,6,8,8,7,8,9,4,8,8
ACCCACTGTCGTAG-1,1,3,6,7,4,7,6,2,6,7,3,6,6,2,7,6,2,6,6,2,6,6,5,6,7,3,6,6
ACCCAGCTCAGAAA-1,0,0,0,0,0,0,0,0,0,2,0,2,0,0,0,0,0,2,2,0,1,0,0,2,0,0,3,3
ACCCAGCTGTTAGC-1,1,3,6,7,4,7,6,2,6,7,3,6,6,2,7,6,2,6,6,2,6,6,5,6,7,3,6,6
ACCCAGCTTGCTTT-1,0,0,0,1,0,1,2,0,0,2,0,2,1,0,0,2,0,2,2,0,0,0,0,2,2,0,3,3
ACCCGTTGATGACC-1,3,1,1,3,1,2,1,1,1,1,2,1,2,1,2,1,1,1,1,1,2,2,2,1,3,2,2,2
ACCCGTTGCTGCAA-1,0,0,0,0,0,0,0,0,0,0,0,0,0,0,0,0,0,0,0,0,0,0,0,0,0,0,0,0
ACCCGTTGCTTCTA-1,5,5,7,8,5,8,7,5,7,3,5,7,7,4,8,7,3,7,7,5,7,7,6,7,8,5,7,7
ACCCTCGACCTATT-1,0,0,0,1,0,1,2,0,0,2,0,2,1,0,0,2,0,2,2,0,0,0,0,2,2,0,3,3
ACCCTCGACGGTAT-1,3,1,1,3,1,2,1,1,1,1,2,1,2,1,2,1,1,1,1,1,2,2,2,1,3,2,2,2
ACCCTCGATAAGGA-1,1,3,6,7,4,7,6,2,6,7,3,6,6,2,7,6,2,6,6,2,6,6,5,6,7,3,6,6
ACCCTCGATCAAGC-1,1,3,6,7,4,7,3,2,6,4,3,6,6,2,4,3,2,6,3,2,6,3,5,3,7,3,6,4
ACCGTGCTACCAGT-1,0,0,0,0,0,0,2,0,0,0,0,2,0,0,0,0,0,0,0,0,0,0,0,0,0,0,3,0
ACCGTGCTGGAACG-1,3,1,1,3,1,2,1,1,1,1,2,1,2,1,2,1,1,1,1,1,2,2,2,1,3,2,2,2
ACCTATTGCTGAGT-1,3,1,1,3,1,2,1,1,1,1,2,1,2,1,2,1,1,1,1,1,2,2,2,1,3,2,2,2
ACCTATTGTGCCCT-1,4,2,3,5,2,4,3,2,3,4,4,3,3,2,4,3,2,3,3,4,4,3,3,3,5,3,4,4
ACCTCCGAGTCCTC-1,0,0,2,1,0,1,2,0,2,2,0,2,1,0,1,2,0,2,2,0,1,1,0,2,2,0,3,3
ACCTCCGATATGCG-1,0,0,2,1,0,1,2,0,2,2,0,2,1,0,1,2,0,2,2,0,1,1,0,2,2,0,3,3
ACCTCCGATGCTGA-1,0,0,0,0,0,0,0,0,0,0,0,0,0,0,0,0,0,0,0,0,0,0,0,0,0,0,0,0
ACCTCGTGAACCAC-1,2,4,5,2,3,6,5,4,5,6,1,5,5,3,6,5,5,5,5,3,3,5,4,5,1,1,1,1
ACCTGAGATATCGG-1,1,3,6,9,4,9,8,2,6,7,3,6,8,2,9,8,2,6,6,2,6,8,5,8,9,3,6,6
ACCTGGCTAAGTAG-1,2,4,4,6,3,5,4,4,4,5,1,4,4,3,5,4,5,4,4,3,5,4,4,4,6,1,5,5
ACCTGGCTGTCTTT-1,1,3,6,7,4,7,3,2,6,7,3,6,6,2,7,3,2,6,6,2,6,3,5,6,7,3,6,6
ACCTTTGACTCCCA-1,1,3,6,7,4,7,6,2,6,7,3,6,6,2,7,6,2,6,6,2,6,6,5,6,7,3,6,6
ACCTTTGAGGAACG-1,1,3,6,7,4,7,6,2,6,7,3,6,6,2,7,6,2,6,6,2,6,6,5,6,7,3,6,6
ACCTTTGAGGAAGC-1,4,2,3,5,2,4,3,2,3,4,4,3,3,2,4,3,2,3,3,4,4,3,3,3,5,3,4,4
ACGAACACCTTGTT-1,2,4,4,6,3,5,4,4,4,5,1,4,4,3,5,4,5,4,4,3,5,4,4,4,6,1,5,5
ACGAACTGGCTATG-1,6,6,8,9,6,9,8,3,8,8,6,8,8,5,9,8,4,8,8,6,8,8,7,8,9,4,8,8
ACGAAGCTCTCCAC-1,0,0,0,0,0,0,0,0,0,0,0,0,0,0,0,0,0,0,0,0,0,0,0,0,0,0,0,0
ACGAAGCTCTGAGT-1,3,1,1,3,1,2,1,1,1,1,2,1,2,1,2,1,1,1,1,1,2,2,2,1,3,2,2,2
ACGACCCTATCTCT-1,4,2,3,5,2,4,3,2,3,4,4,3,3,2,4,3,2,3,3,4,4,3,3,3,5,3,4,4
ACGACCCTGATGAA-1,2,4,5,2,3,6,5,0,5,0,1,0,5,3,6,5,0,0,0,3,3,5,4,5,1,0,0,0
ACGACCCTTGACAC-1,3,1,1,3,1,2,1,1,1,1,2,1,2,1,2,1,1,1,1,1,2,2,2,1,3,2,2,2
ACGACCCTTGACCA-1,0,0,0,0,0,0,0,0,0,0,0,0,0,0,0,0,0,0,0,0,0,0,0,0,0,0,0,0
ACGAGGGACAGGAG-1,5,5,7,8,5,8,7,5,7,3,5,7,7,4,8,7,3,7,7,5,7,7,6,7,8,5,7,7
ACGAGGGACGAACT-1,0,0,0,0,0,0,0,0,0,0,0,2,0,0,0,0,0,0,0,0,0,0,0,0,0,0,0,0
ACGAGGGATGTAGC-1,0,0,2,1,0,1,2,0,2,2,0,2,1,0,1,2,0,2,2,0,1,1,0,2,2,0,3,3
ACGAGTACCCTAAG-1,3,1,1,3,1,2,1,1,1,1,2,1,2,1,2,1,1,1,1,1,2,2,2,1,3,2,2,2
ACGAGTACGAATCC-1,3,1,1,3,1,2,1,1,1,1,2,1,2,1,2,1,1,1,1,1,2,2,2,1,3,2,2,2
ACGATCGAGGACTT-1,2,4,4,6,3,5,4,4,4,5,1,4,4,3,5,4,5,4,4,3,5,4,4,4,6,1,5,5
ACGATCGAGTCACA-1,1,3,6,7,4,7,6,2,6,7,3,6,6,2,7,6,2,6,6,2,6,6,5,6,7,3,6,6
ACGATGACAATGCC-1,0,0,2,1,0,1,2,0,2,2,0,2,1,0,1,2,0,2,2,0,1,1,0,2,2,0,3,3
ACGATGACTGGTCA-1,0,0,2,1,0,1,2,0,2,2,0,2,1,0,1,2,0,2,2,0,1,1,0,2,2,0,3,3
ACGATTCTACGGGA-1,2,4,5,2,3,6,5,4,5,6,1,5,5,3,6,5,5,5,5,3,3,5,4,5,1,1,1,1
ACGCAATGGTTCAG-1,2,4,4,6,3,5,4,4,4,5,1,4,4,3,5,4,5,4,4,3,5,4,4,4,6,1,5,5
ACGCACCTGTTAGC-1,3,1,1,3,1,2,1,1,1,1,2,1,2,1,2,1,1,1,1,1,2,2,2,1,3,2,2,2
ACGCCACTGAACTC-1,1,3,6,7,4,7,6,2,6,7,3,6,6,2,7,6,2,6,6,2,6,6,5,6,7,3,6,6
ACGCCGGAAACCAC-1,1,3,6,7,4,7,6,2,6,7,3,6,6,2,7,6,2,6,6,2,6,6,5,6,7,3,6,6
ACGCCGGAAAGCCT-1,0,0,0,0,0,0,0,0,0,0,0,0,0,0,0,0,0,0,0,0,0,0,0,0,0,0,0,0
ACGCCGGAAATGCC-1,0,0,2,1,0,1,2,0,0,2,0,2,1,0,1,2,0,2,2,0,1,1,0,2,2,0,3,3
ACGCCTTGCTCCCA-1,4,2,3,5,2,4,3,2,3,4,4,3,3,2,4,3,2,3,3,4,4,3,3,3,5,3,4,4
ACGCGGTGGCGAGA-1,0,0,2,1,0,1,2,0,2,2,0,2,1,0,1,2,0,2,2,0,1,1,0,2,2,0,3,3
ACGCGGTGTGTGGT-1,3,1,1,3,1,2,1,1,1,1,2,1,2,1,2,1,1,1,1,1,2,2,2,1,3,2,2,2
ACGCGGTGTTTGCT-1,2,4,5,2,3,6,5,4,5,6,1,5,5,3,6,5,5,5,5,3,3,5,4,5,1,1,1,1
ACGCTCACAGTACC-1,0,0,0,0,0,0,0,0,0,0,0,2,0,0,0,0,0,0,0,0,0,0,0,0,0,0,0,0
ACGCTCACCCTTGC-1,0,0,0,1,0,1,2,0,0,0,0,2,1,0,0,2,0,2,2,0,0,1,0,2,2,0,3,3
ACGCTGCTGTTCTT-1,2,4,4,6,3,5,4,4,4,5,1,4,4,3,5,4,5,4,4,3,5,4,4,4,6,1,5,5
ACGGAACTCAGATC-1,2,4,4,6,3,5,4,4,4,5,1,4,4,3,5,4,5,4,4,3,5,4,4,4,6,1,5,5
ACGGAACTGTCGTA-1,4,2,3,5,2,4,3,2,3,4,4,3,3,2,4,3,2,3,3,4,4,3,3,3,5,3,4,4
ACGGAGGACTCTTA-1,1,3,6,7,4,7,6,2,6,7,3,6,6,2,7,6,2,6,6,2,6,6,5,6,7,3,6,6
ACGGATTGGGAGGT-1,3,1,1,3,1,2,1,1,1,1,2,1,2,1,2,1,1,1,1,1,2,2,2,1,3,2,2,2
ACGGATTGGTTAGC-1,0,0,2,1,0,1,2,0,2,2,0,2,1,0,1,2,0,2,2,0,1,1,0,2,2,0,3,3
ACGGCTCTGAGCAG-1,0,0,2,1,0,1,2,0,2,2,0,2,1,0,1,2,0,2,2,0,1,1,0,2,2,0,3,3
ACGGCTCTTGCACA-1,0,0,0,0,0,0,0,0,0,0,0,0,0,0,0,0,0,0,0,0,0,0,0,0,0,0,0,0
ACGGTAACCGCTAA-1,0,0,2,1,0,1,2,0,2,2,0,2,1,0,1,2,0,2,2,0,1,1,0,2,2,0,3,3
ACGGTAACCTTCGC-1,2,4,5,2,3,6,5,4,5,6,1,5,5,3,6,5,5,5,5,3,3,5,4,5,1,1,1,1
ACGGTAACGGTGGA-1,0,0,0,0,0,0,0,0,0,0,0,0,0,0,0,0,0,0,0,0,0,0,0,0,0,0,0,0
ACGGTAACTCGCAA-1,2,4,5,2,3,6,5,4,5,6,1,5,5,3,6,5,5,5,5,3,3,5,4,5,1,1,1,1
ACGGTATGAGTCGT-1,1,3,6,7,4,7,6,2,6,7,3,6,6,2,7,6,2,6,6,2,6,6,5,6,7,3,6,6
ACGGTATGGGTATC-1,3,1,1,3,1,2,1,1,1,1,2,1,2,1,2,1,1,1,1,1,2,2,2,1,3,2,2,2
ACGGTATGGTTGTG-1,3,1,1,3,1,2,1,1,1,1,2,1,2,1,2,1,1,1,1,1,2,2,2,1,3,2,2,2
ACGGTCCTAACGGG-1,0,0,2,1,0,1,2,0,2,2,0,2,1,0,1,2,0,2,2,0,1,1,0,2,2,0,3,3
ACGGTCCTCGGGAA-1,0,0,0,0,0,0,2,0,0,0,0,0,0,0,0,0,0,0,0,0,0,0,0,0,0,0,3,0
ACGTAGACAACCAC-1,0,0,2,1,0,1,2,0,2,2,0,2,1,0,1,2,0,2,2,0,1,1,0,2,2,0,3,3
ACGTAGACTACAGC-1,3,1,1,3,1,2,1,1,1,1,2,1,2,1,2,1,1,1,1,1,2,2,2,1,3,2,2,2
ACGTCAGAAACGAA-1,0,0,2,1,0,1,2,0,2,2,0,2,1,0,1,2,0,2,2,0,1,1,0,2,2,0,3,3
ACGTCAGAGAGCTT-1,1,3,6,7,4,7,6,2,6,7,3,6,6,2,7,6,2,6,6,2,6,6,5,6,7,3,6,6
ACGTCAGAGGGATG-1,0,0,2,1,0,1,2,0,2,2,0,2,1,0,1,2,0,2,2,0,1,1,0,2,2,0,3,3
ACGTCCTGATAAGG-1,1,3,6,7,4,7,6,2,6,7,3,6,6,2,7,6,2,6,6,2,6,6,5,6,7,3,6,6
ACGTCCTGTGAACC-1,1,2,3,5,4,4,3,2,3,4,4,3,3,2,4,3,2,3,3,4,4,3,5,3,5,3,6,4
ACGTCGCTCCTGAA-1,7,7,9,4,3,3,9,1,2,3,7,9,9,3,3,9,1,7,7,7,9,9,1,9,4,2,7,7
ACGTCGCTCTATTC-1,1,3,6,7,4,7,6,2,6,7,3,6,6,2,7,6,2,6,6,2,6,6,5,6,7,3,6,6
ACGTCGCTTCTCAT-1,3,1,1,3,1,2,1,1,1,1,2,1,2,1,2,1,1,1,1,1,2,2,2,1,3,2,2,2
ACGTGATGCCATGA-1,5,5,7,8,5,8,7,5,7,3,5,7,7,4,8,7,3,7,7,5,7,7,6,7,8,5,7,7
ACGTGATGGGTCTA-1,0,0,0,0,0,0,0,0,0,0,0,2,0,0,0,0,0,0,0,0,0,0,0,0,0,0,0,0
ACGTGATGTAACCG-1,4,2,3,5,2,4,3,2,3,4,4,3,3,2,4,3,2,3,3,4,4,3,3,3,5,3,4,4
ACGTGATGTGACAC-1,2,4,4,6,3,5,4,4,4,5,1,4,4,3,5,4,5,4,4,3,5,4,4,4,6,1,5,5
ACGTGCCTCCGTAA-1,0,0,2,0,0,1,2,0,2,2,0,2,1,0,1,2,0,2,2,0,1,1,0,2,2,0,3,3
ACGTGCCTTCTATC-1,2,4,5,2,3,6,5,4,5,6,1,5,5,3,6,5,5,5,5,3,3,5,4,5,1,1,1,1
ACGTTACTTTCCAT-1,0,0,0,0,0,0,0,0,0,0,0,2,0,0,0,0,0,0,0,0,0,0,0,0,0,0,0,0
ACGTTGGAAAAGCA-1,0,0,0,0,0,0,0,0,0,0,0,0,0,0,0,0,0,0,0,0,0,0,0,0,0,0,0,0
ACGTTGGAAACCTG-1,2,4,5,2,3,6,5,4,5,6,1,5,5,3,6,5,5,5,5,3,3,5,4,5,1,1,1,1
ACGTTGGACCGTAA-1,1,3,6,7,4,7,6,2,6,7,3,6,6,2,7,6,2,6,6,2,6,6,5,6,7,3,6,6
ACGTTGGAGCCAAT-1,2,4,4,6,3,5,4,4,4,5,1,4,4,3,5,4,5,4,4,3,5,4,4,4,6,1,5,5
ACGTTGGATATGGC-1,3,1,1,3,1,2,1,1,1,1,2,1,2,1,2,1,1,1,1,1,2,2,2,1,3,2,2,2
ACGTTGGATCAGGT-1,1,3,6,7,4,7,6,2,6,7,3,6,6,2,7,6,2,6,6,2,6,6,5,6,7,3,6,6
ACGTTTACATCAGC-1,0,0,0,0,0,0,0,0,0,0,0,0,0,0,0,0,0,0,0,0,0,0,0,0,0,0,0,0
ACTAAAACCCACAA-1,0,0,0,2,0,6,5,0,5,6,0,2,5,0,0,5,0,5,5,0,0,5,0,5,1,0,1,1
ACTAAAACTCGACA-1,1,3,6,7,4,7,6,2,6,7,3,6,6,2,7,6,2,6,6,2,6,6,5,6,7,3,6,6
ACTACGGAATTTCC-1,0,0,2,1,0,1,2,0,2,2,0,2,1,0,1,2,0,2,2,0,1,1,0,2,2,0,3,3
ACTACGGACCTATT-1,0,0,0,0,0,0,0,0,0,0,0,0,0,0,0,0,0,0,0,0,0,0,0,0,0,0,0,0
ACTACGGATCGCTC-1,0,0,2,1,0,1,2,0,0,2,0,2,1,0,1,2,0,2,2,0,1,1,0,2,2,0,3,3
ACTACTACTAAGGA-1,0,0,0,0,0,0,0,0,0,0,0,2,0,0,0,0,0,0,0,0,0,0,0,0,0,0,0,0
ACTAGGTGGAACCT-1,0,0,2,2,0,1,5,0,5,6,0,5,5,0,1,2,0,5,5,0,1,1,0,2,2,0,3,1
ACTAGGTGGAACTC-1,0,0,2,1,0,1,2,0,2,2,0,2,1,0,1,2,0,2,2,0,1,1,0,2,2,0,3,3
ACTATCACCTTGGA-1,2,4,5,2,3,6,5,4,5,6,1,5,5,3,6,5,5,5,5,3,3,5,4,5,1,1,1,1
ACTATCACTGCCAA-1,0,0,0,0,0,0,0,0,0,0,0,2,0,0,0,0,0,0,0,0,0,0,0,0,0,0,0,0
ACTCAGGACTGAAC-1,0,0,0,1,0,1,2,0,0,2,0,2,1,0,0,2,0,2,2,0,1,1,0,2,2,0,3,3
ACTCAGGATCTATC-1,3,1,1,3,1,2,1,1,1,1,2,1,2,1,2,1,1,1,1,1,2,2,2,1,3,2,2,2
ACTCAGGATTCGTT-1,1,3,6,7,4,7,6,2,6,7,3,6,6,2,7,6,2,6,6,2,6,6,5,6,7,3,6,6
ACTCCTCTCAACTG-1,0,0,2,1,0,1,2,0,2,2,0,2,1,0,1,2,0,2,2,0,1,1,0,2,2,0,3,3
ACTCGCACGAAAGT-1,1,3,6,7,4,7,6,2,6,7,3,6,6,2,7,6,2,6,6,2,6,6,5,6,7,3,6,6
ACTCGCACTACGAC-1,1,3,6,7,4,7,6,2,6,7,3,6,6,2,7,6,2,6,6,2,6,6,5,6,7,3,6,6
ACTCTCCTGACACT-1,0,0,0,0,0,0,0,0,0,0,0,0,0,0,0,0,0,0,0,0,0,0,0,0,0,0,0,0
ACTCTCCTGCATAC-1,0,0,0,0,0,0,0,0,0,0,0,2,0,0,0,0,0,0,0,0,0,0,0,0,0,0,0,0
ACTCTCCTGTTTGG-1,0,0,0,0,0,0,0,0,0,0,0,2,0,0,0,0,0,0,0,0,0,0,0,0,0,0,0,0
ACTGAGACAACCAC-1,2,4,5,2,3,6,5,4,5,6,1,5,5,3,6,5,5,5,5,3,3,5,4,5,1,1,1,1
ACTGAGACCCATAG-1,4,2,3,5,2,4,3,2,3,4,4,3,3,2,4,3,2,3,3,4,4,3,3,3,5,3,4,4
ACTGAGACGTTGGT-1,3,1,1,3,1,2,1,1,1,1,2,1,2,1,2,1,1,1,1,1,2,2,2,1,3,2,2,2
ACTGCCACACACGT-1,0,4,5,2,3,6,5,4,5,6,1,5,5,3,6,5,5,5,5,3,3,5,4,5,1,1,1,1
ACTGCCACTCCGTC-1,2,4,4,6,3,5,4,4,4,5,1,4,4,3,5,4,5,4,4,3,5,4,4,4,6,1,5,5
ACTGGCCTTCAGTG-1,2,4,4,6,3,5,4,4,4,5,1,4,4,3,5,4,5,4,4,3,5,4,4,4,6,1,5,5
ACTGTGGACGTGTA-1,2,4,5,2,3,6,5,4,5,6,1,5,5,3,6,5,5,5,5,3,3,5,4,5,1,1,1,1
ACTGTGGATCTAGG-1,3,1,1,3,1,2,1,1,1,1,2,1,2,1,2,1,1,1,1,1,2,2,2,1,3,2,2,2
ACTGTTACCCACAA-1,1,3,6,7,4,7,6,2,6,7,3,6,6,2,7,6,2,6,6,2,6,6,5,6,7,3,6,6
ACTGTTACTGCAGT-1,0,0,0,0,0,0,0,0,0,0,0,2,0,0,0,0,0,0,0,0,0,0,0,0,0,0,0,0
ACTTAAGAACCACA-1,0,0,0,0,0,0,0,0,0,0,0,0,0,0,0,0,0,0,0,0,0,0,0,0,0,0,0,0
ACTTAAGACCACAA-1,0,0,0,2,0,0,0,0,0,0,0,5,0,0,0,5,0,0,0,0,0,5,0,0,1,0,0,0
ACTTAAGATTACTC-1,5,5,7,8,5,8,7,5,7,3,5,7,7,4,8,7,3,7,7,5,7,7,6,7,8,5,7,7
ACTTAGCTGCGTAT-1,4,2,3,5,2,4,3,2,3,4,4,3,3,2,4,3,2,3,3,4,4,3,3,3,5,3,4,4
ACTTAGCTGGGAGT-1,0,0,2,1,0,1,2,0,2,2,0,2,1,0,1,2,0,2,2,0,1,1,0,2,2,0,3,3
ACTTCAACAAGCAA-1,7,4,2,1,3,1,2,0,2,2,0,5,1,3,1,2,5,2,2,0,1,1,0,2,2,0,3,3
ACTTCAACGTAGGG-1,2,4,4,6,3,5,4,4,4,5,1,4,4,3,5,4,5,4,4,3,5,4,4,4,6,1,5,5
ACTTCCCTTTCCGC-1,0,0,0,0,0,0,0,0,0,0,0,0,0,0,0,0,0,0,0,0,0,0,0,0,0,0,0,0
ACTTCTGACATGCA-1,3,1,1,3,1,2,1,1,1,1,2,1,2,1,2,1,1,1,1,1,2,2,2,1,3,2,2,2
ACTTGACTCCACAA-1,3,1,1,3,1,2,1,1,1,1,2,1,2,1,2,1,1,1,1,1,2,2,2,1,3,2,2,2
ACTTGGGAGAAAGT-1,1,3,6,7,4,7,6,2,6,7,3,6,6,2,7,6,2,6,6,2,6,6,5,6,7,3,6,6
ACTTGGGAGGTTTG-1,0,0,2,1,0,1,2,0,2,2,0,2,1,0,1,2,0,2,2,0,1,0,0,2,2,0,3,3
ACTTGGGATGTGAC-1,4,2,3,5,2,4,3,2,3,4,4,6,3,2,4,3,2,3,3,4,4,3,3,3,5,3,4,4
ACTTGGGATTGACG-1,1,3,6,7,4,7,6,2,6,7,3,6,6,2,7,6,2,6,6,2,6,6,5,6,7,3,6,6
ACTTGTACCCGAAT-1,0,0,0,1,0,0,0,0,0,0,0,2,0,0,0,0,0,0,0,0,0,1,0,0,0,0,0,0
ACTTGTACCTGTCC-1,0,0,0,0,0,0,0,0,0,0,0,0,0,0,0,0,0,0,0,0,0,0,0,0,0,0,0,0
ACTTTGTGCGATAC-1,0,0,0,0,0,0,0,0,0,0,0,0,0,0,0,0,0,0,0,0,0,0,0,0,0,0,0,0
ACTTTGTGGAAAGT-1,0,0,0,0,0,0,0,0,0,0,0,0,0,0,0,0,0,0,0,0,0,0,0,0,0,0,0,0
ACTTTGTGGATAGA-1,1,3,6,7,4,7,6,2,6,7,3,6,6,2,7,6,2,6,6,2,6,6,5,6,7,3,6,6
AGAAACGAAAGTAG-1,3,1,1,3,1,2,1,1,1,1,2,1,2,1,2,1,1,1,1,1,2,2,2,1,3,2,2,2
AGAAAGTGCGCAAT-1,0,0,0,0,0,0,0,0,0,0,0,2,0,0,0,0,0,0,0,0,0,0,0,0,0,0,0,0
AGAAAGTGGGGATG-1,1,3,6,7,4,7,6,2,6,7,3,6,6,2,7,6,2,6,6,2,6,6,5,6,7,3,6,6
AGAACAGAAATGCC-1,2,4,4,6,3,5,4,4,4,5,1,4,4,3,5,4,5,4,4,3,5,4,4,4,6,1,5,5
AGAACAGACGACTA-1,3,1,1,3,1,2,1,1,1,1,2,1,2,1,2,1,1,1,1,1,2,2,2,1,3,2,2,2
AGAACAGAGACAAA-1,0,0,0,1,0,1,2,0,2,2,0,2,1,0,1,2,0,2,2,0,1,1,0,2,2,0,3,3
AGAACGCTTTGCTT-1,0,0,0,0,0,0,0,0,0,0,0,0,0,0,0,0,0,0,0,0,0,0,0,0,0,0,0,0
AGAAGATGTGACTG-1,0,0,2,1,0,1,2,0,2,2,0,2,1,0,1,2,0,2,2,0,1,1,0,2,2,0,3,3
AGAATGGAAGAAGT-1,2,4,5,2,3,6,5,4,5,6,1,5,5,3,6,5,5,5,5,3,3,5,4,5,1,1,1,1
AGAATTTGTAACCG-1,0,0,2,1,0,1,2,0,2,2,0,2,1,0,1,2,0,2,2,0,1,1,0,2,2,0,3,3
AGAATTTGTAGAGA-1,0,0,0,0,0,0,0,0,0,0,0,0,0,0,0,0,0,0,0,0,0,0,0,0,0,0,0,0
AGACACACTGTAGC-1,0,0,0,0,0,0,0,0,0,0,0,0,0,0,0,0,0,0,0,0,0,0,0,0,0,0,0,0
AGACACTGTCAAGC-1,1,3,6,7,4,7,6,2,6,7,3,6,6,2,7,6,2,6,6,2,6,6,5,6,7,3,6,6
AGACCTGAAGTAGA-1,1,3,6,7,4,7,6,2,6,7,3,6,6,2,7,6,2,6,6,2,6,6,5,6,7,3,6,6
AGACCTGACCAACA-1,0,0,0,0,0,1,2,0,0,2,0,2,1,0,0,2,0,2,2,0,0,0,0,2,0,0,3,3
AGACCTGAGGAAGC-1,2,4,5,2,3,6,5,4,5,6,1,5,5,3,6,5,5,5,5,3,3,5,4,5,1,1,1,1
AGACGTACAGAGGC-1,0,0,2,1,0,1,2,0,0,2,0,2,1,0,1,2,0,2,2,0,1,1,0,2,2,0,3,3
AGACGTACCCCTAC-1,3,1,1,3,1,2,1,1,1,1,2,1,2,1,2,1,1,1,1,1,2,2,2,1,3,2,2,2
AGACGTACCTCTTA-1,1,3,6,7,4,7,6,2,6,7,3,6,6,2,7,6,2,6,6,2,6,6,5,6,7,3,6,6
AGACGTACTCGTGA-1,4,2,3,5,2,4,3,2,3,4,4,3,3,2,4,3,2,3,3,4,4,3,3,3,5,3,4,4
AGACTGACCATCAG-1,2,4,5,2,3,6,5,4,5,6,1,5,5,3,6,5,5,5,5,3,3,5,4,5,1,1,1,1
AGACTGACCCTTTA-1,0,0,0,0,0,0,0,0,0,0,0,2,0,0,0,0,0,0,0,0,0,0,0,0,0,0,0,0
AGACTTCTCATGCA-1,3,1,1,3,1,2,1,1,1,1,2,1,2,1,2,1,1,1,1,1,2,2,2,1,3,2,2,2
AGAGATGACAGTCA-1,3,1,1,3,1,2,1,1,1,1,2,1,2,1,2,1,1,1,1,1,2,2,2,1,3,2,2,2
AGAGATGACTGAAC-1,0,0,0,0,0,0,0,0,0,0,0,2,0,0,0,0,0,0,0,0,0,0,0,0,0,0,0,0
AGAGATGAGGTTTG-1,1,3,6,7,4,7,6,2,6,7,3,6,6,2,7,6,2,6,6,2,6,6,5,6,7,3,6,6
AGAGATGATCTCGC-1,3,1,1,3,1,2,1,1,1,1,2,1,2,1,2,1,1,1,1,1,2,2,2,1,3,2,2,2
AGAGATGATTGTGG-1,0,0,2,1,0,1,2,0,0,2,0,2,1,0,1,2,0,2,2,0,1,1,0,2,2,0,3,3
AGAGCGGAGGCAAG-1,1,3,6,7,4,7,6,2,6,7,3,6,6,2,7,6,2,6,6,2,6,6,5,6,7,3,6,6
AGAGGTCTACAGCT-1,7,7,9,4,3,3,9,1,2,3,7,9,9,3,3,9,1,7,7,7,9,9,1,9,4,2,7,7
AGAGTCTGGTCGTA-1,4,2,3,5,2,4,3,2,3,4,4,3,3,2,4,3,2,3,3,4,4,3,3,3,5,3,4,4
AGAGTGCTCAGCTA-1,0,0,0,0,0,0,0,0,0,0,0,0,0,0,0,0,0,0,0,0,0,0,0,0,0,0,3,0
AGAGTGCTCGAATC-1,0,0,0,0,0,0,0,0,0,0,0,2,0,0,0,0,0,0,0,0,0,0,0,0,0,0,0,0
AGAGTGCTGTCATG-1,0,0,0,1,0,1,2,0,0,2,0,2,1,0,0,2,0,2,2,0,0,0,0,2,2,0,3,3
AGAGTGCTGTCCTC-1,2,4,5,2,3,6,5,4,5,6,1,5,5,3,6,5,5,5,5,3,3,5,4,5,1,1,1,1
AGAGTGCTGTGTTG-1,3,1,1,3,1,2,1,1,1,1,2,1,2,1,2,1,1,1,1,1,2,2,2,1,3,2,2,2
AGATATACCCGTAA-1,2,4,4,6,3,5,4,4,4,5,1,4,4,3,5,4,5,4,4,3,5,4,4,4,6,1,5,5
AGATATACGATGAA-1,0,0,2,1,0,1,2,0,2,2,0,2,1,0,1,2,0,2,2,0,1,1,0,2,2,0,3,3
AGATATACTGTTCT-1,3,1,1,3,1,2,1,1,1,1,2,1,2,1,2,1,1,1,1,1,2,2,2,1,3,2,2,2
AGATATTGCCTACC-1,2,4,5,2,3,6,5,4,5,6,1,5,5,3,6,5,5,5,5,3,3,5,4,5,1,1,1,1
AGATATTGGCCAAT-1,1,3,6,7,4,7,6,2,6,7,3,6,6,2,7,6,2,6,6,2,6,6,5,6,7,3,6,6
AGATCGTGTCTGGA-1,1,3,6,7,4,7,6,2,6,7,3,6,6,2,7,6,2,6,6,2,6,6,5,6,7,3,6,6
AGATCGTGTTTGTC-1,3,1,1,3,1,2,1,1,1,1,2,1,2,1,2,1,1,1,1,1,2,2,2,1,3,2,2,2
AGATCTCTATCACG-1,3,1,1,3,1,2,1,1,1,1,2,1,2,1,2,1,1,1,1,1,2,2,2,1,3,2,2,2
AGATTAACGTTCTT-1,4,2,3,5,2,4,3,2,3,4,4,3,3,2,4,3,2,3,3,4,4,3,3,3,5,3,4,4
AGATTCCTATCGTG-1,0,0,0,0,0,1,2,0,0,2,0,2,1,0,1,2,0,2,2,0,1,1,0,2,2,0,3,3
AGATTCCTCACTTT-1,1,3,6,7,4,7,6,2,6,7,3,6,6,2,7,6,2,6,6,2,6,6,5,6,7,3,6,6
AGATTCCTGACGAG-1,1,3,6,7,4,7,6,2,6,7,3,6,6,2,7,6,2,6,6,2,6,6,5,6,7,3,6,6
AGATTCCTGTTCAG-1,2,4,4,6,3,5,4,4,4,5,1,4,4,3,5,4,5,4,4,3,5,4,4,4,6,1,5,5
AGCAAAGATATGCG-1,0,0,0,0,0,0,0,0,0,0,0,0,0,0,0,0,0,0,0,0,0,0,0,0,0,0,0,0
AGCACAACAGTCTG-1,0,0,0,0,0,0,0,0,0,0,0,0,0,0,0,0,0,0,0,0,0,0,0,0,0,0,0,0
AGCACTGAGGGAGT-1,0,0,0,1,0,1,2,0,0,2,0,2,1,0,0,2,0,2,2,0,1,0,0,2,2,0,3,3
AGCACTGATATGCG-1,0,0,2,1,0,1,2,0,2,2,0,2,1,0,1,2,0,2,2,0,1,1,0,2,2,0,3,3
AGCACTGATGCTTT-1,5,5,7,8,5,8,7,5,7,3,5,7,7,4,8,7,3,7,7,5,7,7,6,7,8,5,7,7
AGCACTGATTGCGA-1,0,0,0,0,0,0,0,0,0,0,0,0,0,0,0,0,0,0,0,0,0,0,0,0,0,0,0,0
AGCATCGAAGATCC-1,0,0,2,1,0,1,2,0,2,2,0,2,1,0,1,2,0,2,2,0,1,0,0,2,2,0,3,3
AGCATCGAAGGGTG-1,3,1,1,3,1,2,1,1,1,1,2,1,2,1,2,1,1,1,1,1,2,2,2,1,3,2,2,2
AGCATCGAGCTTCC-1,1,3,6,7,4,7,6,2,6,7,3,6,6,2,7,6,2,6,6,2,6,6,5,6,7,3,6,6
AGCATCGAGTGAGG-1,0,0,2,1,0,1,2,0,2,2,0,2,1,0,1,2,0,2,2,0,1,1,0,2,2,0,3,3
AGCATCGATAACCG-1,1,3,6,7,4,7,6,2,6,7,3,6,6,2,7,6,2,6,6,2,6,6,5,6,7,3,6,6
AGCATGACGATGAA-1,2,4,5,2,3,6,5,4,5,6,1,5,5,3,6,5,5,5,5,3,3,5,4,5,1,1,1,1
AGCCAATGGGGAGT-1,4,2,3,5,2,4,3,2,3,4,4,3,3,2,4,3,2,3,3,4,4,3,3,3,5,3,4,4
AGCCAATGTATCTC-1,0,0,0,1,0,1,2,0,0,0,0,2,1,0,0,2,0,2,2,0,1,1,0,2,2,0,0,3
AGCCACCTGGATCT-1,2,4,5,2,3,6,5,4,5,6,1,5,5,3,6,5,5,5,5,3,3,5,4,5,1,1,1,1
AGCCGGTGCCAATG-1,0,0,2,1,0,1,2,0,2,2,0,2,1,0,1,2,0,2,2,0,1,1,0,2,2,0,3,3
AGCCGGTGTGTTTC-1,0,0,0,0,0,0,0,0,0,0,0,0,0,0,0,0,0,0,0,0,0,0,0,0,0,0,0,0
AGCCGTCTCAATCG-1,0,0,0,0,0,0,0,0,0,0,0,0,0,0,0,0,0,0,0,0,0,0,0,0,0,0,0,0
AGCCGTCTGAGAGC-1,0,0,2,1,0,1,2,0,2,2,0,2,1,0,1,2,0,2,2,0,1,1,0,2,2,0,3,3
AGCCTCACGTTCGA-1,0,0,0,0,0,0,0,0,0,0,0,0,0,0,0,0,0,0,0,0,0,0,0,0,0,0,0,0
AGCCTCACTGTCAG-1,4,2,3,5,2,4,3,2,3,4,4,3,3,2,4,3,2,3,3,4,4,3,3,3,5,3,4,4
AGCCTCTGCAGTTG-1,3,1,1,3,1,2,1,1,1,1,2,1,2,1,2,1,1,1,1,1,2,2,2,1,3,2,2,2
AGCCTCTGCCAATG-1,2,4,4,6,3,5,4,4,4,5,1,4,4,3,5,4,5,4,4,3,5,4,4,4,6,1,5,5
AGCGAACTGGATCT-1,0,0,0,0,0,0,0,0,0,0,0,2,0,0,0,0,0,0,0,0,0,0,0,0,0,0,0,0
AGCGAACTTACTGG-1,0,0,0,1,0,1,2,0,0,2,0,2,1,0,0,2,0,2,2,0,1,0,0,2,2,0,3,3
AGCGATACGGAGCA-1,0,0,0,0,0,0,0,0,0,0,0,0,0,0,0,0,0,0,0,0,0,0,0,0,0,0,0,0
AGCGATTGAGATCC-1,2,4,4,6,3,5,4,4,4,5,1,4,4,3,5,4,5,4,4,3,5,4,4,4,6,1,5,5
AGCGCCGAATCTCT-1,0,0,0,0,0,0,0,0,0,0,0,0,0,0,0,0,0,0,0,0,0,0,0,0,0,0,0,0
AGCGCCGACAGAGG-1,0,0,2,1,0,1,2,0,2,2,0,2,1,0,1,2,0,2,2,0,1,1,0,2,2,0,3,3
AGCGCTCTACCTTT-1,0,0,0,0,0,0,0,0,0,0,0,0,0,0,0,0,0,0,0,0,0,0,0,0,0,0,0,0
AGCGGCACCGGGAA-1,0,0,0,0,0,0,0,0,0,0,0,0,0,0,0,0,0,0,0,0,0,0,0,0,0,0,0,0
AGCGGCTGATGTGC-1,0,0,0,0,0,0,0,0,0,0,0,2,0,0,0,0,0,0,0,0,0,0,0,0,0,0,0,0
AGCGGGCTTGCCAA-1,0,0,0,0,0,0,0,0,0,0,0,2,0,0,0,0,0,0,0,0,0,0,0,0,0,0,0,0
AGCGTAACATGCTG-1,0,0,2,1,0,1,2,0,2,2,0,2,1,0,1,2,0,2,2,0,1,1,0,2,2,0,3,3
AGCGTAACTGAGAA-1,1,3,6,7,4,7,6,2,6,7,3,6,6,2,7,6,2,6,6,2,6,6,5,6,7,3,6,6
AGCTCGCTACTGGT-1,0,0,0,0,0,0,0,0,0,0,0,0,0,0,0,0,0,0,0,0,0,0,0,0,0,0,0,0
AGCTCGCTCTGCTC-1,0,0,0,0,0,0,0,0,0,0,0,2,0,0,0,0,0,0,0,0,0,0,0,0,0,0,0,0
AGCTGAACCATACG-1,4,2,3,5,2,4,3,2,3,4,4,3,3,2,4,3,2,3,3,4,4,3,3,3,5,3,4,4
AGCTGAACCTCTCG-1,0,0,2,1,0,1,2,0,0,2,0,2,1,0,0,2,0,2,2,0,1,1,0,2,2,0,3,3
AGCTGCCTTGGGAG-1,1,3,6,7,4,7,6,2,6,7,3,6,6,2,7,6,2,6,6,2,6,6,5,6,7,3,6,6
AGCTGCCTTTCATC-1,0,0,2,1,0,1,2,0,2,2,0,2,1,0,1,2,0,2,2,0,1,1,0,2,2,0,3,3
AGCTGCCTTTCTGT-1,0,0,0,0,0,0,0,0,0,0,0,0,0,0,0,0,0,0,0,0,0,0,0,0,0,0,0,0
AGCTGTGATCCAAG-1,0,0,0,0,0,0,5,0,0,6,0,2,5,0,0,0,0,5,0,0,0,5,0,5,1,0,0,0
AGCTTTACAAGTAG-1,0,0,0,0,0,0,0,0,0,0,0,0,0,0,0,0,0,0,0,0,0,0,0,0,0,0,0,0
AGCTTTACACCAAC-1,2,4,5,2,3,6,5,4,5,6,1,5,5,3,6,5,5,5,5,3,3,5,4,5,1,1,1,1
AGCTTTACTCTCAT-1,3,1,1,3,1,2,1,1,1,1,2,1,2,1,2,1,1,1,1,1,2,2,2,1,3,2,2,2
AGGAAATGAGGAGC-1,0,0,5,2,0,6,5,0,0,2,0,5,5,0,0,5,0,2,2,0,0,0,0,5,1,0,3,1
AGGAACCTCTTAGG-1,4,2,3,5,2,4,3,2,3,4,4,3,3,2,4,3,2,3,3,4,4,3,3,3,5,3,4,4
AGGAACCTTGCCTC-1,2,4,5,2,3,6,5,4,5,6,1,5,5,3,6,5,5,5,5,3,3,5,4,5,1,1,1,1
AGGAATGATAACGC-1,0,0,0,0,0,0,0,0,0,0,0,2,0,0,0,0,0,0,0,0,0,0,0,0,0,0,0,0
AGGAATGATTTGTC-1,0,0,2,1,0,1,2,0,2,2,0,2,1,0,1,2,0,2,2,0,1,1,0,2,2,0,3,3
AGGAGTCTGGTTTG-1,0,0,0,0,0,0,0,0,0,0,0,2,0,0,0,0,0,0,0,0,0,0,0,0,0,0,0,0
AGGAGTCTTGTCAG-1,0,0,0,0,0,0,0,0,0,0,0,2,0,0,0,0,0,0,0,0,0,0,0,0,0,0,0,0
AGGATAGACATTTC-1,0,0,2,1,0,1,2,0,2,2,0,2,1,0,1,2,0,2,2,0,1,1,0,2,2,0,3,3
AGGATAGAGGATTC-1,2,4,5,2,3,6,5,4,5,6,1,5,5,3,6,5,5,5,5,3,3,5,4,5,1,1,1,1
AGGATGCTACTAGC-1,3,1,1,3,1,2,1,1,1,1,2,1,2,1,2,1,1,1,1,1,2,2,2,1,3,2,2,2
AGGATGCTTTAGGC-1,2,4,4,6,3,5,4,4,4,5,1,4,4,3,5,4,5,4,4,3,5,4,4,4,6,1,5,5
AGGCAACTGAAGGC-1,0,0,0,1,0,1,2,0,5,0,0,0,0,0,0,2,0,5,0,0,1,1,0,0,1,0,0,0
AGGCAGGAGTACCA-1,2,4,5,2,3,6,5,4,5,6,1,5,5,3,6,5,5,5,5,3,3,5,4,5,1,1,1,1
AGGCCTCTAGTCGT-1,0,0,0,1,0,1,2,0,0,2,0,2,1,0,0,2,0,2,2,0,0,0,0,2,2,0,3,3
AGGCCTCTCGGAGA-1,0,0,2,1,0,1,2,0,2,2,0,2,1,0,1,2,0,2,2,0,1,1,0,2,2,0,3,3
AGGCCTCTCGTAAC-1,0,0,0,0,0,0,0,0,0,0,0,0,0,0,0,0,0,0,0,0,0,0,0,0,0,0,0,0
AGGGACGACGTTGA-1,0,0,0,0,0,0,0,0,0,0,0,0,0,0,0,0,0,0,0,0,0,0,0,0,0,0,0,0
AGGGACGAGTCAAC-1,2,4,4,6,3,5,4,4,4,5,1,4,4,3,5,4,5,4,4,3,5,4,4,4,6,1,5,5
AGGGACGAGTTGTG-1,0,0,0,0,0,0,0,0,0,0,0,0,0,0,0,0,0,0,0,0,0,0,0,0,0,0,0,0
AGGGACGATAGAGA-1,2,4,5,2,3,6,5,4,5,6,1,5,5,3,6,5,5,5,5,3,3,5,4,5,1,1,1,1
AGGGACGATGCATG-1,2,4,5,2,3,6,5,4,5,6,1,5,5,3,6,5,5,5,5,3,3,5,4,5,1,1,1,1
AGGGAGTGAGCCTA-1,0,0,2,1,0,1,2,0,2,2,0,0,1,0,1,2,0,2,2,0,0,1,0,2,2,0,3,3
AGGGCCACCATACG-1,0,0,0,0,0,0,0,0,0,0,0,2,0,0,0,0,0,2,2,0,0,0,0,2,0,0,0,3
AGGGCGCTAACCAC-1,1,3,6,7,4,7,6,2,6,7,3,6,6,2,7,6,2,6,6,2,6,6,5,6,7,3,6,6
AGGGCGCTATGGTC-1,0,0,2,1,0,1,2,0,0,2,0,2,1,0,1,2,0,2,2,0,1,1,0,2,2,0,3,3
AGGGTGGACAGTCA-1,3,1,1,3,1,2,1,1,1,1,2,1,2,1,2,1,1,1,1,1,2,2,2,1,3,2,2,2
AGGGTGGACTCAAG-1,1,3,6,7,4,7,6,2,6,7,3,6,6,2,7,6,2,6,6,2,6,6,5,6,7,3,6,6
AGGGTGGAGTTGCA-1,2,4,5,2,3,6,5,4,5,6,1,5,5,3,6,5,5,5,5,3,3,5,4,5,1,1,1,1
AGGGTTTGTTCATC-1,1,3,6,7,4,7,6,2,6,7,3,6,6,2,7,6,2,6,6,2,6,6,5,6,7,3,6,6
AGGTCATGAGTGTC-1,3,1,1,3,1,2,1,1,1,1,2,1,2,1,2,1,1,1,1,1,2,2,2,1,3,2,2,2
AGGTCATGCTTATC-1,2,4,5,2,3,6,5,4,5,6,1,5,5,3,6,5,5,5,5,3,3,5,4,5,1,1,1,1
AGGTCTGATTCTCA-1,4,2,3,5,2,4,3,2,3,4,4,3,3,2,4,3,2,3,3,4,4,3,3,3,5,3,4,4
AGGTGGGAAGAATG-1,0,0,0,2,0,0,0,0,0,0,0,2,5,0,0,0,0,0,0,0,0,5,0,0,0,0,0,0
AGGTGGGAAGTTCG-1,0,0,0,1,0,1,2,0,0,0,0,2,1,0,0,2,0,2,2,0,1,1,0,2,2,0,0,3
AGGTGTTGGTTACG-1,3,1,1,3,1,2,1,1,1,1,2,1,2,1,2,1,1,1,1,1,2,2,2,1,3,2,2,2
AGGTTCGAACCTCC-1,1,3,6,7,4,7,6,2,6,7,3,6,6,2,7,6,2,6,6,2,6,6,5,6,7,3,6,6
AGGTTCGAACGTAC-1,1,3,6,7,4,7,6,2,6,7,3,6,6,2,7,6,2,6,6,2,6,6,5,6,7,3,6,6
AGGTTCGAGGGTGA-1,0,0,0,0,0,0,0,0,0,0,0,0,0,0,0,0,0,0,0,0,0,0,0,0,0,0,0,0
AGTAAGGAGTTTGG-1,0,0,2,1,0,1,2,0,2,2,0,2,1,0,1,2,0,2,2,0,1,1,0,2,2,0,3,3
AGTAAGGATTCTTG-1,0,0,2,1,0,1,2,0,2,2,0,2,1,0,1,2,0,2,2,0,1,1,0,2,2,0,3,3
AGTAATACATCACG-1,2,4,4,6,3,5,4,4,4,5,1,4,4,3,5,4,5,4,4,3,5,4,4,4,6,1,5,5
AGTAATACCGAACT-1,3,1,1,3,1,2,1,1,1,1,2,1,2,1,2,1,1,1,1,1,2,2,2,1,3,2,2,2
AGTAATTGTCCCAC-1,0,0,2,1,0,1,2,0,2,2,0,2,1,0,1,2,0,2,2,0,1,1,0,2,2,0,3,3
AGTACGTGAGGGTG-1,0,0,0,1,0,1,2,0,0,2,0,2,1,0,0,2,0,2,2,0,0,0,0,2,2,0,3,3
AGTACGTGCTGCAA-1,0,0,0,0,0,1,2,0,0,2,0,2,1,0,0,2,0,2,2,0,1,1,0,2,0,0,3,3
AGTACGTGCTTGGA-1,0,0,2,1,0,1,2,0,2,2,0,2,1,0,1,2,0,2,2,0,1,1,0,2,2,0,3,3
AGTACTCTACGTGT-1,3,1,1,3,1,2,1,1,1,1,2,1,2,1,2,1,1,1,1,1,2,2,2,1,3,2,2,2
AGTACTCTCAACCA-1,2,4,5,2,3,6,5,4,5,6,1,5,5,3,6,5,5,5,5,3,3,5,4,5,1,1,1,1
AGTACTCTCGGTAT-1,0,0,2,1,0,1,2,0,2,2,0,2,1,0,1,2,0,2,2,0,1,1,0,2,2,0,3,3
AGTAGGCTTGCCTC-1,4,2,3,5,2,4,3,2,3,4,4,3,3,2,4,3,2,3,3,4,4,3,3,3,5,3,4,4
AGTATAACTTGTCT-1,4,2,3,5,2,4,3,2,3,4,4,3,3,2,4,3,2,3,3,4,4,3,3,3,5,3,4,4
AGTATCCTAGAACA-1,0,0,0,0,0,0,0,0,0,0,0,0,0,0,0,0,0,0,0,0,0,0,0,0,0,0,0,0
AGTCACGATGAGCT-1,2,4,4,6,3,5,4,4,4,5,1,4,4,3,5,4,5,4,4,3,5,4,4,4,6,1,5,5
AGTCAGACGAATAG-1,0,0,2,1,0,1,2,0,2,2,0,2,1,0,1,2,0,2,2,0,1,1,0,2,2,0,3,3
AGTCAGACGCTTAG-1,0,0,0,0,0,0,0,0,0,0,0,2,0,0,0,0,0,0,0,0,0,0,0,0,0,0,0,0
AGTCAGACTAGAGA-1,2,4,5,2,3,6,5,4,5,6,1,5,5,3,6,5,5,5,5,3,3,5,4,5,1,1,1,1
AGTCAGACTGCACA-1,0,0,2,1,0,1,2,0,2,2,0,2,1,0,1,2,0,2,2,0,1,1,0,2,2,0,3,3
AGTCCAGATATCTC-1,0,0,0,0,0,0,0,0,0,0,0,0,0,0,0,0,0,0,0,0,0,0,0,0,0,0,0,0
AGTCCAGATTTCAC-1,0,0,0,0,0,1,2,0,0,2,0,2,1,0,0,2,0,2,2,0,0,0,0,2,2,0,3,3
AGTCGAACCAACCA-1,0,0,0,0,0,0,0,0,0,0,0,0,0,0,0,0,0,0,0,0,0,0,0,0,0,0,0,0
AGTCGCCTCCGTAA-1,0,0,0,0,0,0,0,0,0,2,0,2,0,0,0,0,0,2,2,0,0,0,0,2,0,0,3,3
AGTCTACTAGGGTG-1,1,3,6,7,4,7,6,2,6,7,3,6,6,2,7,6,2,6,6,2,6,6,5,6,7,3,6,6
AGTCTACTTGCATG-1,4,2,3,5,2,4,3,2,3,4,4,3,3,2,4,3,2,3,3,4,4,3,3,3,5,3,4,4
AGTCTTACACCACA-1,0,0,0,0,0,0,0,0,0,0,0,0,0,0,0,0,0,0,0,0,0,0,0,0,0,0,0,0
AGTCTTACTTCGCC-1,2,4,5,2,3,6,5,4,5,6,1,5,5,3,6,5,5,5,5,3,3,5,4,5,1,1,1,1
AGTCTTACTTCGGA-1,6,6,8,9,6,9,8,3,8,8,6,8,8,5,9,8,4,8,8,6,8,8,7,8,9,4,8,8
AGTGACTGCAACTG-1,4,2,3,5,2,4,3,2,3,4,4,3,3,2,4,3,2,3,3,4,4,3,3,3,5,3,4,4
AGTGTTCTAACCTG-1,0,0,0,0,0,0,0,0,0,0,0,2,0,0,0,0,0,2,2,0,0,0,0,0,0,0,0,0
AGTGTTCTATAAGG-1,0,0,0,0,0,0,0,0,0,0,0,2,0,0,0,0,0,0,0,0,0,0,0,0,0,0,0,0
AGTGTTCTCACTTT-1,1,3,6,7,4,7,6,2,6,7,3,6,6,2,7,6,2,6,6,2,6,6,5,6,7,3,6,6
AGTTAAACCACTTT-1,0,0,2,1,0,1,2,0,2,2,0,2,1,0,1,2,0,2,2,0,1,1,0,2,2,0,3,3
AGTTATGAACAGTC-1,1,3,6,7,4,7,6,2,6,7,3,6,6,2,7,6,2,6,6,2,6,6,5,6,7,3,6,6
AGTTATGACTGAGT-1,0,0,2,1,0,1,2,0,2,2,0,2,1,0,1,2,0,2,2,0,1,1,0,2,2,0,3,3
AGTTATGAGTTCAG-1,0,0,2,1,0,1,2,0,0,2,0,2,1,0,1,2,0,2,2,0,1,1,0,2,2,0,3,3
AGTTCTACCAGCTA-1,1,3,6,7,4,7,6,2,6,7,3,6,6,2,7,6,2,6,6,2,6,6,5,6,7,3,6,6
AGTTCTTGAAGCCT-1,2,4,5,2,3,6,5,4,5,6,1,5,5,3,6,5,5,5,5,3,3,5,4,5,1,1,1,1
AGTTGTCTACTACG-1,0,0,0,0,0,0,0,0,0,0,0,2,0,0,0,0,0,0,0,0,0,0,0,0,0,0,0,0
AGTTTAGATGGTCA-1,0,0,0,0,0,0,0,0,0,0,0,2,0,0,0,0,0,0,0,0,0,0,0,0,0,0,0,0
AGTTTCACGGTCTA-1,2,4,5,2,3,6,5,4,5,6,1,5,5,3,6,5,5,5,5,3,3,5,4,5,1,1,1,1
AGTTTGCTACAGTC-1,0,0,0,0,0,0,0,0,0,0,0,0,0,0,0,0,0,0,0,0,0,0,0,0,0,0,0,0
AGTTTGCTACTGGT-1,2,4,4,6,3,5,4,4,4,5,1,4,4,3,5,4,5,4,4,3,5,4,4,4,6,1,5,5
AGTTTGCTCCAAGT-1,0,0,0,0,0,0,0,0,0,0,0,0,0,0,0,0,0,0,0,0,0,0,0,0,0,0,0,0
ATAAACACAGTGCT-1,3,1,1,3,1,2,1,1,1,1,2,1,2,1,2,1,1,1,1,1,2,2,2,1,3,2,2,2
ATAAACACCACCAA-1,0,0,0,0,0,0,0,0,0,0,0,2,0,0,0,0,0,2,2,0,0,0,0,0,0,0,0,0
ATAACAACATGCTG-1,1,3,6,7,4,7,6,2,6,7,3,6,6,2,7,6,2,6,6,2,6,6,5,6,7,3,6,6
ATAACAACGTCTAG-1,0,0,0,0,0,0,0,0,0,0,0,2,0,0,0,0,0,0,0,0,0,0,0,0,0,0,0,0
ATAACAACTTTGTC-1,0,0,0,0,0,0,0,0,0,0,0,2,0,0,0,0,0,0,0,0,0,0,0,0,0,0,0,0
ATAACATGTACTCT-1,0,0,2,1,0,1,2,0,2,2,0,2,1,0,1,2,0,2,2,0,1,1,0,2,2,0,3,3
ATAACCCTGTTGGT-1,0,0,0,0,0,0,0,0,0,0,0,0,0,0,0,0,0,0,0,0,0,0,0,0,0,0,0,0
ATAACCCTTGGTAC-1,0,0,2,1,0,1,2,0,2,2,0,2,1,0,1,2,0,2,2,0,1,1,0,2,2,0,3,3
ATAAGTACGAATGA-1,3,1,1,3,1,2,1,1,1,1,2,1,2,1,2,1,1,1,1,1,2,2,2,1,3,2,2,2
ATAAGTTGGTACGT-1,4,2,3,5,2,4,3,2,3,4,4,3,3,2,4,3,2,3,3,4,4,3,3,3,5,3,4,4
ATAAGTTGTCTAGG-1,0,0,0,1,0,1,2,0,0,0,0,2,1,0,0,2,0,2,2,0,0,0,0,2,2,0,3,3
ATAATCGAGCTGAT-1,3,1,1,3,1,2,1,1,1,1,2,1,2,1,2,1,1,1,1,1,2,2,2,1,3,2,2,2
ATAATCGATGGTTG-1,0,0,0,0,0,0,0,0,0,0,0,2,0,0,0,0,0,0,0,0,0,0,0,0,0,0,0,0
ATAATGACCTACTT-1,0,0,2,1,0,1,2,0,2,2,0,2,1,0,1,2,0,2,2,0,1,1,0,2,2,0,3,3
ATAATGACTCGTGA-1,1,3,6,7,4,7,6,2,6,7,3,6,6,2,7,6,2,6,6,2,6,6,5,6,7,3,6,6
ATACAATGTTAGGC-1,0,0,0,0,0,0,0,0,0,0,0,2,0,0,0,0,0,0,2,0,0,0,0,0,0,0,0,3
ATACCACTCGTACA-1,1,3,6,7,4,7,6,2,6,7,3,6,6,2,7,6,2,6,6,2,6,6,5,6,7,3,6,6
ATACCACTCTAAGC-1,5,5,7,8,5,8,7,5,7,3,5,7,7,4,8,7,3,7,7,5,7,7,6,7,8,5,7,7
ATACCACTGCCAAT-1,2,4,4,6,3,5,4,4,4,5,1,4,4,3,5,4,5,4,4,3,5,4,4,4,6,1,5,5
ATACCGGAATGCTG-1,5,5,7,8,5,8,7,5,7,3,5,7,7,4,8,7,3,7,7,5,7,7,6,7,8,5,7,7
ATACCGGACATTTC-1,1,3,6,7,4,7,6,2,6,7,3,6,6,2,7,6,2,6,6,2,6,6,5,6,7,3,6,6
ATACCGGACTTCGC-1,0,0,2,1,0,1,2,0,2,2,0,2,1,0,1,2,0,2,2,0,1,1,0,2,2,0,3,3
ATACCGGAGGTGTT-1,1,3,6,7,4,7,6,2,6,7,3,6,6,2,7,6,2,6,6,2,6,6,5,6,7,3,6,6
ATACCGGATCTCGC-1,0,0,0,0,0,0,0,0,0,0,0,0,0,0,0,0,0,0,0,0,0,0,0,0,0,0,0,0
ATACCTACGCATCA-1,0,0,2,1,0,1,2,0,5,2,0,2,5,0,1,2,0,2,2,0,1,5,0,5,1,0,3,3
ATACCTTGGGGCAA-1,0,0,0,0,0,0,0,0,0,0,0,2,0,0,0,0,0,0,0,0,0,0,0,0,0,0,0,0
ATACGGACAGACTC-1,1,3,6,7,4,7,6,2,6,7,3,6,6,2,7,6,2,6,6,2,6,6,5,6,7,3,6,6
ATACGGACCTACTT-1,1,3,6,7,4,7,6,2,6,7,3,6,6,2,7,6,2,6,6,2,6,6,5,6,7,3,6,6
ATACGGACGAGGTG-1,3,1,1,3,1,2,1,1,1,1,2,1,2,1,2,1,1,1,1,1,2,2,2,1,3,2,2,2
ATACGGACTATGCG-1,3,1,1,3,1,2,1,1,1,1,2,1,2,1,2,1,1,1,1,1,2,2,2,1,3,2,2,2
ATACGGACTCTGGA-1,1,3,6,7,4,7,6,2,6,7,3,6,6,2,7,6,2,6,6,2,6,6,5,6,7,3,6,6
ATACGTCTTAACGC-1,1,3,6,7,4,7,6,2,6,7,3,6,6,2,7,6,2,6,6,2,6,6,5,6,7,3,6,6
ATACTCTGCTTCGC-1,1,2,3,5,4,4,3,2,3,4,4,3,3,2,4,3,2,3,3,4,4,3,5,3,5,3,6,4
ATACTCTGGTATGC-1,2,4,4,6,3,5,4,4,4,5,1,4,4,3,5,4,5,4,4,3,5,4,4,4,6,1,5,5
ATAGATACCATGGT-1,0,0,2,1,0,1,2,0,2,2,0,2,1,0,1,2,0,2,2,0,1,1,0,2,2,0,3,3
ATAGATACGACGAG-1,0,0,0,0,0,0,0,0,0,0,0,0,0,0,0,0,0,0,0,0,0,0,0,0,0,0,0,0
ATAGATTGGTGTAC-1,3,1,1,3,1,2,1,1,1,1,2,1,2,1,2,1,1,1,1,1,2,2,2,1,3,2,2,2
ATAGCCGAACGGAG-1,0,0,0,0,0,0,0,0,0,0,0,0,0,0,0,0,0,0,0,0,0,0,0,0,0,0,0,0
ATAGCGTGCAGATC-1,0,0,2,1,0,1,2,0,2,2,0,2,1,0,1,2,0,2,2,0,1,1,0,2,2,0,3,3
ATAGCGTGCCCTTG-1,1,3,6,7,4,7,6,2,6,7,3,6,6,2,7,6,2,6,6,2,6,6,5,6,7,3,6,6
ATAGCGTGGTATCG-1,1,3,6,7,4,7,6,2,6,7,3,6,6,2,7,6,2,6,6,2,6,6,5,6,7,3,6,6
ATAGCGTGTCTCTA-1,0,0,2,1,0,1,2,0,2,2,0,2,1,0,1,2,0,2,2,0,1,1,0,2,2,0,3,3
ATAGCTCTCTGATG-1,0,0,0,0,0,0,0,0,0,0,0,0,0,0,0,0,0,0,0,0,0,0,0,0,0,0,0,0
ATAGCTCTGAGGTG-1,0,0,0,0,0,0,0,0,0,0,0,2,0,0,0,0,0,0,0,0,0,0,0,0,0,0,0,0
ATAGGAGAAACAGA-1,1,3,6,7,4,7,6,2,6,7,3,6,6,2,7,6,2,6,6,2,6,6,5,6,7,3,6,6
ATAGGCTGTCAGAC-1,0,0,0,1,0,0,0,0,0,0,0,2,0,0,0,0,0,0,0,0,0,0,0,0,0,0,3,0
ATAGTCCTAGTGTC-1,1,3,6,7,4,7,6,2,6,7,3,6,6,2,7,6,2,6,6,2,6,6,5,6,7,3,6,6
ATAGTCCTTGCATG-1,2,4,5,2,3,6,5,4,5,6,1,5,5,3,6,5,5,5,5,3,3,5,4,5,1,1,1,1
ATAGTCCTTGTCGA-1,0,0,0,0,0,0,0,0,0,0,0,2,0,0,0,0,0,0,0,0,0,0,0,0,0,0,0,0
ATAGTTGACAACTG-1,0,0,0,0,0,0,0,0,0,0,0,0,0,0,0,0,0,0,0,0,0,0,0,0,0,0,0,0
ATAGTTGACCCTCA-1,4,2,3,5,2,4,3,2,3,4,4,3,3,2,4,3,2,3,3,4,4,3,3,3,5,3,4,4
ATAGTTGAGACGTT-1,0,0,0,0,0,0,0,0,0,0,0,0,0,0,0,0,0,0,0,0,0,0,0,0,0,0,0,0
ATAGTTGATAAGCC-1,0,0,0,0,0,0,0,0,0,0,0,0,0,0,0,0,0,0,0,0,0,0,0,0,0,0,0,0
ATATACGAAGCCAT-1,0,0,2,0,0,0,0,0,2,0,0,2,0,0,0,0,0,2,2,0,1,1,0,0,0,0,0,3
ATATACGAATTGGC-1,0,0,2,1,0,1,2,0,2,2,0,2,1,0,1,2,0,2,2,0,1,1,0,2,2,0,3,3
ATATAGTGGAATGA-1,1,3,6,7,4,7,6,2,6,7,3,6,6,2,7,6,2,6,6,2,6,6,5,6,7,3,6,6
ATATGCCTAGATCC-1,1,3,6,7,4,7,6,2,6,7,3,6,6,2,7,6,2,6,6,2,6,6,5,6,7,3,6,6
ATATGCCTGGACAG-1,0,0,0,1,0,0,5,0,5,6,0,2,5,0,0,2,0,5,0,0,0,5,0,5,1,0,0,0
ATATGCCTTCTCTA-1,0,0,2,1,0,0,0,0,0,2,0,2,1,0,1,0,0,2,2,0,0,1,0,0,2,0,3,3
ATATGCCTTGGTAC-1,0,0,0,0,0,0,0,0,0,0,0,2,0,0,0,0,0,0,0,0,0,0,0,0,0,0,0,0
ATCAAATGAGCCTA-1,1,3,6,7,4,7,6,2,6,7,3,6,6,2,7,6,2,6,6,2,6,6,5,6,7,3,6,6
ATCAAATGGGTAAA-1,4,2,3,5,2,4,3,2,3,4,4,3,3,2,4,3,2,3,3,4,4,3,3,3,5,3,4,4
ATCAACCTAAACGA-1,0,0,2,1,0,1,2,0,2,2,0,2,1,0,1,2,0,2,2,0,1,1,0,2,2,0,3,3
ATCAACCTGAGGAC-1,0,0,0,0,0,0,0,0,0,0,0,0,0,0,0,0,0,0,0,0,0,0,0,0,0,0,0,0
ATCAACCTTCTCTA-1,2,4,5,2,3,6,5,4,5,6,1,5,5,3,6,5,5,5,5,3,3,5,4,5,1,1,1,1
ATCAACCTTTGTCT-1,2,4,5,2,3,6,5,4,5,6,1,5,5,3,6,5,5,5,5,3,3,5,4,5,1,1,1,1
ATCACACTTTGTCT-1,0,0,0,0,0,0,0,0,0,0,0,2,0,0,0,0,0,0,0,0,0,0,0,0,0,0,0,0
ATCACGGATTGCTT-1,1,3,6,7,4,7,6,2,6,7,3,6,6,2,7,6,2,6,6,2,6,6,5,6,7,3,6,6
ATCACGGATTTCGT-1,3,1,1,3,1,2,1,1,1,1,2,1,2,1,2,1,1,1,1,1,2,2,2,1,3,2,2,2
ATCATCTGACACCA-1,6,6,8,9,6,9,8,3,8,8,6,8,8,5,9,8,4,8,8,6,8,8,7,8,9,4,8,8
ATCATGCTAGAGTA-1,2,4,5,2,3,6,5,4,5,6,1,5,5,3,6,5,5,5,5,3,3,5,4,5,1,1,1,1
ATCATGCTGAACCT-1,3,1,1,3,1,2,1,1,1,1,2,1,2,1,2,1,1,1,1,1,2,2,2,1,3,2,2,2
ATCCAGGACGCTAA-1,4,2,3,5,2,4,3,2,3,4,4,3,3,2,4,3,2,3,3,4,4,3,3,3,5,3,4,4
ATCCAGGATGGAAA-1,0,0,2,1,0,1,2,0,2,2,0,2,1,0,1,2,0,2,2,0,1,1,0,2,2,0,3,3
ATCCATACTCCTTA-1,1,3,6,7,4,7,6,2,6,7,3,6,6,2,7,6,2,6,6,2,6,6,5,6,7,3,6,6
ATCCATACTTCATC-1,4,2,3,5,2,4,3,2,3,4,4,3,3,2,4,3,2,3,3,4,4,3,3,3,5,3,4,4
ATCCCGTGCAGTCA-1,2,4,4,6,3,5,4,4,4,5,1,4,4,3,5,4,5,4,4,3,5,4,4,4,6,1,5,5
ATCCCGTGCATGCA-1,3,1,1,3,1,2,1,1,1,1,2,1,2,1,2,1,1,1,1,1,2,2,2,1,3,2,2,2
ATCCCGTGGCTGAT-1,3,1,1,3,1,2,1,1,1,1,2,1,2,1,2,1,1,1,1,1,2,2,2,1,3,2,2,2
ATCCGCACGCATCA-1,3,1,1,3,1,2,1,1,1,1,2,1,2,1,2,1,1,1,1,1,2,2,2,1,3,2,2,2
ATCCTAACGACGGA-1,3,1,1,3,1,2,1,1,1,1,2,1,2,1,2,1,1,1,1,1,2,2,2,1,3,2,2,2
ATCCTAACGCTACA-1,2,4,5,2,3,6,5,4,5,6,1,5,5,3,6,5,5,5,5,3,3,5,4,5,1,1,1,1
ATCGACGAAACTGC-1,1,3,6,7,4,7,6,2,6,7,3,6,6,2,7,6,2,6,6,2,6,6,5,6,7,3,6,6
ATCGACGAATGACC-1,0,0,0,1,0,0,0,0,0,0,0,2,1,0,0,0,0,0,0,0,0,0,0,0,0,0,0,0
ATCGAGTGGACGTT-1,2,4,5,2,3,6,5,4,5,6,1,5,5,3,6,5,5,5,5,3,3,5,4,5,1,1,1,1
ATCGCAGAATCTCT-1,4,2,3,5,2,4,3,2,3,4,4,3,3,2,4,3,2,3,3,4,4,3,3,3,5,3,4,4
ATCGCAGAGTGTCA-1,3,1,1,3,1,2,1,1,1,1,2,1,2,1,2,1,1,1,1,1,2,2,2,1,3,2,2,2
ATCGCCACTGAGGG-1,2,4,5,2,3,6,5,4,5,6,1,5,5,3,6,5,5,5,5,3,3,5,4,5,1,1,1,1
ATCGCCTGGGTCAT-1,0,0,0,1,0,1,2,0,0,0,0,2,1,0,0,2,0,2,2,0,1,1,0,2,2,0,3,3
ATCGCCTGTGGCAT-1,3,1,1,3,1,2,1,1,1,1,2,1,2,1,2,1,1,1,1,1,2,2,2,1,3,2,2,2
ATCGCGCTCAGAGG-1,1,3,6,7,4,7,6,2,6,7,3,6,6,2,7,6,2,6,6,2,6,6,5,6,7,3,6,6
ATCGCGCTGGGATG-1,0,0,0,1,0,1,2,0,2,2,0,2,1,0,1,2,0,2,2,0,0,0,0,2,2,0,3,3
ATCGCGCTTTTCGT-1,3,1,1,3,1,2,1,1,1,1,2,1,2,1,2,1,1,1,1,1,2,2,2,1,3,2,2,2
ATCGGAACCAGTCA-1,0,0,0,0,0,0,0,0,0,0,0,0,0,0,0,0,0,0,0,0,0,0,0,0,0,0,0,0
ATCGGTGAGTCAAC-1,0,0,0,0,0,0,0,0,0,0,0,0,0,0,0,0,0,0,0,0,0,0,0,0,0,0,0,0
ATCGGTGATTGCAG-1,0,0,0,1,0,1,2,0,0,0,0,2,1,0,0,2,0,2,2,0,1,1,0,2,2,0,3,3
ATCGTTTGCCTACC-1,1,3,6,7,4,7,6,2,6,7,3,6,6,2,7,6,2,6,6,2,6,6,5,6,7,3,6,6
ATCGTTTGGGTACT-1,1,3,6,7,4,7,6,2,6,7,3,6,6,2,7,6,2,6,6,2,6,6,5,6,7,3,6,6
ATCGTTTGTGCCAA-1,1,3,6,7,4,7,6,2,6,7,3,6,6,2,7,6,2,6,6,2,6,6,5,6,7,3,6,6
ATCTACACCCGCTT-1,1,3,6,7,4,7,6,2,6,7,3,6,6,2,7,6,2,6,6,2,6,6,5,6,7,3,6,6
ATCTACACCGGGAA-1,0,0,2,1,0,1,2,0,2,2,0,2,1,0,1,2,0,2,2,0,1,1,0,2,2,0,3,3
ATCTCAACAGGAGC-1,3,1,1,3,1,2,1,1,1,1,2,1,2,1,2,1,1,1,1,1,2,2,2,1,3,2,2,2
ATCTCAACCTCGAA-1,0,0,0,0,0,0,0,0,0,0,0,0,0,0,0,0,0,0,0,0,0,0,0,0,0,0,0,0
ATCTCAACCTTGTT-1,1,3,6,7,4,7,6,2,6,7,3,6,6,2,7,6,2,6,6,2,6,6,5,6,7,3,6,6
ATCTGGGAAACCAC-1,1,3,6,7,4,7,6,2,6,7,3,6,6,2,7,6,2,6,6,2,6,6,5,6,7,3,6,6
ATCTGGGAAGTGTC-1,1,3,6,7,4,7,6,2,6,7,3,6,6,2,7,6,2,6,6,2,6,6,5,6,7,3,6,6
ATCTGGGATTCCGC-1,0,4,5,2,3,6,5,4,5,6,1,5,5,3,6,5,5,5,5,3,3,5,4,5,1,1,1,1
ATCTGTTGAACGGG-1,0,0,2,1,0,1,2,0,2,2,0,2,1,0,1,2,0,2,2,0,1,1,0,2,2,0,3,3
ATCTGTTGACCTCC-1,0,0,0,1,0,1,2,0,2,2,0,2,1,0,1,2,0,2,2,0,0,0,0,2,2,0,3,3
ATCTGTTGCCTTCG-1,4,2,3,5,2,4,3,2,3,4,4,3,3,2,4,3,2,3,3,4,4,3,3,3,5,3,4,4
ATCTGTTGGTTGCA-1,0,0,2,1,0,1,2,0,2,2,0,2,1,0,1,2,0,2,2,0,1,1,0,2,2,0,3,3
ATCTTGACACCAAC-1,0,0,2,1,0,0,0,0,0,0,0,2,1,0,0,0,0,2,2,0,0,1,0,0,0,0,3,3
ATCTTGACCTCCCA-1,1,3,6,7,4,7,6,2,6,7,3,6,6,2,7,6,2,6,6,2,6,6,5,6,7,3,6,6
ATCTTTCTGCATCA-1,0,4,5,2,0,0,0,0,0,0,1,0,5,0,0,0,0,0,0,3,3,5,0,0,0,0,0,0
ATCTTTCTGTTTCT-1,2,4,5,2,3,6,5,4,5,6,1,5,5,3,6,5,5,5,5,3,3,5,4,5,1,1,1,1
ATCTTTCTTGTCCC-1,2,4,4,6,3,5,4,4,4,5,1,4,4,3,5,4,5,4,4,3,5,4,4,4,6,1,5,5
ATGAAACTCTGTGA-1,0,0,5,2,0,6,2,0,5,6,0,2,1,0,6,2,0,2,2,0,1,1,0,2,2,0,3,3
ATGAAACTGAGGCA-1,0,0,0,0,0,0,0,0,0,0,0,2,0,0,0,0,0,0,0,0,0,0,0,0,0,0,0,0
ATGAAGGAACAGCT-1,2,4,5,2,3,6,5,4,5,6,1,5,5,3,6,5,5,5,5,3,3,5,4,5,1,1,1,1
ATGAAGGACCTGTC-1,3,1,1,3,1,2,1,1,1,1,2,1,2,1,2,1,1,1,1,1,2,2,2,1,3,2,2,2
ATGAAGGACCTTAT-1,3,1,1,3,1,2,1,1,1,1,2,1,2,1,2,1,1,1,1,1,2,2,2,1,3,2,2,2
ATGAAGGACTAGTG-1,3,1,1,3,1,2,1,1,1,1,2,1,2,1,2,1,1,1,1,1,2,2,2,1,3,2,2,2
ATGAAGGACTTGCC-1,2,4,4,6,3,5,4,4,4,5,1,4,4,3,5,4,5,4,4,3,5,4,4,4,6,1,5,5
ATGACGTGACGACT-1,3,1,1,3,1,2,1,1,1,1,2,1,2,1,2,1,1,1,1,1,2,2,2,1,3,2,2,2
ATGACGTGATCGGT-1,1,3,6,7,4,7,6,2,6,7,3,6,6,2,7,3,2,3,3,2,6,6,5,6,7,3,6,4
ATGAGAGAAAGTGA-1,0,0,2,1,0,1,2,0,2,2,0,2,1,0,1,2,0,2,2,0,1,1,0,2,2,0,3,3
ATGAGAGAACGCAT-1,0,0,0,0,0,0,0,0,0,0,0,2,0,0,0,0,0,0,0,0,0,0,0,0,0,0,0,0
ATGAGAGAAGTAGA-1,3,1,1,3,1,2,1,1,1,1,2,1,2,1,2,1,1,1,1,1,2,2,2,1,3,2,2,2
ATGAGCACACAGCT-1,0,0,0,0,0,0,0,0,0,0,0,2,0,0,0,0,0,0,0,0,0,0,0,0,0,0,0,0
ATGAGCACATCTTC-1,0,0,0,0,0,0,0,0,0,2,0,2,0,0,0,2,0,2,2,0,0,0,0,2,0,0,0,3
ATGATAACTTCACT-1,2,4,4,6,3,5,4,4,4,5,1,4,4,3,5,4,5,4,4,3,5,4,4,4,6,1,5,5
ATGATATGAAACAG-1,0,0,2,1,0,1,2,0,2,2,0,2,1,0,1,2,0,2,2,0,1,1,0,2,2,0,3,3
ATGATATGACTGGT-1,0,0,0,0,0,0,0,0,0,0,0,2,0,0,0,0,0,0,0,0,0,0,0,0,0,0,0,0
ATGATATGAGCACT-1,0,0,0,0,0,0,0,0,0,0,0,2,0,0,0,0,0,0,0,0,0,0,0,0,0,0,0,0
ATGATATGGTCATG-1,0,0,0,0,0,0,0,0,0,0,0,0,0,0,0,0,0,0,0,0,0,0,0,0,0,0,0,0
ATGATATGGTGCTA-1,2,4,4,6,3,5,4,4,4,5,1,4,4,3,5,4,5,4,4,3,5,4,4,4,6,1,5,5
ATGATATGTTGTCT-1,1,3,6,7,4,7,6,2,6,7,3,6,6,2,7,6,2,6,6,2,6,6,5,6,7,3,6,6
ATGCACGAATGTCG-1,3,1,1,3,1,2,1,1,1,1,2,1,2,1,2,1,1,1,1,1,2,2,2,1,3,2,2,2
ATGCACGACTGTAG-1,0,0,0,0,0,0,0,0,0,0,0,0,0,0,0,0,0,0,0,0,0,0,0,0,0,0,3,0
ATGCACGAGAACCT-1,3,1,1,3,1,2,1,1,1,1,2,1,2,1,2,1,1,1,1,1,2,2,2,1,3,2,2,2
ATGCACGAGTTCGA-1,0,0,0,0,0,0,0,0,0,0,0,2,0,0,0,0,0,0,0,0,0,0,0,0,0,0,0,0
ATGCACGATTGGTG-1,1,3,6,7,4,7,6,2,6,7,3,6,6,2,7,6,2,6,6,2,6,6,5,6,7,3,6,6
ATGCAGTGTTACCT-1,3,1,1,3,1,2,1,1,1,1,2,1,2,1,2,1,1,1,1,1,2,2,2,1,3,2,2,2
ATGCAGTGTTCTAC-1,0,0,0,1,0,1,2,0,0,0,0,0,0,0,0,2,0,2,0,0,1,1,0,0,0,0,0,0
ATGCCAGAACGACT-1,0,0,0,0,0,0,0,0,0,0,0,2,0,0,0,0,0,0,0,0,0,0,0,0,0,0,0,0
ATGCCAGACAGTCA-1,1,3,6,7,4,7,6,2,6,7,3,6,6,2,7,6,2,6,6,2,6,6,5,6,7,3,6,6
ATGCCGCTTGAACC-1,1,3,6,7,4,7,6,2,6,7,3,6,6,2,7,6,2,6,6,2,6,6,5,6,7,3,6,6
ATGCGATGCTATGG-1,1,3,6,7,4,7,6,2,6,7,3,6,6,2,7,6,2,6,6,2,6,6,5,6,7,3,6,6
ATGCGATGCTGAGT-1,0,0,0,0,0,0,0,0,0,0,0,2,0,0,0,0,0,0,0,0,0,0,0,0,0,0,0,0
ATGCGATGGTTACG-1,3,1,1,3,1,2,1,1,1,1,2,1,2,1,2,1,1,1,1,1,2,2,2,1,3,2,2,2
ATGCGCCTTCATTC-1,0,0,0,0,0,0,0,0,0,0,0,2,0,0,0,0,0,0,0,0,0,0,0,0,0,0,0,0
ATGCTTTGCGAATC-1,0,0,0,0,0,1,2,0,0,2,0,2,1,0,0,2,0,2,2,0,0,0,0,2,2,0,3,3
ATGCTTTGGGCGAA-1,2,4,5,2,3,6,5,4,5,6,1,5,5,3,6,5,5,5,5,3,3,5,4,5,1,1,1,1
ATGCTTTGTAGTCG-1,3,1,1,3,1,2,1,1,1,1,2,1,2,1,2,1,1,1,1,1,2,2,2,1,3,2,2,2
ATGGACACATCGGT-1,0,0,2,1,0,1,2,0,2,2,0,2,1,0,1,2,0,2,2,0,1,1,0,2,2,0,3,3
ATGGACACGCATCA-1,2,4,4,6,3,5,4,4,4,5,1,4,4,3,5,4,5,4,4,3,5,4,4,4,6,1,5,5
ATGGGTACAACCTG-1,3,1,1,3,1,2,1,1,1,1,2,1,2,1,2,1,1,1,1,1,2,2,2,1,3,2,2,2
ATGGGTACATCGGT-1,2,4,4,6,3,5,4,4,4,5,1,4,4,3,5,4,5,4,4,3,5,4,4,4,6,1,5,5
ATGGGTACTATTCC-1,0,0,2,1,0,1,2,0,2,2,0,2,1,0,1,2,0,2,2,0,1,1,0,2,2,0,3,3
ATGGGTACTGGGAG-1,0,0,2,1,0,1,2,0,2,2,0,2,1,0,1,2,0,2,2,0,1,1,0,2,2,0,3,3
ATGTAAACACCTCC-1,0,0,0,1,0,0,0,0,0,0,0,2,0,0,0,0,0,0,0,0,0,0,0,0,0,0,0,0
ATGTAAACCCGCTT-1,0,0,0,1,0,1,2,0,0,2,0,2,1,0,0,2,0,2,2,0,1,1,0,2,2,0,3,3
ATGTAAACGGGATG-1,5,5,7,8,5,8,7,5,7,3,5,7,7,4,8,7,3,7,7,5,7,7,6,7,8,5,7,7
ATGTAAACTCTCCG-1,0,4,2,1,3,1,2,0,2,2,0,5,1,3,1,2,5,2,2,0,1,1,0,2,2,0,3,3
ATGTAAACTTCACT-1,1,3,6,7,4,7,6,2,6,7,3,6,6,2,7,6,2,6,6,2,6,6,5,6,7,3,6,6
ATGTACCTCAGTCA-1,0,0,0,0,0,0,0,0,0,0,0,0,0,0,0,0,0,0,0,0,0,0,0,0,0,0,0,0
ATGTACCTTAGTCG-1,0,0,2,1,0,1,2,0,2,2,0,2,1,0,1,2,0,2,2,0,1,1,0,2,2,0,3,3
ATGTACCTTTATCC-1,1,3,6,7,4,7,6,2,6,7,3,6,6,2,7,6,2,6,6,2,6,6,5,6,7,3,6,6
ATGTACCTTTCACT-1,2,4,5,2,3,6,5,4,5,6,1,5,5,3,6,5,5,5,5,3,3,5,4,5,1,1,1,1
ATGTCACTAATGCC-1,1,3,6,7,4,7,6,2,6,7,3,6,6,2,7,6,2,6,6,2,6,6,5,6,7,3,6,6
ATGTCACTCTGCTC-1,0,0,0,0,0,0,0,0,0,0,0,0,0,0,0,0,0,0,0,0,0,0,0,0,0,0,0,0
ATGTCGGAGGTGAG-1,0,0,2,1,0,1,2,0,2,2,0,2,1,0,1,2,0,2,2,0,1,1,0,2,2,0,3,3
ATGTTCACAGTCTG-1,1,3,6,7,4,7,6,2,6,7,3,6,6,2,7,6,2,6,6,2,6,6,5,6,7,3,6,6
ATGTTCACCGTAGT-1,0,0,2,1,0,1,2,0,2,2,0,2,1,0,1,2,0,2,2,0,1,1,0,2,2,0,3,3
ATGTTGCTTTCAGG-1,0,0,2,1,0,1,2,0,2,2,0,2,1,0,1,2,0,2,2,0,1,1,0,2,2,0,3,3
ATTAACGATGAGAA-1,2,4,4,6,3,5,4,4,4,5,1,4,4,3,5,4,5,4,4,3,5,4,4,4,6,1,5,5
ATTAACGATGCAAC-1,2,4,5,2,3,6,5,4,5,6,1,5,5,3,6,5,5,5,5,3,3,5,4,5,1,1,1,1
ATTAAGACTGCAGT-1,0,0,2,1,0,1,2,0,2,2,0,2,1,0,1,2,0,2,2,0,1,1,0,2,2,0,3,3
ATTACCTGCCTTAT-1,1,3,6,7,4,7,6,2,6,7,3,6,6,2,7,6,2,6,6,2,6,6,5,6,7,3,6,6
ATTACCTGGAGGAC-1,4,2,3,5,2,4,3,2,3,4,4,3,3,2,4,3,2,3,3,4,4,3,3,3,5,3,4,4
ATTACCTGGGCATT-1,3,1,1,3,1,2,1,1,1,1,2,1,2,1,2,1,1,1,1,1,2,2,2,1,3,2,2,2
ATTAGATGTTTCAC-1,0,0,0,0,0,0,0,0,0,0,0,0,0,0,0,0,0,0,0,0,0,0,0,0,0,0,0,0
ATTATGGAATCTCT-1,0,0,2,1,0,1,2,0,2,2,0,2,1,0,1,2,0,2,2,0,1,1,0,2,2,0,3,3
ATTCAAGAACGGGA-1,0,0,0,0,0,0,0,0,0,0,0,2,0,0,0,0,0,0,0,0,0,0,0,0,0,0,0,0
ATTCAAGACCTTTA-1,0,0,2,1,0,1,2,0,2,2,0,0,1,0,1,2,0,2,2,0,1,1,0,2,2,0,3,3
ATTCAGCTCATTGG-1,6,6,8,9,6,9,8,3,8,8,6,8,8,5,9,8,4,8,8,6,8,8,7,8,9,4,8,8
ATTCCAACCATTGG-1,1,3,6,7,4,7,6,2,6,7,3,6,6,2,7,6,2,6,6,2,6,6,5,6,7,3,6,6
ATTCCAACTTAGGC-1,2,4,4,6,3,5,4,4,4,5,1,4,4,3,5,4,5,4,4,3,5,4,4,4,6,1,5,5
ATTCGACTCACTAG-1,0,0,2,1,0,1,2,0,2,2,0,2,1,0,1,2,0,2,2,0,1,1,0,2,2,0,3,3
ATTCGACTGAATAG-1,1,3,6,7,4,7,6,2,6,7,3,6,6,2,7,6,2,6,6,2,6,6,5,6,7,3,6,6
ATTCGACTTTTGTC-1,4,2,3,5,2,4,3,2,3,4,4,3,3,2,4,3,2,3,3,4,4,3,3,3,5,3,4,4
ATTCGGGAAAGGCG-1,1,3,6,7,4,7,6,2,6,7,3,6,6,2,7,6,2,6,6,2,6,6,5,6,7,3,6,6
ATTCGGGATTAGGC-1,0,0,2,1,0,1,2,0,2,2,0,2,1,0,1,2,0,2,2,0,1,1,0,2,2,0,3,3
ATTCTTCTGATACC-1,0,0,0,2,0,0,0,0,0,0,0,5,5,0,0,0,0,0,0,0,3,5,0,0,0,0,0,0
ATTGAATGGACGGA-1,0,0,0,0,0,0,0,0,0,0,0,0,0,0,0,0,0,0,0,0,0,0,0,0,0,0,0,0
ATTGATGAAGGTTC-1,0,0,0,0,0,0,0,0,0,0,0,0,0,0,0,0,0,0,0,0,0,0,0,0,0,0,0,0
ATTGATGACTGAGT-1,0,0,0,0,0,0,0,0,0,0,0,2,0,0,0,0,0,0,0,0,0,0,0,0,0,0,0,0
ATTGATGAGCGAAG-1,0,0,2,1,0,1,2,0,2,2,0,2,1,0,1,2,0,2,2,0,1,1,0,2,2,0,3,3
ATTGATGATCTATC-1,0,0,0,0,0,0,0,0,0,0,0,2,0,0,0,0,0,0,0,0,0,0,0,0,0,0,0,0
ATTGCACTGACGGA-1,0,0,0,0,0,0,0,0,0,0,0,0,0,0,0,0,0,0,0,0,0,0,0,0,0,0,0,0
ATTGCACTGAGAGC-1,4,2,3,5,2,4,3,2,3,4,4,3,3,2,4,3,2,3,3,4,4,3,3,3,5,3,4,4
ATTGCACTGGAGCA-1,1,3,6,7,4,7,6,2,6,7,3,6,6,2,7,6,2,6,6,2,6,6,5,6,7,3,6,6
ATTGCACTTAGCCA-1,0,0,0,0,0,0,0,0,0,0,0,2,0,0,0,0,0,0,0,0,0,0,0,0,0,0,0,0
ATTGCACTTGCTTT-1,4,2,3,5,2,4,3,2,3,4,4,3,3,2,4,3,2,3,3,4,4,3,3,3,5,3,4,4
ATTGCTTGTTACTC-1,3,1,1,3,1,2,1,1,1,1,2,1,2,1,2,1,1,1,1,1,2,2,2,1,3,2,2,2
ATTGGTCTGACTAC-1,3,1,1,3,1,2,1,1,1,1,2,1,2,1,2,1,1,1,1,1,2,2,2,1,3,2,2,2
ATTGGTCTTGTCTT-1,3,1,1,3,1,2,1,1,1,1,2,1,2,1,2,1,1,1,1,1,2,2,2,1,3,2,2,2
ATTGTAGATTCCCG-1,5,5,7,8,5,8,7,5,7,3,5,7,7,4,8,7,3,7,7,5,7,7,6,7,8,5,7,7
ATTGTAGATTGCAG-1,0,0,0,1,0,0,0,0,0,0,0,0,0,0,0,2,0,0,0,0,0,5,0,0,2,0,0,0
ATTGTCTGCGTACA-1,0,0,0,0,0,1,2,0,0,2,0,2,0,0,0,2,0,2,2,0,0,0,0,2,0,0,3,3
ATTTAGGAACCATG-1,4,2,3,5,2,4,3,2,3,4,4,3,3,2,4,3,2,3,3,4,4,3,3,3,5,3,4,4
ATTTAGGACAGAGG-1,0,0,2,1,0,1,2,0,2,2,0,2,1,0,1,2,0,2,2,0,1,1,0,2,2,0,3,3
ATTTCCGAGATGAA-1,0,0,2,1,0,1,2,0,2,2,0,2,1,0,1,2,0,2,2,0,1,1,0,2,2,0,3,3
ATTTCCGAGTGCTA-1,0,0,2,1,0,1,2,0,2,2,0,2,1,0,1,2,0,2,2,0,1,1,0,2,2,0,3,3
ATTTCGTGTATGGC-1,2,4,5,2,3,6,5,4,5,6,1,5,5,3,6,5,5,5,5,3,3,5,4,5,1,1,1,1
ATTTCTCTACTTTC-1,4,2,3,5,2,4,3,2,3,4,4,3,3,2,4,3,2,3,3,4,4,3,3,3,5,3,4,4
ATTTCTCTAGCAAA-1,0,0,2,1,0,1,2,0,2,2,0,2,1,0,1,2,0,2,2,0,1,1,0,2,2,0,3,3
ATTTCTCTCACTTT-1,4,2,3,5,2,4,3,2,3,4,4,3,3,2,4,3,2,3,3,4,4,3,3,3,5,3,4,4
ATTTCTCTTCCCAC-1,0,0,0,0,0,0,0,0,0,0,0,0,0,0,0,0,0,0,0,0,0,0,0,0,0,0,0,0
ATTTGCACAAGATG-1,1,3,6,7,4,7,6,2,6,7,3,6,6,2,7,6,2,6,6,2,6,6,5,6,7,3,6,6
CAAAGCACAGCTCA-1,0,0,0,1,0,1,2,0,0,0,0,2,1,0,0,0,0,2,2,0,0,1,0,2,2,0,3,3
CAAAGCACCGTAAC-1,3,1,1,3,1,2,1,1,1,1,2,1,2,1,2,1,1,1,1,1,2,2,2,1,3,2,2,2
CAAAGCACGGTAAA-1,2,4,4,6,3,5,4,4,5,6,1,4,4,3,5,4,5,5,5,3,5,4,4,4,6,1,1,1
CAAAGCTGAAAGTG-1,0,0,0,0,0,0,0,0,0,0,0,0,0,0,0,0,0,0,0,0,0,0,0,0,0,0,0,0
CAAAGCTGTTGCTT-1,1,3,6,7,4,7,6,2,6,7,3,6,6,2,7,6,2,6,6,2,6,6,5,6,7,3,6,6
CAAATATGTGACAC-1,0,0,0,0,0,0,0,0,0,0,0,2,0,0,0,0,0,0,0,0,0,0,0,0,0,0,0,0
CAAATTGAGGGCAA-1,0,0,0,0,0,0,0,0,0,0,0,0,0,0,0,0,0,0,0,0,0,0,0,0,0,0,0,0
CAAATTGATGGAGG-1,1,3,6,7,4,7,6,2,6,7,3,6,6,2,7,6,2,6,6,2,6,6,5,6,7,3,6,6
CAACCAGAAAAGTG-1,0,0,0,0,0,0,0,0,0,0,0,0,0,0,0,0,0,0,0,0,0,0,0,0,0,0,0,0
CAACCAGAAGTGCT-1,0,0,0,0,0,1,2,0,0,2,0,2,1,0,0,2,0,2,2,0,1,0,0,2,2,0,3,3
CAACCAGAGTTCAG-1,1,3,6,7,4,7,6,2,6,7,3,6,6,2,7,6,2,6,6,2,6,6,5,6,7,3,6,6
CAACCAGATAGAAG-1,1,3,6,7,4,7,6,2,6,7,3,6,6,2,7,6,2,6,6,2,6,6,5,6,7,3,6,6
CAACCGCTGTTCAG-1,0,0,0,0,0,0,0,0,0,0,0,0,0,0,0,0,0,0,0,0,0,0,0,0,0,0,0,0
CAACCGCTTTGAGC-1,0,0,2,1,0,1,2,0,0,2,0,2,1,0,1,2,0,2,2,0,1,1,0,2,2,0,3,3
CAACGATGCGCAAT-1,4,2,3,5,2,4,3,2,3,4,4,3,3,2,4,3,2,3,3,4,4,3,3,3,5,3,4,4
CAACGTGACTCCAC-1,1,3,6,7,4,7,6,2,6,7,3,6,6,2,7,6,2,6,6,2,6,6,5,6,7,3,6,6
CAACGTGAGCCATA-1,2,4,5,2,3,6,5,4,5,6,1,5,5,3,6,5,5,5,5,3,3,5,4,5,1,1,1,1
CAACGTGATCAAGC-1,1,3,6,7,4,7,6,2,6,7,3,6,6,2,7,6,2,6,6,2,6,6,5,6,7,3,6,6
CAAGAAGACCACAA-1,2,4,5,2,3,6,5,4,5,6,1,5,5,3,6,5,5,5,5,3,3,5,4,5,1,1,1,1
CAAGAAGACGTCTC-1,1,3,6,7,4,7,6,2,6,7,3,6,6,2,7,6,2,6,6,2,6,6,5,6,7,3,6,6
CAAGAAGATTCTAC-1,0,0,0,0,0,0,0,0,0,0,0,0,0,0,0,0,0,0,0,0,0,0,0,0,0,0,0,0
CAAGACTGACCTGA-1,3,1,1,3,1,2,1,1,1,1,2,1,2,1,2,1,1,1,1,1,2,2,2,1,3,2,2,2
CAAGACTGAGTAGA-1,3,1,1,3,1,2,1,1,1,1,2,1,2,1,2,1,1,1,1,1,2,2,2,1,3,2,2,2
CAAGCTGACCATAG-1,4,2,3,5,2,4,3,2,3,4,4,3,3,2,4,3,2,3,3,4,4,3,3,3,5,3,4,4
CAAGCTGATCTATC-1,2,4,5,2,3,6,5,4,5,6,1,5,5,3,6,5,5,5,5,3,3,5,4,5,1,1,1,1
CAAGGACTGTTCAG-1,0,0,0,0,0,0,0,0,0,0,0,2,0,0,0,0,0,0,0,0,0,0,0,0,0,0,0,0
CAAGGACTTCTTTG-1,2,4,5,2,3,6,5,4,5,6,1,5,5,3,6,5,5,5,5,3,3,5,4,5,1,1,1,1
CAAGGTTGCTCCAC-1,0,0,2,1,0,1,2,0,0,2,0,2,1,0,1,2,0,2,2,0,1,1,0,2,2,0,3,3
CAAGGTTGTCATTC-1,3,1,1,3,1,2,1,1,1,1,2,1,2,1,2,1,1,1,1,1,2,2,2,1,3,2,2,2
CAAGGTTGTCTGGA-1,2,4,4,6,3,5,4,4,4,5,1,4,4,3,5,4,5,4,4,3,5,4,4,4,6,1,5,5
CAAGTCGAAACAGA-1,3,1,1,3,1,2,1,1,1,1,2,1,2,1,2,1,1,1,1,1,2,2,2,1,3,2,2,2
CAAGTCGATAGCGT-1,1,3,6,7,4,7,6,2,6,7,3,6,6,2,7,6,2,6,6,2,6,6,5,6,7,3,6,6
CAATAAACGCCATA-1,1,3,6,7,4,7,6,2,6,7,3,6,6,2,7,6,2,6,6,2,6,6,5,6,7,3,6,6
CAATAATGAACTGC-1,1,3,6,7,4,7,6,2,6,7,3,6,6,2,7,6,2,6,6,2,6,6,5,6,7,3,6,6
CAATATGACATGGT-1,0,0,2,1,0,1,2,0,0,2,0,2,1,0,1,2,0,2,2,0,1,1,0,2,2,0,3,3
CAATATGACCTTCG-1,2,4,5,2,3,6,5,4,5,6,1,5,5,3,6,5,5,5,5,3,3,5,4,5,1,1,1,1
CAATATGACGTTAG-1,0,0,0,0,0,0,0,0,0,0,0,2,0,0,0,0,0,0,0,0,0,0,0,0,0,0,0,0
CAATATGAGGAGCA-1,0,0,2,1,0,1,2,0,2,2,0,2,1,0,1,2,0,2,2,0,1,1,0,2,2,0,3,3
CAATCGGAGAAACA-1,0,0,2,1,0,1,2,0,2,2,0,2,1,0,1,2,0,2,2,0,1,1,0,2,2,0,3,3
CAATCTACTGACTG-1,2,4,4,6,3,5,4,4,4,5,1,4,4,3,5,4,5,4,4,3,5,4,4,4,6,1,5,5
CAATTCACCCAACA-1,2,4,5,2,3,6,5,4,5,6,1,5,5,3,6,5,5,5,5,3,3,5,4,5,1,1,1,1
CAATTCACGATAGA-1,0,0,0,1,0,1,2,0,0,0,0,2,1,0,0,2,0,2,2,0,0,0,0,2,2,0,0,3
CAATTCACTTGTGG-1,0,0,0,0,0,0,0,0,0,0,0,0,0,0,0,0,0,0,0,0,0,0,0,0,0,0,0,0
CAATTCTGCTTGTT-1,1,3,6,7,4,7,6,2,6,7,3,6,6,2,7,6,2,6,6,2,6,6,5,6,7,3,6,6
CAATTCTGGCGTAT-1,1,3,6,7,4,7,6,2,6,7,3,6,6,2,7,6,2,6,6,2,6,6,5,6,7,3,6,6
CACAACGATACGAC-1,0,0,0,0,0,0,0,0,0,0,0,2,0,0,0,0,0,0,0,0,0,0,0,0,0,0,0,0
CACAATCTTGTTCT-1,0,4,5,2,3,6,5,0,5,6,1,5,5,3,6,5,0,2,5,3,3,5,4,5,1,0,3,1
CACAATCTTTCCAT-1,2,4,5,2,3,6,5,4,5,6,1,5,5,3,6,5,5,5,5,3,3,5,4,5,1,1,1,1
CACACCTGCTTGAG-1,0,0,0,0,0,0,0,0,0,0,0,2,0,0,0,0,0,0,0,0,0,0,0,0,0,0,0,0
CACACCTGTATGGC-1,0,0,0,0,0,0,0,0,0,0,0,0,0,0,0,0,0,0,0,0,0,0,0,0,0,0,0,0
CACAGAACCCTTGC-1,3,1,1,3,1,2,1,1,1,1,2,1,2,1,2,1,1,1,1,1,2,2,2,1,3,2,2,2
CACAGAACCTGATG-1,0,0,2,1,0,1,2,0,2,2,0,5,1,0,1,2,0,2,2,0,1,1,0,2,2,0,3,3
CACAGATGGGATTC-1,0,0,2,1,0,1,2,0,2,2,0,2,1,0,1,2,0,2,2,0,1,1,0,2,2,0,3,3
CACAGATGGTTTCT-1,1,3,6,7,4,7,6,2,6,7,3,6,6,2,7,6,2,6,6,2,6,6,5,6,7,3,6,6
CACAGCCTGATACC-1,0,0,2,1,0,1,2,0,5,2,0,2,5,0,1,2,0,2,2,0,1,5,0,5,1,0,3,3
CACAGCCTTGCCAA-1,4,2,3,5,2,4,3,2,3,4,4,3,3,2,4,3,2,3,3,4,4,3,3,3,5,3,4,4
CACAGCCTTGTAGC-1,0,0,2,1,0,1,2,0,2,2,0,2,1,0,1,2,0,2,2,0,1,1,0,2,2,0,3,3
CACAGTGATGAAGA-1,1,3,6,7,4,7,6,2,6,7,3,6,6,2,7,6,2,6,6,2,6,6,5,6,7,3,6,6
CACATACTACAGCT-1,2,4,5,2,3,6,5,4,5,6,1,0,5,3,6,5,5,5,5,3,0,5,4,0,1,1,1,1
CACATGGAACACGT-1,0,0,0,0,0,1,2,0,0,2,0,2,1,0,0,2,0,2,2,0,1,0,0,2,2,0,3,3
CACATGGAAGTCGT-1,0,0,0,0,0,0,0,0,0,0,0,0,0,0,0,0,0,0,0,0,0,0,0,0,0,0,0,0
CACCACTGCCAACA-1,0,0,0,0,0,0,0,0,0,0,0,2,0,0,0,0,0,0,0,0,0,0,0,0,0,0,0,0
CACCACTGGCGAAG-1,2,4,4,6,3,5,4,4,4,5,1,4,4,3,5,4,5,4,4,3,5,4,4,4,6,1,5,5
CACCCATGTTCTGT-1,0,4,5,2,3,6,5,0,0,0,1,0,5,3,6,5,0,0,0,3,3,5,4,0,1,0,1,0
CACCGGGAATCGAC-1,0,0,2,1,0,1,2,0,2,2,0,2,1,0,1,2,0,2,2,0,1,1,0,2,2,0,3,3
CACCGGGACGAGAG-1,2,4,5,2,3,6,5,4,5,6,1,5,5,3,6,5,5,5,5,3,3,5,4,5,1,1,1,1
CACCGGGACGTGTA-1,0,0,0,0,0,0,0,0,0,0,0,2,0,0,0,0,0,0,0,0,0,0,0,0,0,0,0,0
CACCGGGACTTCTA-1,7,4,2,1,3,1,2,0,2,2,0,5,1,3,1,2,0,2,2,0,1,1,0,2,2,0,3,3
CACCGGGACTTGCC-1,2,4,5,2,3,6,5,4,5,6,1,5,5,3,6,5,5,5,5,3,3,5,4,5,1,1,1,1
CACCGGGATTCGGA-1,2,4,5,2,3,6,5,4,5,6,1,5,5,3,6,5,5,5,5,3,3,5,4,5,1,1,1,1
CACCGTACTAAGGA-1,3,1,1,3,1,2,1,1,1,1,2,1,2,1,2,1,1,1,1,1,2,2,2,1,3,2,2,2
CACCGTACTAGCGT-1,0,0,0,0,0,1,2,0,0,2,0,2,0,0,0,2,0,2,2,0,0,0,0,2,0,0,3,3
CACCTGACACCCAA-1,2,4,5,2,3,6,5,4,5,6,1,5,5,3,6,5,5,5,5,3,3,5,4,5,1,1,1,1
CACCTGACCAGAAA-1,0,0,2,1,0,1,2,0,2,2,0,2,1,0,1,2,0,2,2,0,1,1,0,2,2,0,3,3
CACCTGACCTCAAG-1,2,4,5,2,3,6,5,4,5,6,1,5,5,3,6,5,5,5,5,3,3,5,4,5,1,1,1,1
CACCTGACGAAAGT-1,3,1,1,3,1,2,1,1,1,1,2,1,2,1,2,1,1,1,1,1,2,2,2,1,3,2,2,2
CACCTGACTCGTAG-1,0,0,0,0,0,0,0,0,0,0,0,2,0,0,0,0,0,0,0,0,0,0,0,0,0,0,0,0
CACGAAACTTCCGC-1,3,1,1,3,1,2,1,1,1,1,2,1,2,1,2,1,1,1,1,1,2,2,2,1,3,2,2,2
CACGACCTCGATAC-1,3,1,1,3,1,2,1,1,1,1,2,1,2,1,2,1,1,1,1,1,2,2,2,1,3,2,2,2
CACGCTACAGAAGT-1,0,0,0,0,0,0,0,0,0,0,0,0,0,0,0,0,0,0,0,0,0,0,0,0,0,0,0,0
CACGCTACTGTTCT-1,3,1,1,3,1,2,1,1,1,1,2,1,2,1,2,1,1,1,1,1,2,2,2,1,3,2,2,2
CACGCTACTTGACG-1,1,3,6,7,4,7,6,2,6,7,3,6,6,2,7,6,2,6,6,2,6,6,5,6,7,3,6,6
CACGGGACAGAGTA-1,0,0,0,0,0,1,0,0,0,2,0,0,0,0,0,0,0,2,2,0,0,0,0,2,0,0,3,3
CACGGGACATAAGG-1,0,0,0,1,0,1,2,0,0,0,0,2,1,0,0,0,0,2,2,0,0,1,0,2,2,0,3,3
CACGGGACGTAGGG-1,0,0,2,1,0,1,2,0,2,2,0,2,1,0,1,2,0,2,2,0,1,1,0,2,2,0,3,3
CACGGGTGCTTCGC-1,2,4,5,2,3,6,5,4,5,6,1,5,5,3,6,5,5,5,5,3,3,5,4,5,1,1,1,1
CACGGGTGGAGGAC-1,2,4,5,2,3,6,5,4,5,6,1,5,5,3,6,5,5,5,5,3,3,5,4,5,1,1,1,1
CACGGGTGTGTTTC-1,0,0,0,0,0,0,0,0,0,0,0,0,0,0,0,0,0,0,0,0,0,0,0,0,0,0,0,0
CACTAACTCCTAAG-1,3,1,1,3,1,2,1,1,1,1,2,1,2,1,2,1,1,1,1,1,2,2,2,1,3,2,2,2
CACTAACTGAAAGT-1,0,0,2,1,0,1,2,0,0,2,0,2,1,0,0,2,0,2,2,0,1,1,0,2,2,0,3,3
CACTAGGATGATGC-1,3,1,1,3,1,2,1,1,1,1,2,1,2,1,2,1,1,1,1,1,2,2,2,1,3,2,2,2
CACTATACCCCGTT-1,3,1,1,3,1,2,1,1,1,1,2,1,2,1,2,1,1,1,1,1,2,2,2,1,3,2,2,2
CACTATACGTTTGG-1,2,4,5,2,3,6,5,4,5,6,1,5,5,3,6,5,5,5,5,3,3,5,4,5,1,1,1,1
CACTGAGACAGTCA-1,1,3,6,7,4,7,6,2,6,7,3,6,6,2,7,6,2,6,6,2,6,6,5,6,7,3,6,6
CACTGCACTTCATC-1,0,0,0,0,0,0,0,0,0,0,0,2,0,0,0,0,0,0,0,0,0,0,0,0,0,0,0,0
CACTGCTGAGACTC-1,4,2,3,5,2,4,3,2,3,4,4,3,3,2,4,3,2,3,3,4,4,3,3,3,5,3,4,4
CACTGCTGGAAAGT-1,0,0,2,1,0,1,2,0,2,2,0,2,1,0,1,2,0,2,2,0,1,1,0,2,2,0,3,3
CACTTAACCGAATC-1,0,0,2,1,0,1,2,0,2,2,0,2,1,0,1,2,0,2,2,0,1,1,0,2,2,0,3,3
CACTTAACCGTACA-1,3,1,1,3,1,2,1,1,1,1,2,1,2,1,2,1,1,1,1,1,2,2,2,1,3,2,2,2
CACTTTGACTCTAT-1,2,4,5,2,3,6,5,4,5,6,1,5,5,3,6,5,5,5,5,3,3,5,4,5,1,1,1,1
CACTTTGAGCTGTA-1,2,4,5,2,3,6,5,4,5,6,1,0,5,3,6,5,5,5,5,3,3,5,4,5,1,1,1,1
CAGAAGCTCTCAAG-1,0,0,0,0,0,0,0,0,0,0,0,0,0,0,0,0,0,0,0,0,0,0,0,0,0,0,0,0
CAGACATGAACGGG-1,0,0,0,0,0,0,0,0,0,0,0,2,0,0,0,0,0,0,0,0,0,0,0,0,0,0,0,0
CAGACATGTCGACA-1,0,0,2,1,0,1,2,0,2,2,0,2,1,0,1,2,0,2,2,0,1,1,0,2,2,0,3,3
CAGACCCTAAGGTA-1,4,2,3,5,2,4,3,2,3,4,4,3,3,2,4,3,2,3,3,4,4,3,3,3,5,3,4,4
CAGACCCTAATGCC-1,0,0,0,0,0,0,0,0,0,0,0,2,1,0,0,2,0,0,0,0,0,0,0,0,0,0,0,0
CAGACCCTAGGAGC-1,0,0,0,1,0,1,2,0,0,2,0,2,1,0,0,2,0,2,2,0,0,0,0,2,2,0,3,3
CAGACTGAGTATGC-1,0,0,0,0,0,0,0,0,0,0,0,2,0,0,0,0,0,0,0,0,0,0,0,0,0,0,0,0
CAGATCGAATGTCG-1,3,1,1,3,1,2,1,1,1,1,2,1,2,1,2,1,1,1,1,1,2,2,2,1,3,2,2,2
CAGATCGACCTGAA-1,0,0,0,0,0,0,0,0,0,0,0,0,0,0,0,0,0,0,0,0,0,0,0,0,0,0,0,0
CAGATCGATATGGC-1,0,0,0,1,0,0,0,0,0,0,0,2,0,0,0,0,0,2,2,0,0,0,0,2,0,0,3,3
CAGATGACATTCTC-1,2,4,4,6,3,5,4,4,4,5,1,4,4,3,5,4,5,4,4,3,5,4,4,4,6,1,5,5
CAGCAATGCCTTCG-1,0,0,0,1,0,0,0,0,0,2,0,2,0,0,0,0,0,2,2,0,0,0,0,2,0,0,3,3
CAGCAATGGAGGGT-1,2,4,4,6,3,5,4,4,4,5,1,4,4,3,5,4,5,4,4,3,5,4,4,4,6,1,5,5
CAGCAATGGTGCTA-1,0,0,2,1,0,1,2,0,2,2,0,2,1,0,1,2,0,2,2,0,0,0,0,2,2,0,3,3
CAGCAATGTCTACT-1,1,3,6,7,4,7,6,2,6,7,3,6,6,2,7,6,2,6,6,2,6,6,5,6,7,3,6,6
CAGCAATGTGACCA-1,0,0,2,1,0,1,2,0,2,2,0,2,1,0,1,2,0,2,2,0,1,1,0,2,2,0,3,3
CAGCAATGTGAGGG-1,1,3,6,7,4,7,6,2,6,7,3,6,6,2,7,6,2,6,6,2,6,6,5,6,7,3,6,6
CAGCACCTAAGCCT-1,0,0,0,1,0,1,2,0,0,0,0,2,1,0,0,2,0,2,2,0,1,1,0,2,2,0,3,3
CAGCACCTAGGCGA-1,0,0,0,0,0,0,0,0,0,0,0,0,0,0,0,0,0,0,0,0,0,0,0,0,0,0,0,0
CAGCACCTGTAGGG-1,1,3,6,7,4,7,6,2,6,7,3,6,6,2,7,6,2,6,6,2,6,6,5,6,7,3,6,6
CAGCATGACAACCA-1,1,3,6,7,4,7,6,2,6,7,3,6,6,2,7,6,2,6,6,2,6,6,5,6,7,3,6,6
CAGCATGAGACGTT-1,2,4,5,2,3,6,5,4,5,6,1,5,5,3,6,5,5,5,5,3,3,5,4,5,1,1,1,1
CAGCCTACCCAACA-1,0,0,2,1,0,1,2,0,2,2,0,2,1,0,1,2,0,2,2,0,1,1,0,2,2,0,3,3
CAGCCTTGCTACCC-1,1,3,6,7,4,7,6,2,6,7,3,6,6,2,7,6,2,6,6,2,6,6,5,6,7,3,6,6
CAGCCTTGGGGACA-1,0,0,2,1,0,1,2,0,2,2,0,2,1,0,1,2,0,2,2,0,1,1,0,2,2,0,3,3
CAGCGGACACCCTC-1,0,0,0,0,0,0,0,0,0,0,0,2,0,0,0,0,0,0,0,0,0,0,0,0,0,0,0,0
CAGCGGACCTTTAC-1,2,4,4,6,3,5,4,4,4,5,1,4,4,3,5,4,5,4,4,3,5,4,4,4,6,1,5,5
CAGCGTCTAAAGCA-1,0,0,0,1,0,0,0,0,0,2,0,2,1,0,0,2,0,2,0,0,0,0,0,2,0,0,0,0
CAGCGTCTTATCGG-1,0,0,0,0,0,1,2,0,0,2,0,2,1,0,0,2,0,2,2,0,1,0,0,2,0,0,3,3
CAGCTAGATGTGAC-1,1,3,6,7,4,7,6,2,6,7,3,6,6,2,7,6,2,6,6,2,6,6,5,6,7,3,6,6
CAGCTCTGAGGCGA-1,0,0,2,1,0,1,2,0,2,2,0,2,1,0,1,2,0,2,2,0,1,1,0,2,2,0,3,3
CAGCTCTGCAAGCT-1,2,4,5,2,3,6,5,4,5,6,1,5,5,3,6,5,5,5,5,3,3,5,4,5,1,1,1,1
CAGCTCTGTCGTAG-1,1,3,6,7,4,7,6,2,6,7,3,6,6,2,7,6,2,6,6,2,6,6,5,6,7,3,6,6
CAGCTCTGTGTGGT-1,2,4,4,6,3,5,4,4,4,5,1,4,4,3,5,4,5,4,4,3,5,4,4,4,6,1,5,5
CAGGAACTAACTGC-1,2,4,5,2,3,6,5,4,5,6,1,5,5,3,6,5,5,5,5,3,3,5,4,5,1,1,1,1
CAGGAACTCTCAGA-1,1,3,6,7,4,7,6,2,6,7,3,6,6,2,7,6,2,6,6,2,6,6,5,6,7,3,6,6
CAGGCCGAACACCA-1,0,0,0,0,0,1,2,0,0,2,0,2,1,0,0,2,0,2,2,0,1,0,0,2,0,0,3,3
CAGGCCGAACACGT-1,0,0,2,1,0,1,2,0,2,2,0,2,1,0,1,2,0,2,2,0,1,1,0,2,2,0,3,3
CAGGCCGAACGACT-1,0,0,0,0,0,0,0,0,0,0,0,0,0,0,0,0,0,0,0,0,0,0,0,0,0,0,3,0
CAGGCCGAATCTCT-1,4,2,3,5,2,4,3,2,3,4,4,6,3,2,4,3,2,3,3,4,4,3,3,3,5,3,4,4
CAGGCCGACTAGCA-1,3,1,1,3,1,2,1,1,1,1,2,1,2,1,2,1,1,1,1,1,2,2,2,1,3,2,2,2
CAGGGCACCATACG-1,3,1,1,3,1,2,1,1,1,1,2,1,2,1,2,1,1,1,1,1,2,2,2,1,3,2,2,2
CAGGGCACCCAACA-1,0,0,0,0,0,0,0,0,0,0,0,2,0,0,0,0,0,0,0,0,0,0,0,0,0,0,0,0
CAGGGCACTCCCGT-1,0,0,2,1,0,1,2,0,2,2,0,2,1,0,1,2,0,2,2,0,1,1,0,2,2,0,3,3
CAGGTAACAGACTC-1,1,3,6,7,4,7,6,2,6,7,3,6,6,2,7,6,2,6,6,2,6,6,5,6,7,3,6,6
CAGGTATGAGTCGT-1,0,0,0,0,0,0,2,0,0,0,0,0,1,0,0,2,0,2,2,0,1,1,0,2,2,0,3,3
CAGGTATGTGCTTT-1,0,0,2,1,0,1,2,0,2,2,0,2,1,0,1,2,0,2,2,0,1,1,0,2,2,0,3,3
CAGGTTGAGGATCT-1,3,1,1,3,1,2,1,1,1,1,2,1,2,1,2,1,1,1,1,1,2,2,2,1,3,2,2,2
CAGTGATGGACGGA-1,3,1,1,3,1,2,1,1,1,1,2,1,2,1,2,1,1,1,1,1,2,2,2,1,3,2,2,2
CAGTGATGGCTAAC-1,2,4,5,2,3,6,5,4,5,6,1,5,5,3,6,5,5,5,5,3,3,5,4,5,1,1,1,1
CAGTGATGGGACAG-1,0,0,0,1,0,1,2,0,0,2,0,2,1,0,0,2,0,2,2,0,1,1,0,2,2,0,3,3
CAGTGATGTAAGGA-1,3,1,1,3,1,2,1,1,1,1,2,1,2,1,2,1,1,1,1,1,2,2,2,1,3,2,2,2
CAGTGATGTACGCA-1,3,1,1,3,1,2,1,1,1,1,2,1,2,1,2,1,1,1,1,1,2,2,2,1,3,2,2,2
CAGTGTGAACACGT-1,0,4,5,2,0,0,0,0,0,0,1,0,5,0,0,0,0,0,0,3,3,5,0,0,0,0,0,0
CAGTGTGATGTCAG-1,0,0,0,0,0,0,0,0,0,0,0,0,0,0,0,0,0,0,0,0,0,0,0,0,0,0,0,0
CAGTTACTAAGGTA-1,3,1,1,3,1,2,1,1,1,1,2,1,2,1,2,1,1,1,1,1,2,2,2,1,3,2,2,2
CAGTTACTGATAGA-1,0,0,2,1,0,1,2,0,2,2,0,2,1,0,1,2,0,2,2,0,1,1,0,2,2,0,3,3
CAGTTGGAAAGAGT-1,1,3,6,7,4,4,6,2,6,7,3,6,6,2,7,3,2,3,3,2,6,6,5,6,5,3,6,6
CAGTTGGACATACG-1,0,0,0,1,0,1,2,0,0,2,0,2,1,0,0,2,0,2,2,0,1,0,0,2,2,0,3,3
CAGTTTACACACGT-1,2,4,4,6,3,5,4,4,4,5,1,4,4,3,5,4,5,4,4,3,5,4,4,4,6,1,5,5
CAGTTTACCCCAAA-1,0,0,0,0,0,0,0,0,0,0,0,0,0,0,0,0,0,0,0,0,0,0,0,0,0,0,0,0
CATAAAACGGAGCA-1,1,3,6,7,4,7,6,2,6,7,3,6,6,2,7,6,2,6,6,2,6,6,5,6,7,3,6,6
CATAAATGAACTGC-1,0,0,0,0,0,0,0,0,0,0,0,0,0,0,0,0,0,0,0,0,0,0,0,0,0,0,0,0
CATAACCTTCTCCG-1,0,0,0,0,0,1,2,0,0,2,0,2,1,0,0,2,0,2,2,0,1,0,0,2,0,0,3,3
CATACTACCTCGAA-1,0,0,0,0,0,0,0,0,0,0,0,0,0,0,0,0,0,0,0,0,0,0,0,0,0,0,0,0
CATACTACCTGAAC-1,0,0,0,0,0,0,0,0,0,0,0,2,0,0,0,0,0,0,0,0,0,0,0,0,0,0,0,0
CATACTACGTACCA-1,1,3,6,7,4,7,6,2,6,7,3,6,6,2,7,6,2,6,6,2,6,6,5,6,7,3,6,6
CATACTTGGGTTAC-1,4,2,3,5,2,4,3,2,3,4,4,3,3,2,4,3,2,3,3,4,4,3,3,3,5,3,4,4
CATAGTCTAATCGC-1,0,0,0,0,0,0,0,0,0,0,0,0,0,0,0,0,0,0,0,0,0,0,0,0,0,0,0,0
CATAGTCTCACTTT-1,0,0,0,0,0,1,2,0,0,2,0,2,1,0,0,2,0,2,2,0,1,1,0,2,2,0,3,3
CATATAGACTAAGC-1,5,5,7,8,5,8,7,5,7,3,5,7,7,4,8,7,3,7,7,5,7,7,6,7,8,5,7,7
CATATAGATCAGGT-1,3,1,1,3,1,2,1,1,1,1,2,1,2,1,2,1,1,1,1,1,2,2,2,1,3,2,2,2
CATCAACTAGAAGT-1,0,0,2,1,0,1,2,0,2,2,0,2,1,0,1,2,0,2,2,0,1,1,0,2,2,0,3,3
CATCAACTCCCTCA-1,0,0,0,1,0,1,2,0,0,2,0,2,1,0,0,2,0,2,2,0,0,0,0,2,2,0,3,3
CATCAGGACTTCCG-1,2,4,4,6,3,5,4,4,4,5,1,4,4,3,5,4,5,4,4,3,5,4,4,4,6,1,5,5
CATCAGGATAGCCA-1,2,4,4,6,3,5,4,4,4,5,1,4,4,3,5,4,5,4,4,3,5,4,4,4,6,1,5,5
CATCAGGATCCTAT-1,4,2,3,5,2,4,3,2,3,4,4,3,3,2,4,3,2,3,3,4,4,3,3,3,5,3,4,4
CATCAGGATGCACA-1,1,3,6,7,4,7,6,2,6,7,3,6,6,2,7,6,2,6,6,2,6,6,5,6,7,3,6,6
CATCAGGATTTCGT-1,1,3,6,7,4,7,6,2,6,7,3,6,6,2,7,6,2,6,6,2,6,6,5,6,7,3,6,6
CATCATACCGCATA-1,1,3,6,7,4,7,6,2,6,7,3,6,6,2,7,6,2,6,6,2,6,6,5,6,7,3,6,6
CATCATACGGAGCA-1,3,1,1,3,1,2,1,1,1,1,2,1,2,1,2,1,1,1,1,1,2,2,2,1,3,2,2,2
CATCATACTCAAGC-1,0,0,0,1,0,1,2,0,0,2,0,2,1,0,0,2,0,2,2,0,1,1,0,2,2,0,3,3
CATCGCTGGGATCT-1,0,0,2,1,0,1,2,0,2,2,0,2,1,0,1,2,0,2,2,0,1,1,0,2,2,0,3,3
CATCGCTGTGGCAT-1,3,1,1,3,1,2,1,1,1,1,2,1,2,1,2,1,1,1,1,1,2,2,2,1,3,2,2,2
CATCGGCTATGCTG-1,0,0,2,1,0,1,2,0,0,2,0,2,1,0,0,2,0,2,2,0,1,1,0,2,2,0,3,3
CATCGGCTTTGGCA-1,0,0,0,0,0,0,0,0,0,0,0,0,0,0,0,0,0,0,0,0,0,0,0,0,0,0,0,0
CATCTCCTATGTGC-1,3,1,1,3,1,2,1,1,1,1,2,1,2,1,2,1,1,1,1,1,2,2,2,1,3,2,2,2
CATCTCCTCGAACT-1,4,2,3,5,2,4,3,2,3,4,4,3,3,2,4,3,2,3,3,4,4,3,3,3,5,3,4,4
CATGAGACACGGGA-1,3,1,1,3,1,2,1,1,1,1,2,1,2,1,2,1,1,1,1,1,2,2,2,1,3,2,2,2
CATGAGACGTTGAC-1,2,4,4,6,3,5,4,4,4,5,1,4,4,3,5,4,5,4,4,3,5,4,4,4,6,1,5,5
CATGAGACTCGCCT-1,0,0,0,0,0,0,0,0,0,0,0,0,0,0,0,0,0,0,0,0,0,0,0,0,0,0,0,0
CATGCCACGGGTGA-1,0,0,0,0,0,0,0,0,0,0,0,2,0,0,0,0,0,0,0,0,0,0,0,0,0,0,0,0
CATGCCACTGCCAA-1,0,0,2,1,0,1,2,0,2,2,0,2,1,0,1,2,0,2,2,0,1,1,0,2,2,0,3,3
CATGCGCTAGTCAC-1,4,2,3,5,2,4,3,2,3,4,4,3,3,2,4,3,2,3,3,4,4,3,3,3,5,3,4,4
CATGCGCTCAGATC-1,1,3,6,7,4,7,6,2,6,7,3,6,6,2,7,6,2,6,6,2,6,6,5,6,7,3,6,6
CATGCGCTTTGCAG-1,4,2,3,5,2,4,3,2,3,4,4,3,3,2,4,3,2,3,3,4,4,3,3,3,5,3,4,4
CATGGCCTAGGGTG-1,1,3,6,7,4,7,6,2,6,7,3,6,6,2,7,6,2,6,6,2,6,6,5,6,7,3,6,6
CATGGCCTGTGCAT-1,0,0,0,0,0,0,0,0,0,0,0,2,0,0,0,0,0,0,0,0,0,0,0,0,0,0,0,0
CATGTACTATCGTG-1,2,4,5,2,3,6,5,4,5,6,1,5,5,3,6,5,5,5,5,3,3,5,4,5,1,1,1,1
CATGTTACAGTCGT-1,2,4,5,2,3,6,5,4,5,6,1,5,5,3,6,5,5,5,5,3,3,5,4,5,1,1,1,1
CATGTTACCTGAGT-1,0,0,0,0,0,0,0,0,0,0,0,0,0,0,0,0,0,0,0,0,0,0,0,0,0,0,0,0
CATGTTTGGGGATG-1,1,3,6,7,4,7,6,2,6,7,3,6,6,2,7,6,2,6,6,2,6,6,5,6,7,3,6,6
CATTACACACGGAG-1,3,1,1,3,1,2,1,1,1,1,2,1,2,1,2,1,1,1,1,1,2,2,2,1,3,2,2,2
CATTACACCAACTG-1,2,4,4,6,3,5,4,4,4,5,1,4,4,3,5,4,5,4,4,3,5,4,4,4,6,1,5,5
CATTACACGGAGTG-1,0,0,2,1,0,1,2,0,2,2,0,2,1,0,1,2,0,2,2,0,1,1,0,2,2,0,3,3
CATTACACTACTCT-1,0,0,0,0,0,0,0,0,0,0,0,2,0,0,0,0,0,0,0,0,0,0,0,0,0,0,0,0
CATTAGCTCCACAA-1,1,3,6,7,4,7,6,2,6,7,3,6,6,2,7,6,2,6,6,2,6,6,5,6,7,3,6,6
CATTGACTAGCGGA-1,1,3,6,7,4,7,6,2,6,7,3,6,6,2,7,6,2,6,6,2,6,6,5,6,7,3,6,6
CATTGGGACTCGAA-1,0,0,0,0,0,0,0,0,0,0,0,2,0,0,0,0,0,0,0,0,0,0,0,0,0,0,0,0
CATTGTACAGCGTT-1,0,0,0,0,0,0,0,0,0,0,0,0,0,0,0,0,0,0,0,0,0,0,0,0,0,0,0,0
CATTGTACTCGATG-1,3,1,1,3,1,2,1,1,1,1,2,1,2,1,2,1,1,1,1,1,2,2,2,1,3,2,2,2
CATTGTACTTATCC-1,0,0,0,0,0,0,0,0,0,0,0,0,0,0,0,0,0,0,0,0,0,0,0,0,0,0,0,0
CATTGTACTTTGCT-1,4,2,3,5,2,4,3,2,3,4,4,3,3,2,4,3,2,3,3,4,4,3,3,3,5,3,4,4
CATTGTTGCTAGTG-1,0,0,0,0,0,0,0,0,0,0,0,2,0,0,0,0,0,0,0,0,0,0,0,0,0,0,0,0
CATTTCGACTCTAT-1,2,4,5,2,3,6,5,4,5,6,1,5,5,3,6,5,5,5,5,3,3,5,4,5,1,1,1,1
CATTTCGAGATACC-1,2,4,4,6,3,5,4,4,4,5,1,4,4,3,5,4,5,4,4,3,5,4,4,4,6,1,5,5
CATTTGACCACACA-1,2,4,5,2,3,6,5,4,5,6,1,5,5,3,6,5,5,5,5,3,3,5,4,5,1,1,1,1
CATTTGACCCTGAA-1,2,4,5,2,3,6,5,4,5,6,1,5,5,3,6,5,5,5,5,3,3,5,4,5,1,1,1,1
CATTTGTGACGACT-1,3,1,1,3,1,2,1,1,1,1,2,1,2,1,2,1,1,1,1,1,2,2,2,1,3,2,2,2
CATTTGTGCATTGG-1,0,0,2,1,0,1,2,0,0,2,0,2,1,0,1,2,0,2,2,0,1,1,0,2,2,0,3,3
CATTTGTGCGGAGA-1,0,0,0,1,0,0,0,0,0,0,0,2,1,0,0,0,0,0,0,0,0,1,0,0,0,0,0,0
CATTTGTGGGATCT-1,3,1,1,3,1,2,1,1,1,1,2,1,2,1,2,1,1,1,1,1,2,2,2,1,3,2,2,2
CCAAAGTGCTACGA-1,1,3,6,7,4,7,6,2,6,7,3,6,6,2,7,6,2,6,6,2,6,6,5,6,7,3,6,6
CCAAAGTGTGAGAA-1,1,3,6,7,4,7,6,2,6,7,3,6,6,2,7,6,2,6,6,2,6,6,5,6,7,3,6,6
CCAACCTGAAGTAG-1,2,4,5,2,3,6,5,4,5,6,1,5,5,3,6,5,5,5,5,3,3,5,4,5,1,1,1,1
CCAACCTGACGTAC-1,1,3,6,7,4,7,6,2,6,7,3,6,6,2,7,6,2,6,6,2,6,6,5,6,7,3,6,6
CCAACCTGTTCGCC-1,1,3,6,7,4,7,6,2,6,7,3,6,6,2,7,6,2,6,6,2,6,6,5,6,7,3,6,6
CCAAGAACCCAATG-1,0,0,2,1,0,1,2,0,2,0,0,2,1,0,1,2,0,2,2,0,1,1,0,2,2,0,3,3
CCAAGAACGTAGCT-1,0,0,2,1,0,1,2,0,2,2,0,2,1,0,1,2,0,2,2,0,1,1,0,2,2,0,3,3
CCAAGAACGTGTCA-1,0,0,2,1,0,1,2,0,2,2,0,2,1,0,1,2,0,2,2,0,1,1,0,2,2,0,3,3
CCAAGAACTACTGG-1,2,4,5,2,3,6,5,4,5,6,1,5,5,3,6,5,5,5,5,3,3,5,4,5,1,1,1,1
CCAAGAACTCCTAT-1,3,1,1,3,1,2,1,1,1,1,2,1,2,1,2,1,1,1,1,1,2,2,2,1,3,2,2,2
CCAAGATGTCATTC-1,0,0,2,1,0,1,2,0,0,2,0,2,1,0,1,2,0,2,2,0,1,1,0,2,2,0,3,3
CCAAGATGTTTCAC-1,0,0,0,1,0,0,0,0,0,0,0,2,0,0,0,0,0,0,0,0,0,1,0,0,0,0,3,0
CCAAGTGAGGAACG-1,0,0,0,0,0,0,0,0,0,0,0,0,0,0,0,0,0,0,0,0,0,0,0,0,0,0,0,0
CCAAGTGATCAAGC-1,0,0,0,0,0,1,2,0,0,2,0,2,1,0,0,2,0,2,2,0,0,0,0,2,2,0,3,3
CCAATGGAACAGCT-1,1,3,6,7,4,7,6,2,6,7,3,6,6,2,7,6,2,6,6,2,6,6,5,6,7,3,6,6
CCAATTTGAACGTC-1,1,3,6,7,4,7,6,2,6,7,3,6,6,2,7,6,2,6,6,2,6,6,5,6,7,3,6,6
CCACCATGAACGTC-1,0,0,0,0,0,0,0,0,0,0,0,0,0,0,0,0,0,0,0,0,0,0,0,0,0,0,0,0
CCACCATGATCGGT-1,0,0,0,0,0,0,0,0,0,0,0,0,0,0,0,0,0,0,0,0,0,0,0,0,0,0,0,0
CCACCATGGACGAG-1,4,2,3,5,2,4,3,2,3,4,4,3,3,2,4,3,2,3,3,4,4,3,3,3,5,3,4,4
CCACCATGGGGAGT-1,0,0,0,0,0,0,0,0,0,0,0,0,0,0,0,0,0,0,0,0,0,0,0,0,0,0,0,0
CCACCATGTCCTGC-1,2,4,5,2,3,6,5,4,5,6,1,5,5,3,6,5,5,5,5,3,3,5,4,5,1,1,1,1
CCACTGACCCGCTT-1,1,3,6,7,4,7,6,2,6,7,3,6,6,2,7,6,2,6,6,2,6,6,5,6,7,3,6,6
CCACTGTGGGAAGC-1,1,3,6,7,4,7,6,2,6,7,3,6,6,2,7,6,2,6,6,2,6,6,5,6,7,3,6,6
CCACTGTGTGTAGC-1,0,0,0,0,0,0,0,0,0,0,0,2,0,0,0,0,0,0,0,0,0,0,0,0,0,0,0,0
CCACTTCTCGGGAA-1,1,3,6,7,4,7,6,2,6,7,3,6,6,2,7,6,2,6,6,2,6,6,5,6,7,3,6,6
CCAGAAACCCTGTC-1,3,1,1,3,1,2,1,1,1,1,2,1,2,1,2,1,1,1,1,1,2,2,2,1,3,2,2,2
CCAGAAACGAACTC-1,0,0,2,1,0,1,2,0,2,2,0,2,1,0,1,2,0,2,2,0,1,1,0,2,2,0,3,3
CCAGAAACGGTCTA-1,0,0,0,0,0,0,0,0,0,0,0,0,0,0,0,0,0,0,0,0,0,0,0,0,0,0,0,0
CCAGACCTCTGAGT-1,1,3,6,7,4,7,6,2,6,7,3,6,6,2,7,6,2,6,6,2,6,6,5,6,7,3,6,6
CCAGACCTTGTGGT-1,0,0,2,0,0,0,0,0,2,2,0,0,0,0,0,0,0,2,2,0,0,1,0,0,0,0,3,3
CCAGCACTGCGATT-1,4,2,3,5,2,4,3,2,3,4,4,3,3,2,4,3,2,3,3,4,4,3,3,3,5,3,4,4
CCAGCGGAAAGGCG-1,1,3,6,7,4,7,6,2,6,7,3,6,6,2,7,6,2,6,6,2,6,6,5,6,7,3,6,6
CCAGCGGACGACTA-1,1,3,6,7,4,7,6,2,6,7,3,6,6,2,7,6,2,6,6,2,6,6,5,6,7,3,6,6
CCAGCGGATGGGAG-1,0,0,0,1,0,1,2,0,0,2,0,2,1,0,0,2,0,2,2,0,1,1,0,2,2,0,3,3
CCAGCTACACAGTC-1,0,0,0,0,0,0,0,0,0,0,0,2,0,0,0,0,0,0,0,0,0,0,0,0,0,0,0,0
CCAGCTACCAGCTA-1,3,1,1,3,1,2,1,1,1,1,2,1,2,1,2,1,1,1,1,1,2,2,2,1,3,2,2,2
CCAGGTCTACACCA-1,3,1,1,3,1,2,1,1,1,1,2,1,2,1,2,1,1,1,1,1,2,2,2,1,3,2,2,2
CCAGGTCTAGCATC-1,1,3,6,7,4,7,6,2,6,7,3,6,6,2,7,6,2,6,6,2,6,6,5,6,7,3,6,6
CCAGGTCTATGGTC-1,0,0,0,0,0,0,2,0,0,2,0,0,0,0,0,0,0,0,0,0,0,0,0,0,0,0,3,0
CCAGTCACACTGGT-1,1,3,6,7,4,7,6,2,6,7,3,6,6,2,7,6,2,6,6,2,6,6,5,6,7,3,6,6
CCAGTCACACTGTG-1,3,1,1,3,1,2,1,1,1,1,2,1,2,1,2,1,1,1,1,1,2,2,2,1,3,2,2,2
CCAGTCACGTTGTG-1,0,0,0,0,0,0,0,0,0,2,0,2,1,0,0,2,0,0,0,0,0,0,0,0,0,0,0,3
CCAGTCTGCGGAGA-1,7,7,9,4,3,3,9,1,2,3,7,9,9,3,3,9,1,7,7,7,9,9,1,9,4,2,7,7
CCAGTGCTAACCAC-1,0,0,2,1,0,1,2,0,2,2,0,2,1,0,1,2,0,2,2,0,1,1,0,2,2,0,3,3
CCAGTGCTCGTAGT-1,0,0,0,1,0,1,2,0,0,2,0,2,1,0,0,2,0,2,2,0,0,0,0,2,2,0,3,3
CCATCCGAAAGCAA-1,0,0,0,0,0,0,0,0,0,0,0,0,0,0,0,0,0,0,0,0,0,0,0,0,0,0,0,0
CCATCCGAACGACT-1,0,4,5,2,3,6,5,4,5,6,1,0,5,3,6,5,5,5,5,3,3,5,4,5,1,1,1,1
CCATCCGAAGGTTC-1,3,1,1,3,1,2,1,1,1,1,2,1,2,1,2,1,1,1,1,1,2,2,2,1,3,2,2,2
CCATCCGATTCGCC-1,1,3,6,7,4,7,6,2,6,7,3,6,6,2,7,6,2,6,6,2,6,6,5,6,7,3,6,6
CCATCGTGAACGGG-1,0,0,2,1,0,1,2,0,2,2,0,2,1,0,1,2,0,2,2,0,1,1,0,2,2,0,3,3
CCATCGTGCTAGAC-1,4,2,3,5,2,4,3,2,3,4,4,3,3,2,4,3,2,3,3,4,4,3,3,3,5,3,4,4
CCCAACACCTCGCT-1,3,1,1,3,1,2,1,1,1,1,2,1,2,1,2,1,1,1,1,1,2,2,2,1,3,2,2,2
CCCAACACGCATCA-1,0,0,0,0,0,0,0,0,0,2,0,2,0,0,0,2,0,0,0,0,0,0,0,0,0,0,3,0
CCCAACACTTTGTC-1,1,3,6,7,4,7,6,2,6,7,3,6,6,2,7,6,2,6,6,2,6,6,5,6,7,3,6,6
CCCAACTGCAATCG-1,1,3,6,7,4,7,6,2,6,7,3,6,6,2,7,6,2,6,6,2,6,6,5,6,7,3,6,6
CCCAGACTGCCTTC-1,1,3,6,7,4,7,6,2,6,7,3,6,6,2,7,6,2,6,6,2,6,6,5,6,7,3,6,6
CCCAGACTGGTTTG-1,3,1,1,3,1,2,1,1,1,1,2,1,2,1,2,1,1,1,1,1,2,2,2,1,3,2,2,2
CCCAGACTTTCGCC-1,4,2,3,5,2,4,3,2,3,4,4,3,3,2,4,3,2,3,3,4,4,3,3,3,5,3,4,4
CCCAGTTGCAGTTG-1,1,3,6,7,4,7,6,2,6,7,3,6,6,2,7,6,2,6,6,2,6,6,5,6,7,3,6,6
CCCAGTTGGGTACT-1,0,4,5,2,3,6,5,4,5,6,1,5,5,3,6,5,5,5,5,3,3,5,4,5,1,1,1,1
CCCAGTTGTCTATC-1,3,1,1,3,1,2,1,1,1,1,2,1,2,1,2,1,1,1,1,1,2,2,2,1,3,2,2,2
CCCGATTGTGTTTC-1,0,0,0,0,0,0,0,0,0,0,0,2,0,0,0,0,0,0,0,0,0,0,0,0,0,0,0,0
CCCGGAGAAGGGTG-1,1,3,6,7,4,7,6,2,6,7,3,6,6,2,7,6,2,6,6,2,6,6,5,6,7,3,6,6
CCCTACGAATTGGC-1,1,3,6,7,4,7,6,2,6,7,3,6,6,2,7,6,2,6,6,2,6,6,5,6,7,3,6,6
CCCTAGTGCAAAGA-1,0,0,2,1,0,1,2,0,2,2,0,2,1,0,1,2,0,2,2,0,1,1,0,2,2,0,3,3
CCCTCAGACACTTT-1,3,1,1,3,1,2,1,1,1,1,2,1,2,1,2,1,1,1,1,1,2,2,2,1,3,2,2,2
CCCTCAGACGAGAG-1,0,0,0,0,0,0,0,0,0,0,0,2,0,0,0,0,0,0,0,0,0,0,0,0,0,0,0,0
CCCTCAGAGGTCAT-1,0,0,0,0,0,0,0,0,0,0,0,0,0,0,0,0,0,0,0,0,0,0,0,0,0,0,0,0
CCCTGAACTAAAGG-1,3,1,1,3,1,2,1,1,1,1,2,1,2,1,2,1,1,1,1,1,2,2,2,1,3,2,2,2
CCCTGATGCAACCA-1,0,0,0,0,0,1,2,0,0,2,0,2,1,0,0,2,0,2,2,0,1,1,0,2,0,0,3,3
CCCTGATGCAAGCT-1,3,1,1,3,1,2,1,1,1,1,2,1,2,1,2,1,1,1,1,1,2,2,2,1,3,2,2,2
CCCTTACTAACCAC-1,1,3,6,7,4,7,6,2,6,7,3,6,6,2,7,6,2,6,6,2,6,6,5,6,7,3,6,6
CCCTTACTGCAGTT-1,2,4,0,2,3,6,5,0,5,6,1,5,5,3,6,5,0,5,5,0,3,5,4,5,1,0,1,0
CCGAAAACCTTGTT-1,1,2,3,5,4,4,3,2,3,4,4,3,3,2,4,3,2,3,3,4,4,3,5,3,5,3,6,4
CCGACACTGGTTTG-1,0,0,2,1,0,1,2,0,2,2,0,2,1,0,1,2,0,2,2,0,1,1,0,2,2,0,3,3
CCGACTACCCAGTA-1,1,3,6,7,4,7,6,2,6,7,3,6,6,2,7,6,2,6,6,2,6,6,5,6,7,3,6,6
CCGACTACCGTGTA-1,0,0,0,0,0,0,0,0,0,0,0,0,0,0,0,0,0,0,0,0,0,0,0,0,0,0,0,0
CCGACTACTGAGGG-1,0,0,2,1,0,1,2,0,2,2,0,2,1,0,1,2,0,2,2,0,1,1,0,2,2,0,3,3
CCGATAGACCTAAG-1,0,0,0,0,0,0,0,0,0,0,0,0,0,0,0,0,0,0,0,0,0,0,0,0,0,0,0,0
CCGATAGAGTTGGT-1,1,3,6,7,4,7,6,2,6,7,3,6,6,2,7,6,2,6,6,2,6,6,5,6,7,3,6,6
CCGCGAGACACACA-1,1,3,6,7,4,7,6,2,6,7,3,6,6,2,7,6,2,6,6,2,6,6,5,6,7,3,6,6
CCGCGAGAGGTTCA-1,2,4,5,2,3,6,5,4,5,6,1,5,5,3,6,5,5,5,5,3,3,5,4,5,1,1,1,1
CCGCTATGGGACGA-1,3,1,1,3,1,2,1,1,1,1,2,1,2,1,2,1,1,1,1,1,2,2,2,1,3,2,2,2
CCGCTATGTGCAAC-1,1,3,6,7,4,7,6,2,6,7,3,6,6,2,7,6,2,6,6,2,6,6,5,6,7,3,6,6
CCGCTATGTGCACA-1,1,3,6,7,4,7,6,2,6,7,3,6,6,2,7,6,2,6,6,2,6,6,5,6,7,3,6,6
CCGGTACTGTCCTC-1,0,0,2,1,0,1,2,0,0,2,0,2,1,0,1,2,0,2,2,0,1,1,0,2,2,0,3,3
CCGTACACAAGCAA-1,0,0,0,0,0,0,0,0,0,0,0,2,0,0,0,0,0,0,0,0,0,0,0,0,0,0,0,0
CCGTACACAGCGTT-1,3,1,1,3,1,2,1,1,1,1,2,1,2,1,2,1,1,1,1,1,2,2,2,1,3,2,2,2
CCGTACACGTCATG-1,2,4,5,2,3,6,5,4,5,6,1,5,5,3,6,5,5,5,5,3,3,5,4,5,1,1,1,1
CCGTACACGTTGGT-1,1,3,6,7,4,7,6,2,6,7,3,6,6,2,7,6,2,6,6,2,6,6,5,6,7,3,6,6
CCGTACACTAACGC-1,2,4,5,2,3,6,5,4,5,6,1,5,5,3,6,5,5,5,5,3,3,5,4,5,1,1,1,1
CCTAAACTTTCGTT-1,0,0,0,0,0,0,0,0,0,0,0,0,0,0,0,0,0,0,0,0,0,0,0,0,0,0,0,0
CCTAAGGACCCAAA-1,0,0,0,0,0,0,0,0,0,0,0,0,0,0,0,0,0,0,0,0,0,0,0,0,0,0,0,0
CCTAAGGACTAGCA-1,1,3,6,7,4,7,6,2,6,7,3,6,6,2,7,6,2,6,6,2,6,6,5,6,7,3,6,6
CCTAAGGAGGGCAA-1,0,4,5,2,3,6,5,4,5,6,1,0,5,3,6,5,5,5,5,3,3,5,4,5,1,1,1,0
CCTAAGGATGATGC-1,0,0,0,0,0,1,2,0,0,2,0,2,1,0,0,2,0,2,2,0,1,1,0,2,2,0,3,3
CCTAAGGATGTCAG-1,0,0,0,0,0,0,0,0,0,0,0,0,0,0,0,0,0,0,0,0,0,0,0,0,0,0,0,0
CCTACCGACTCTTA-1,0,0,0,0,0,0,0,0,0,0,0,0,0,0,0,0,0,0,0,0,0,0,0,0,0,0,0,0
CCTACCGAGGGATG-1,3,1,1,3,1,2,1,1,1,1,2,1,2,1,2,1,1,1,1,1,2,2,2,1,3,2,2,2
CCTAGAGAGGTGAG-1,3,1,1,3,1,2,1,1,1,1,2,1,2,1,2,1,1,1,1,1,2,2,2,1,3,2,2,2
CCTATAACCAAAGA-1,0,0,0,0,0,0,0,0,0,0,0,0,0,0,0,0,0,0,0,0,0,0,0,0,0,0,0,0
CCTATAACGAGACG-1,4,2,3,5,2,4,3,2,3,4,4,6,3,2,4,3,2,3,3,4,4,3,3,3,5,3,4,4
CCTATAACTCAGAC-1,0,0,0,0,0,0,0,0,0,0,0,2,0,0,0,0,0,0,0,0,0,0,0,0,0,0,0,0
CCTATAACTGCATG-1,4,2,3,5,2,4,3,2,3,4,4,6,3,2,4,3,2,3,3,4,4,3,3,3,5,3,4,4
CCTCGAACACTTTC-1,2,4,4,6,3,5,4,4,4,5,1,4,4,3,5,4,5,4,4,3,5,4,4,4,6,1,5,5
CCTCGAACCCGTAA-1,1,3,6,7,4,7,6,2,6,7,3,6,6,2,7,6,2,6,6,2,6,6,5,6,7,3,6,6
CCTCGAACGTATCG-1,0,0,0,1,0,1,2,0,0,2,0,2,1,0,0,2,0,2,2,0,0,0,0,2,2,0,3,3
CCTCGAACTTACTC-1,0,0,2,1,0,1,2,0,0,2,0,2,1,0,1,2,0,2,2,0,1,1,0,2,2,0,3,3
CCTCTACTCTTCGC-1,1,3,6,7,4,7,6,2,6,7,3,6,6,2,7,6,2,6,6,2,6,6,5,6,7,3,6,6
CCTCTACTGGCATT-1,0,0,0,0,0,0,0,0,0,0,0,0,0,0,0,0,0,0,0,0,0,0,0,0,0,0,0,0
CCTGACTGAAGTAG-1,2,4,5,2,3,6,5,4,5,6,1,5,5,3,6,5,5,5,5,3,3,5,4,5,1,1,1,1
CCTGACTGGGGAGT-1,0,0,0,0,0,0,0,0,0,0,0,0,0,0,0,0,0,0,0,0,0,0,0,0,0,0,0,0
CCTGACTGTGTCTT-1,3,1,1,3,1,2,1,1,1,1,2,1,2,1,2,1,1,1,1,1,2,2,2,1,3,2,2,2
CCTGCAACACGTTG-1,1,3,6,7,4,7,6,2,6,7,3,6,6,2,7,6,2,6,6,2,6,6,5,6,7,3,6,6
CCTGGACTCGTGAT-1,0,0,0,0,0,0,0,0,0,0,0,2,0,0,0,0,0,0,0,0,0,0,0,0,0,0,0,0
CCTTAATGCCCAAA-1,3,1,1,3,1,2,1,1,1,1,2,1,2,1,2,1,1,1,1,1,2,2,2,1,3,2,2,2
CCTTAATGTTCTAC-1,4,2,3,5,2,4,3,2,3,4,4,3,3,2,4,3,2,3,3,4,4,3,3,3,5,3,4,4
CCTTCACTACGACT-1,0,0,0,0,0,0,0,0,0,0,0,0,1,0,0,0,0,0,0,0,0,0,0,0,0,0,0,0
CCTTCACTCAGTCA-1,3,1,1,3,1,2,1,1,1,1,2,1,2,1,2,1,1,1,1,1,2,2,2,1,3,2,2,2
CCTTCACTGGAGTG-1,1,3,6,7,4,7,6,2,6,7,3,6,6,2,7,6,2,6,6,2,6,6,5,6,7,3,6,6
CCTTTAGATTCATC-1,1,3,6,7,4,7,6,2,6,7,3,6,6,2,7,6,2,6,6,2,6,6,5,6,7,3,6,6
CGAACATGCCCTAC-1,1,3,6,7,4,7,6,2,6,7,3,6,6,2,7,6,2,6,6,2,6,6,5,6,7,3,6,6
CGAACATGTCAGAC-1,0,0,2,1,0,1,2,0,2,2,0,2,1,0,1,2,0,2,2,0,1,1,0,2,2,0,3,3
CGAAGACTGGAACG-1,2,4,5,2,3,6,5,4,5,6,1,5,5,3,6,5,5,5,5,3,3,5,4,5,1,1,1,1
CGAAGACTGTTACG-1,0,0,0,1,0,1,2,0,0,2,0,2,1,0,0,2,0,2,2,0,0,0,0,2,2,0,3,3
CGAAGGGAAACCTG-1,2,4,5,2,3,6,5,4,5,6,1,5,5,3,6,5,5,5,5,3,3,5,4,5,1,1,1,1
CGAAGGGATCCGAA-1,3,1,1,3,1,2,1,1,1,1,2,1,2,1,2,1,1,1,1,1,2,2,2,1,3,2,2,2
CGAAGTACCAACTG-1,3,1,1,3,1,2,1,1,1,1,2,1,2,1,2,1,1,1,1,1,2,2,2,1,3,2,2,2
CGAATCGAGGAGCA-1,1,3,6,7,4,7,6,2,6,7,3,6,6,2,7,6,2,6,6,2,6,6,5,6,7,3,6,6
CGAATCGAGGAGGT-1,0,0,0,0,0,0,0,0,0,0,0,2,0,0,0,0,0,2,2,0,1,1,0,2,2,0,0,3
CGACAAACCCATAG-1,0,0,0,0,0,0,2,0,0,0,0,0,0,0,0,0,0,0,0,0,0,0,0,0,0,0,3,0
CGACAAACCGACAT-1,3,1,1,3,1,2,1,1,1,1,2,1,2,1,2,1,1,1,1,1,2,2,2,1,3,2,2,2
CGACCACTAAAGTG-1,2,4,4,6,3,5,4,4,4,5,1,4,4,3,5,4,5,4,4,3,5,4,4,4,6,1,5,5
CGACCACTGCCAAT-1,2,4,4,6,3,5,4,4,4,5,1,4,4,3,5,4,5,4,4,3,5,4,4,4,6,1,5,5
CGACCGGAAGGTCT-1,0,0,0,0,0,0,0,0,0,0,0,2,0,0,0,0,0,0,0,0,0,0,0,0,0,0,0,0
CGACCGGATGGAAA-1,0,0,2,1,0,1,2,0,2,2,0,2,1,0,1,2,0,2,2,0,1,1,0,2,2,0,3,3
CGACCTTGCTAGTG-1,0,0,2,1,0,1,2,0,2,2,0,2,1,0,1,2,0,2,2,0,1,1,0,2,2,0,3,3
CGACCTTGGCAAGG-1,0,0,0,0,0,0,0,0,0,0,0,0,0,0,0,0,0,0,0,0,0,0,0,0,0,0,0,0
CGACGTCTATCGTG-1,0,4,5,2,3,6,5,4,5,6,1,5,5,3,6,5,5,5,5,3,3,5,4,5,1,1,1,1
CGACGTCTCGTGTA-1,0,0,2,0,0,0,0,0,0,0,0,0,0,0,0,0,0,0,0,0,0,0,0,0,0,0,0,0
CGACGTCTGAGGCA-1,0,0,0,0,0,0,0,0,0,0,0,0,0,0,0,0,0,0,0,0,0,0,0,0,0,0,0,0
CGACTCACGTCGTA-1,0,0,0,0,0,0,2,0,0,0,0,0,0,0,0,0,0,0,0,0,0,0,0,0,0,0,3,0
CGACTCACGTTGCA-1,0,0,0,0,0,0,0,0,0,0,0,0,0,0,0,0,0,0,0,0,0,0,0,0,0,0,0,0
CGACTCTGTGTGAC-1,0,0,2,1,0,1,2,0,2,2,0,2,1,0,1,2,0,2,2,0,1,1,0,2,2,0,3,3
CGACTGCTTCCTCG-1,1,3,6,7,4,7,6,2,6,7,3,6,6,2,7,6,2,6,6,2,6,6,5,6,7,3,6,6
CGAGAACTAAGGCG-1,2,4,5,2,3,6,5,4,5,6,1,5,5,3,6,5,5,5,5,3,3,5,4,5,1,1,1,1
CGAGAACTACGTTG-1,0,0,0,0,0,0,0,0,0,0,0,2,0,0,0,0,0,0,0,0,0,0,0,0,0,0,0,0
CGAGAACTTGTTCT-1,1,3,6,7,4,7,6,2,6,7,3,6,6,2,7,6,2,6,6,2,6,6,5,6,7,3,6,6
CGAGATTGGACACT-1,2,4,5,2,3,6,5,4,5,6,1,5,5,3,6,5,5,5,5,3,3,5,4,5,1,1,1,1
CGAGATTGGCCATA-1,2,4,5,2,3,6,5,4,5,6,1,5,5,3,6,5,5,5,5,3,3,5,4,5,1,1,1,1
CGAGCCGAACACCA-1,0,0,0,0,0,0,0,0,0,0,0,0,0,0,0,0,0,0,0,0,0,0,0,0,0,0,0,0
CGAGCCGACGACAT-1,2,4,5,2,3,6,5,4,5,6,1,5,5,3,6,5,5,5,5,3,3,5,4,5,1,1,1,1
CGAGCCGAGGCGAA-1,2,0,5,1,0,6,5,0,5,6,1,5,5,0,6,5,0,5,5,3,3,5,0,5,1,0,1,1
CGAGCGTGCTCCAC-1,0,0,2,1,0,1,2,0,0,2,0,2,0,0,1,2,0,2,2,0,1,0,0,2,2,0,3,3
CGAGCGTGGATACC-1,0,0,2,1,0,1,2,0,2,2,0,2,1,0,1,2,0,2,2,0,1,1,0,2,2,0,3,3
CGAGCGTGTATGCG-1,1,3,6,7,4,7,6,2,6,7,3,6,6,2,7,6,2,6,6,2,6,6,5,6,7,3,6,6
CGAGGAGACCTCCA-1,3,1,1,3,1,2,1,1,1,1,2,1,2,1,2,1,1,1,1,1,2,2,2,1,3,2,2,2
CGAGGAGATGTCGA-1,0,0,0,0,0,0,0,0,0,0,0,0,0,0,0,0,0,0,0,0,0,0,0,0,0,0,0,0
CGAGGCACCTATGG-1,2,4,5,2,3,6,5,4,5,6,1,5,5,3,6,5,5,5,5,3,3,5,4,5,1,1,1,1
CGAGGCACTATGCG-1,1,3,6,7,4,7,6,2,6,7,3,6,6,2,7,6,3,6,6,2,6,6,5,6,7,3,6,6
CGAGGCACTCTTCA-1,0,0,5,2,0,6,5,0,5,6,0,5,5,0,6,5,0,5,5,0,3,5,0,5,1,0,1,1
CGAGGCTGACGCTA-1,2,4,4,6,3,5,4,4,4,5,1,4,4,3,5,4,5,4,4,3,5,4,4,4,6,1,5,5
CGAGGCTGGCAGTT-1,1,3,6,7,4,7,6,2,6,7,3,6,6,2,7,6,2,6,6,2,6,6,5,6,7,3,6,6
CGAGGGCTACGACT-1,3,1,1,3,1,2,1,1,1,1,2,1,2,1,2,1,1,1,1,1,2,2,2,1,3,2,2,2
CGAGGGCTCGAATC-1,0,0,0,0,0,0,0,0,0,0,0,0,0,0,0,0,0,0,0,0,0,0,0,0,0,0,0,0
CGAGTATGTCACCC-1,4,2,3,5,2,4,3,2,3,4,4,3,3,2,4,3,2,3,3,4,4,3,3,3,5,3,4,4
CGATACGAACAGTC-1,1,3,6,7,4,7,6,2,6,7,3,6,6,2,7,6,2,6,6,2,6,6,5,6,7,3,6,6
CGATACGACAGGAG-1,7,7,9,1,3,3,9,1,2,3,7,9,9,3,3,9,1,7,7,7,9,9,1,9,2,2,7,7
CGATACGATTCACT-1,3,1,1,3,1,2,1,1,1,1,2,1,2,1,2,1,1,1,1,1,2,2,2,1,3,2,2,2
CGATAGACCCGTAA-1,1,3,6,7,4,7,6,2,6,7,3,6,6,2,7,6,2,6,6,2,6,6,5,6,7,3,6,6
CGATAGACCGTACA-1,0,0,2,1,0,1,2,0,2,2,0,2,1,0,1,2,0,2,2,0,1,1,0,2,2,0,3,3
CGATAGACGTAGGG-1,1,3,6,7,4,7,6,2,6,7,3,6,6,2,7,6,2,6,6,2,6,6,5,6,7,3,6,6
CGATAGACTGTTCT-1,0,0,2,1,0,1,2,0,2,0,0,0,1,0,1,2,0,2,2,0,0,1,0,2,2,0,3,3
CGATCAGAAGAACA-1,2,4,5,2,3,6,5,4,5,6,1,5,5,3,6,5,5,5,5,3,3,5,4,5,1,1,1,1
CGATCAGAGAGGGT-1,0,0,2,1,0,1,2,0,2,2,0,2,1,0,1,2,0,2,2,0,1,1,0,2,2,0,3,3
CGATCAGAGGTACT-1,0,0,2,1,0,1,2,0,2,2,0,2,1,0,1,2,0,2,2,0,1,1,0,2,2,0,3,3
CGATCAGATGTGAC-1,5,5,7,8,5,8,7,5,7,3,5,7,7,4,8,7,3,7,7,5,7,7,6,7,8,5,7,7
CGATCCACCGGGAA-1,2,4,5,2,3,6,5,4,5,6,1,5,5,3,6,5,5,5,5,3,3,5,4,5,1,1,1,1
CGATCCACTTCCAT-1,3,1,1,3,1,2,1,1,1,1,2,1,2,1,2,1,1,1,1,1,2,2,2,1,3,2,2,2
CGCAAATGCTCGAA-1,0,0,0,0,0,0,0,0,0,0,0,0,0,0,0,0,0,0,0,0,0,0,0,0,0,0,0,0
CGCAACCTCCTTGC-1,0,0,0,0,0,1,2,0,0,0,0,2,1,0,0,0,0,2,2,0,0,0,0,2,2,0,3,3
CGCAACCTGGACGA-1,0,0,0,0,0,0,0,0,0,0,0,2,0,0,0,0,0,0,0,0,0,0,0,0,0,0,0,0
CGCACGGAGGACGA-1,3,1,1,3,1,2,1,1,1,1,2,1,2,1,2,1,1,1,1,1,2,2,2,1,3,2,2,2
CGCACGGATCTTTG-1,0,0,0,0,0,0,0,0,0,0,0,0,0,0,0,0,0,0,0,0,0,0,0,0,0,0,0,0
CGCACTACAGAATG-1,0,0,0,0,0,0,0,0,0,0,0,2,0,0,0,0,0,0,0,0,0,0,0,0,0,0,0,0
CGCACTACAGCCAT-1,0,0,2,1,0,1,2,0,2,2,0,2,1,0,1,2,0,2,2,0,1,1,0,2,2,0,3,3
CGCACTACATTGGC-1,0,0,0,0,0,0,2,0,0,0,0,0,0,0,0,0,0,0,0,0,0,0,0,0,0,0,3,0
CGCACTACTCGCCT-1,3,1,1,3,1,2,1,1,1,1,2,1,2,1,2,1,1,1,1,1,2,2,2,1,3,2,2,2
CGCACTACTCGTGA-1,2,0,5,1,0,1,5,4,5,6,0,5,5,0,1,2,5,5,5,0,3,5,0,2,2,1,1,1
CGCACTTGTCACGA-1,1,3,6,7,4,7,6,2,6,7,3,6,6,2,7,6,2,6,6,2,6,6,5,6,7,3,6,6
CGCAGGACAGATCC-1,2,4,5,2,3,6,5,4,5,6,1,5,5,3,6,5,5,5,5,3,3,5,4,5,1,1,1,1
CGCAGGACCTACTT-1,0,0,0,0,0,0,0,0,0,0,0,0,0,0,0,0,0,0,0,0,0,0,0,0,0,0,0,0
CGCAGGACTTGTCT-1,4,2,3,5,2,4,3,2,3,4,4,3,3,2,4,3,2,3,3,4,4,3,3,3,5,3,4,4
CGCAGGTGCACTGA-1,0,0,2,1,0,1,2,0,2,2,0,2,1,0,1,2,0,2,2,0,0,1,0,2,2,0,3,3
CGCAGGTGCCATAG-1,4,2,3,5,2,4,3,2,3,4,4,3,3,2,4,3,2,3,3,4,4,3,3,3,5,3,4,4
CGCAGGTGGGAACG-1,0,0,2,1,0,1,2,0,2,2,0,2,1,0,1,2,0,2,2,0,1,1,0,2,2,0,3,3
CGCATAGATCACGA-1,1,3,6,7,4,7,6,2,6,7,3,6,6,2,7,6,2,6,6,2,6,6,5,6,7,3,6,6
CGCCATACTGCAAC-1,0,0,0,1,0,1,2,0,0,2,0,2,1,0,0,2,0,2,2,0,1,0,0,2,2,0,3,3
CGCCATTGAGAGGC-1,0,0,0,0,0,0,0,0,0,0,0,2,0,0,0,0,0,0,0,0,0,0,0,0,0,0,0,0
CGCCATTGCTATGG-1,0,0,0,1,0,1,2,0,0,2,0,2,1,0,0,2,0,2,2,0,0,0,0,2,2,0,3,3
CGCCATTGGAGACG-1,0,0,2,1,0,1,2,0,2,2,0,2,1,0,1,2,0,2,2,0,1,1,0,2,2,0,3,3
CGCCATTGGAGCAG-1,3,1,1,3,1,2,1,1,1,1,2,1,2,1,2,1,1,1,1,1,2,2,2,1,3,2,2,2
CGCCATTGTACTGG-1,3,1,1,3,1,2,1,1,1,1,2,1,2,1,2,1,1,1,1,1,2,2,2,1,3,2,2,2
CGCCGAGAGCTTAG-1,2,4,4,6,3,5,4,4,4,5,1,4,4,3,5,4,5,4,4,3,5,4,4,4,6,1,5,5
CGCCTAACGAATGA-1,5,5,7,8,5,8,7,5,7,3,5,7,7,4,8,7,3,7,7,5,7,7,6,7,8,5,7,7
CGCCTAACTGCTCC-1,0,0,2,1,0,1,2,0,2,2,0,2,1,0,1,2,0,2,2,0,1,1,0,2,2,0,3,3
CGCGAGACACAGCT-1,0,4,5,2,3,6,5,4,5,6,0,5,5,3,6,5,0,5,5,3,3,5,4,5,1,0,1,1
CGCGAGACAGGTCT-1,3,1,1,3,1,2,1,1,1,1,2,1,2,1,2,1,1,1,1,1,2,2,2,1,3,2,2,2
CGCGAGACGCTACA-1,0,0,5,2,0,1,5,0,5,2,0,5,5,0,6,5,0,2,2,0,3,5,0,5,2,0,3,3
CGCGATCTCAGTCA-1,1,3,6,7,4,7,6,2,6,7,3,6,6,2,7,6,2,6,6,2,6,6,5,6,7,3,6,6
CGCGATCTGTTGAC-1,1,3,6,7,4,7,6,2,6,7,3,6,6,2,7,6,2,6,6,2,6,6,5,6,7,3,6,6
CGCGATCTTTCTTG-1,3,1,1,3,1,2,1,1,1,1,2,1,2,1,2,1,1,1,1,1,2,2,2,1,3,2,2,2
CGCGGATGGCCAAT-1,0,0,2,1,0,1,2,0,2,2,0,2,1,0,1,2,0,2,2,0,1,1,0,2,2,0,3,3
CGCTAAGAATGTCG-1,0,0,0,1,0,1,2,0,0,2,0,2,1,0,0,2,0,2,2,0,0,0,0,2,2,0,3,3
CGCTAAGACAACTG-1,0,0,0,0,0,0,0,0,0,0,0,2,0,0,0,0,0,0,0,0,0,0,0,0,0,0,0,0
CGCTAAGACCCTTG-1,0,0,2,1,0,1,2,0,0,2,0,2,1,0,1,2,0,2,2,0,1,1,0,2,2,0,3,3
CGCTACTGAACAGA-1,1,3,6,7,4,7,6,2,6,7,3,6,6,2,7,6,2,6,6,2,6,6,5,6,7,3,6,6
CGCTACTGAGAACA-1,0,0,0,0,0,0,0,0,0,0,0,2,0,0,0,0,0,0,0,0,0,0,0,0,0,0,0,0
CGCTACTGTGAGCT-1,0,0,0,0,0,0,0,0,0,0,0,0,0,0,0,0,0,0,0,0,0,0,0,0,0,0,0,0
CGCTACTGTTCCCG-1,2,4,5,2,3,6,5,4,5,6,1,5,5,3,6,5,5,5,5,3,3,5,4,5,1,1,1,1
CGCTCATGCATTTC-1,1,3,6,7,4,7,6,2,6,7,3,6,6,2,7,6,2,6,6,2,6,6,5,6,7,3,6,6
CGGAATTGCACTAG-1,0,0,0,0,0,0,0,0,0,0,0,0,0,0,0,0,0,0,0,0,0,0,0,0,0,0,0,0
CGGAATTGGTTTGG-1,0,0,2,1,0,1,5,0,5,6,0,2,1,0,0,2,0,2,2,0,1,1,0,5,1,0,3,1
CGGAATTGTGGAGG-1,0,0,0,0,0,0,0,0,0,2,0,2,0,0,0,0,0,2,2,0,0,0,0,2,0,0,3,3
CGGACCGATGCGTA-1,2,4,5,2,3,6,5,4,5,6,1,5,5,3,6,5,5,5,5,3,3,5,4,5,1,1,1,1
CGGACCGATGGGAG-1,0,0,0,0,0,0,0,0,0,0,0,0,0,0,0,0,0,0,0,0,0,0,0,0,0,0,0,0
CGGACTCTAAACAG-1,3,1,1,3,1,2,1,1,1,1,2,1,2,1,2,1,1,1,1,1,2,2,2,1,3,2,2,2
CGGACTCTCCAATG-1,0,0,2,1,0,1,2,0,2,2,0,2,1,0,1,2,0,2,2,0,1,1,0,2,2,0,3,3
CGGACTCTCCTCGT-1,2,4,5,2,3,5,4,4,5,6,1,5,5,3,6,4,5,5,5,3,3,5,4,4,6,1,1,1
CGGAGGCTATTCCT-1,0,0,0,0,0,0,0,0,0,0,0,0,0,0,0,0,0,0,0,0,0,0,0,0,0,0,0,0
CGGAGGCTTGGATC-1,0,0,0,0,0,0,0,0,0,0,0,0,0,0,0,0,0,0,0,0,0,0,0,0,0,0,0,0
CGGATAACAACGAA-1,1,3,6,7,4,7,6,2,6,7,3,6,6,2,7,6,2,6,6,2,6,6,5,6,7,3,6,6
CGGATAACAGCTCA-1,0,0,2,1,0,1,2,0,2,2,0,2,1,0,1,2,0,2,2,0,1,1,0,2,2,0,3,3
CGGATAACTCAGTG-1,1,3,6,7,4,7,6,2,6,7,3,6,6,2,7,6,2,6,6,2,6,6,5,6,7,3,6,6
CGGCACGAACTCAG-1,2,4,5,2,3,6,5,4,5,6,1,5,5,3,6,5,5,5,5,3,3,5,4,5,1,1,1,1
CGGCACGAAGGGTG-1,0,0,0,1,0,1,2,0,0,0,0,2,1,0,0,2,0,2,2,0,1,1,0,2,2,0,0,3
CGGCACGACTACGA-1,4,2,3,5,2,4,3,2,3,4,4,3,3,2,4,3,2,3,3,4,4,3,3,3,5,3,4,4
CGGCATCTTAGAAG-1,2,0,5,2,0,1,2,4,5,6,0,5,5,0,1,2,5,5,5,0,3,5,0,2,2,1,1,1
CGGCATCTTCGTAG-1,1,3,6,7,4,7,6,2,6,7,3,6,6,2,7,6,2,6,6,2,6,6,5,6,7,3,6,6
CGGCCAGAAAGGTA-1,0,0,0,1,0,1,2,0,0,2,0,2,1,0,0,2,0,2,2,0,0,0,0,2,2,0,3,3
CGGCCAGAGAGGCA-1,2,4,5,6,3,6,5,4,5,6,1,5,4,3,6,5,5,5,5,3,3,4,4,5,1,1,1,1
CGGCGAACCAGTCA-1,1,2,3,5,2,4,3,2,3,4,4,3,3,2,4,3,2,3,3,4,4,3,3,3,5,3,4,4
CGGCGAACGACAAA-1,2,4,4,6,3,5,4,4,4,5,1,4,4,3,5,4,5,4,4,3,5,4,4,4,6,1,5,5
CGGCGAACGGTCTA-1,0,0,2,1,0,1,2,0,2,2,0,2,1,0,1,2,0,2,2,0,0,1,0,2,2,0,3,3
CGGCGAACTACTTC-1,2,4,4,6,3,5,4,4,4,5,1,4,4,3,5,4,5,4,4,3,5,4,4,4,6,1,5,5
CGGGACTGCGTGTA-1,0,0,0,0,0,1,2,0,0,0,0,2,1,0,0,2,0,2,2,0,1,1,0,2,2,0,3,3
CGGGACTGGAATAG-1,2,4,5,2,3,6,5,4,5,6,1,5,5,3,6,5,5,5,5,3,3,5,4,5,1,1,1,1
CGGGCATGACCCAA-1,2,4,5,2,3,6,5,4,5,6,1,5,5,3,6,5,5,5,5,3,3,5,4,5,1,1,1,1
CGGGCATGTCTCTA-1,2,4,4,6,3,5,4,4,4,5,1,4,4,3,5,4,5,4,4,3,5,4,4,4,6,1,5,5
CGGGCATGTTGTGG-1,0,0,0,0,0,0,0,0,0,0,0,2,0,0,0,0,0,0,0,0,0,0,0,0,0,0,0,0
CGGTAAACTCGCAA-1,0,0,2,1,0,1,2,0,2,2,0,2,1,0,1,2,0,2,2,0,1,1,0,2,2,0,3,3
CGGTCACTGTTTGG-1,0,0,2,1,0,1,2,0,0,2,0,2,1,0,0,2,0,2,2,0,1,1,0,2,2,0,3,3
CGGTCACTTACTTC-1,0,0,2,1,0,1,2,0,2,2,0,2,1,0,1,2,0,2,2,0,1,1,0,2,2,0,3,3
CGTAACGAATCAGC-1,0,0,0,0,0,0,0,0,0,0,0,0,0,0,0,0,0,0,0,0,0,0,0,0,0,0,0,0
CGTAACGATCGCCT-1,0,0,2,1,0,1,2,0,2,2,0,2,1,0,1,2,0,2,2,0,1,1,0,2,2,0,3,3
CGTACCACACACAC-1,0,0,0,1,0,1,2,0,0,2,0,2,1,0,0,2,0,2,2,0,0,0,0,2,2,0,3,3
CGTACCACACGTTG-1,0,0,0,1,0,1,2,0,0,0,0,2,1,0,0,2,0,2,2,0,0,1,0,2,2,0,3,3
CGTACCACCTCATT-1,0,0,0,0,0,0,0,0,0,0,0,0,0,0,0,0,0,0,0,0,0,0,0,0,0,0,0,0
CGTACCACGCTACA-1,2,4,5,2,0,0,0,0,0,0,1,0,5,0,0,0,0,0,0,3,3,5,0,0,0,0,0,0
CGTACCACGGAGCA-1,0,0,0,0,0,0,0,0,0,0,0,2,1,0,0,2,0,0,0,0,0,0,0,0,0,0,0,0
CGTACCTGGACGAG-1,4,3,6,7,4,7,3,2,3,4,3,6,6,2,4,3,2,3,3,2,6,3,5,3,7,3,4,4
CGTACCTGGCATCA-1,2,4,4,6,3,5,4,4,4,5,1,4,4,3,5,4,5,4,4,3,5,4,4,4,6,1,5,5
CGTAGCCTCTCTCG-1,1,3,6,7,4,7,6,2,6,7,3,6,6,2,7,6,2,6,6,2,6,6,5,6,7,3,6,6
CGTAGCCTGCGAAG-1,0,0,2,1,0,1,2,0,2,2,0,2,1,0,1,2,0,2,2,0,1,1,0,2,2,0,3,3
CGTAGCCTGTATGC-1,4,2,3,5,2,4,3,2,3,4,4,3,3,2,4,3,2,3,3,4,4,3,3,3,5,3,4,4
CGTCAAGAAAGGTA-1,1,3,6,7,4,7,6,2,6,7,3,6,6,2,7,6,2,6,6,2,6,6,5,6,7,3,6,6
CGTCAAGAACGTGT-1,0,0,0,0,0,0,2,0,0,2,0,2,0,0,0,2,0,2,2,0,0,0,0,2,0,0,3,3
CGTCAAGACAGAGG-1,0,0,2,1,0,1,2,0,2,2,0,2,1,0,1,2,0,2,2,0,1,1,0,2,2,0,3,3
CGTCAAGACAGGAG-1,2,4,5,2,3,6,5,4,5,6,1,5,5,3,6,5,5,5,5,3,3,5,4,5,1,1,1,1
CGTCCATGCTCTTA-1,0,0,0,1,0,1,2,0,0,2,0,2,1,0,0,2,0,2,2,0,0,0,0,2,2,0,3,3
CGTCGACTTTCCGC-1,2,4,5,2,3,6,5,4,5,6,1,5,5,3,6,5,5,5,5,3,3,5,4,5,1,1,1,1
CGTGATGACGCTAA-1,0,0,0,0,0,0,0,0,0,0,0,0,0,0,0,0,0,0,0,0,0,0,0,0,0,0,0,0
CGTGATGAGGTTCA-1,2,4,5,2,3,6,5,4,5,6,1,5,5,3,6,5,5,5,5,3,3,5,4,5,1,1,1,1
CGTGCACTTATGGC-1,1,3,6,7,4,7,6,2,6,7,3,6,6,2,7,6,2,6,6,2,6,6,5,6,7,3,6,6
CGTGTAGAAAAACG-1,0,0,2,1,0,1,2,0,2,2,0,2,1,0,1,2,0,2,2,0,1,1,0,2,2,0,3,3
CGTGTAGACGATAC-1,2,4,4,6,3,5,4,4,4,5,1,4,4,3,5,4,5,4,4,3,5,4,4,4,6,1,5,5
CGTGTAGAGTTACG-1,2,4,4,6,3,5,4,4,4,5,1,4,4,3,5,4,5,4,4,3,5,4,4,4,6,1,5,5
CGTGTAGAGTTCAG-1,1,3,6,7,4,7,6,2,6,7,3,6,6,2,7,6,2,6,6,2,6,6,5,6,7,3,6,6
CGTGTAGATTCGGA-1,2,4,4,6,3,5,4,4,4,5,1,4,4,3,5,4,5,4,4,3,5,4,4,4,6,1,5,5
CGTTAGGAAACCAC-1,0,0,0,0,0,0,0,0,0,0,0,2,0,0,0,0,0,0,0,0,0,0,0,0,0,0,0,0
CGTTAGGATCATTC-1,1,3,6,7,4,7,6,2,6,7,3,6,6,2,7,6,2,6,6,2,6,6,5,6,7,3,6,6
CGTTATACCCTGAA-1,2,4,5,2,3,6,5,4,5,6,1,5,5,3,6,5,5,5,5,3,3,5,4,5,1,1,1,1
CGTTTAACTGGTCA-1,0,0,0,1,0,1,2,0,0,2,0,2,1,0,0,2,0,2,2,0,0,0,0,2,2,0,3,3
CTAAACCTCTGACA-1,2,4,4,6,3,5,4,4,4,5,1,4,4,3,5,4,5,4,4,3,5,4,4,4,6,1,5,5
CTAAACCTGTGCAT-1,3,1,1,3,1,2,1,1,1,1,2,1,2,1,2,1,1,1,1,1,2,2,2,1,3,2,2,2
CTAACACTAACGTC-1,0,0,0,1,0,1,2,0,0,2,0,2,1,0,0,2,0,2,2,0,1,1,0,2,2,0,3,3
CTAACACTAGTGCT-1,4,3,6,7,4,7,6,2,6,7,3,6,6,2,7,6,2,6,6,2,6,6,5,6,7,3,6,6
CTAACGGAACCGAT-1,2,4,4,6,3,5,4,4,4,5,1,4,4,3,5,4,5,4,4,3,5,4,4,4,6,1,5,5
CTAACGGATTTCTG-1,0,0,0,0,0,0,0,0,0,0,0,2,0,0,0,0,0,0,0,0,0,0,0,0,0,0,0,0
CTAACTACGGCAAG-1,0,0,0,2,0,0,0,0,0,0,0,2,5,0,0,0,0,0,0,0,0,5,0,0,0,0,0,0
CTAAGGACACCATG-1,0,0,0,0,0,0,0,0,0,0,0,0,0,0,0,0,0,0,0,0,0,0,0,0,0,0,0,0
CTAAGGACCGTTAG-1,0,0,2,1,0,1,2,0,2,2,0,2,1,0,1,2,0,2,2,0,1,1,0,2,2,0,3,3
CTAAGGACGCCATA-1,1,3,6,7,4,7,6,2,6,7,3,6,6,2,7,6,2,6,6,2,6,6,5,6,7,3,6,6
CTAAGGTGCCTAAG-1,3,1,1,3,1,2,1,1,1,1,2,1,2,1,2,1,1,1,1,1,2,2,2,1,3,2,2,2
CTAAGGTGTTGCAG-1,0,0,5,1,0,1,2,0,5,6,0,5,5,0,6,2,0,5,5,3,1,5,0,5,1,0,1,1
CTAAGGTGTTTCTG-1,0,0,0,0,0,0,0,0,0,0,0,0,0,0,0,0,0,0,0,0,0,0,0,0,0,0,0,0
CTAATAGAGCTATG-1,0,0,0,0,0,0,0,0,0,0,0,0,0,0,0,0,0,0,0,0,0,0,0,0,0,0,0,0
CTAATGCTTGTGGT-1,1,3,6,7,4,7,6,2,6,7,3,6,6,2,7,6,2,6,6,2,6,6,5,6,7,3,6,6
CTACAACTCCCGTT-1,2,4,5,2,3,6,5,4,5,6,1,5,5,3,6,5,5,5,5,3,3,5,4,5,1,1,1,1
CTACCTCTCAACCA-1,0,0,5,2,0,6,5,0,5,2,0,5,5,0,6,5,0,5,5,0,3,5,0,5,1,0,3,1
CTACGCACACCTAG-1,4,2,3,5,2,4,3,2,3,4,4,3,3,2,4,3,2,3,3,4,4,3,3,3,5,3,4,4
CTACGCACTCTCCG-1,0,0,2,1,0,1,2,0,2,2,0,2,1,0,1,0,0,2,2,0,1,1,0,2,2,0,3,3
CTACGCACTGGTCA-1,2,4,4,6,3,5,4,4,4,5,1,4,4,3,5,4,5,4,4,3,5,4,4,4,6,1,5,5
CTACGGCTTTCTTG-1,1,2,3,5,4,7,6,2,6,4,3,6,6,2,7,6,2,6,6,2,6,6,5,6,7,3,6,6
CTACTATGAACCAC-1,1,3,6,7,4,7,6,2,6,7,3,6,6,2,7,6,2,6,6,2,6,6,5,6,7,3,6,6
CTACTATGATGTGC-1,1,3,6,7,4,7,6,2,6,7,3,6,6,2,7,6,2,6,6,2,6,6,5,6,7,3,6,6
CTACTATGCTAAGC-1,2,0,0,1,0,1,0,0,0,2,0,2,5,0,0,2,0,2,2,0,0,0,0,0,0,0,3,3
CTACTATGTAAAGG-1,3,1,1,3,1,2,1,1,1,1,2,1,2,1,2,1,1,1,1,1,2,2,2,1,3,2,2,2
CTACTCCTATGTCG-1,2,4,4,6,3,5,4,4,4,5,1,4,4,3,5,4,5,4,4,3,5,4,4,4,6,1,5,5
CTACTCCTGCCATA-1,1,3,6,7,4,7,6,2,6,7,3,6,6,2,7,6,2,6,6,2,6,6,5,6,7,3,6,6
CTAGAGACACTTTC-1,0,0,2,1,0,1,2,0,0,2,0,2,1,0,0,2,0,2,2,0,1,1,0,2,2,0,3,3
CTAGAGACAGCATC-1,2,4,5,2,3,6,5,4,5,6,1,5,5,3,6,5,5,5,5,3,3,5,4,5,1,1,1,1
CTAGAGACTTTGGG-1,1,2,3,5,4,4,3,2,3,4,4,3,3,2,4,3,2,3,3,4,4,3,5,3,5,3,6,4
CTAGATCTCTCTAT-1,0,0,0,1,0,1,2,0,0,0,0,2,1,0,0,2,0,2,2,0,1,1,0,2,2,0,3,3
CTAGATCTTCGACA-1,0,0,0,0,0,1,2,0,0,2,0,2,1,0,0,2,0,2,2,0,0,0,0,2,0,0,3,3
CTAGGATGAGCCTA-1,3,1,1,3,1,2,1,1,1,1,2,1,2,1,2,1,1,1,1,1,2,2,2,1,3,2,2,2
CTAGGATGATCGTG-1,3,1,1,3,1,2,1,1,1,1,2,1,2,1,2,1,1,1,1,1,2,2,2,1,3,2,2,2
CTAGGCCTCTCAGA-1,0,0,2,1,0,1,2,0,2,2,0,2,1,0,1,2,0,2,2,0,1,1,0,2,2,0,3,3
CTAGGTGATGGTTG-1,4,2,3,5,2,4,3,2,3,4,4,3,3,2,4,3,2,3,3,4,4,3,3,3,5,3,4,4
CTAGTTACCAGAGG-1,0,0,0,0,0,0,0,0,0,0,0,2,0,0,0,0,0,0,0,0,0,0,0,0,0,0,0,0
CTAGTTACCGCATA-1,0,0,0,1,0,1,2,0,0,2,0,2,1,0,0,2,0,2,2,0,1,0,0,2,2,0,3,3
CTAGTTACGAAACA-1,2,4,4,6,3,5,4,4,4,5,1,4,4,3,5,4,5,4,4,3,5,4,4,4,6,1,5,5
CTAGTTTGAGTACC-1,2,4,5,2,3,6,5,4,5,6,1,5,5,3,6,5,5,5,5,3,3,5,4,5,1,1,1,1
CTATAAGATCGTTT-1,3,1,1,3,1,2,1,1,1,1,2,1,2,1,2,1,1,1,1,1,2,2,2,1,3,2,2,2
CTATACTGAGGTTC-1,1,3,6,7,4,7,6,2,6,7,3,6,6,2,7,6,2,6,6,2,6,6,5,6,7,3,6,6
CTATACTGCCAGTA-1,0,0,0,0,0,0,0,0,0,0,0,0,0,0,0,0,0,0,0,0,0,0,0,0,0,0,0,0
CTATACTGCGCTAA-1,1,3,6,7,4,7,6,2,6,7,3,6,6,2,7,6,2,6,6,2,6,6,5,6,7,3,6,6
CTATACTGCTACGA-1,2,4,4,6,3,5,4,4,4,5,1,4,4,3,5,4,5,4,4,3,5,4,4,4,6,1,5,5
CTATACTGTCTCAT-1,2,4,4,6,3,5,4,4,4,5,1,4,4,3,5,4,5,4,4,3,5,4,4,4,6,1,5,5
CTATACTGTTCGTT-1,0,0,2,1,0,1,2,0,0,2,0,2,1,0,1,2,0,2,2,0,1,1,0,2,2,0,3,3
CTATAGCTGTCACA-1,0,0,0,0,0,0,0,0,0,0,0,0,0,0,0,0,0,0,0,0,0,0,0,0,0,0,0,0
CTATAGCTTCGCTC-1,1,3,6,7,4,7,6,2,6,7,3,6,6,2,7,6,2,6,6,2,6,6,5,6,7,3,6,6
CTATAGCTTGCCTC-1,1,3,6,7,4,7,6,2,6,7,3,6,6,2,7,6,2,6,6,2,6,6,5,6,7,3,6,6
CTATCAACGAACTC-1,0,0,2,1,0,1,2,0,0,2,0,2,1,0,1,2,0,2,2,0,1,1,0,2,2,0,3,3
CTATCAACGCAGAG-1,0,0,2,1,0,1,2,0,2,2,0,2,1,0,1,2,0,2,2,0,1,1,0,2,2,0,3,3
CTATCAACTTTGGG-1,0,0,0,0,0,0,0,0,0,0,0,2,0,0,0,0,0,0,0,0,0,0,0,0,0,0,0,0
CTATCCCTCCACCT-1,1,3,6,7,4,7,6,2,6,7,3,6,6,2,7,6,2,6,6,2,6,6,5,6,7,3,6,6
CTATGTACGAGAGC-1,0,0,2,1,0,1,2,0,2,2,0,2,1,0,1,2,0,2,2,0,1,1,0,2,2,0,3,3
CTATGTACGCTTAG-1,0,0,0,0,0,0,0,0,0,0,0,2,0,0,0,0,0,0,0,0,0,0,0,0,0,0,0,0
CTATGTACTGTTTC-1,3,1,1,3,1,2,1,1,1,1,2,1,2,1,2,1,1,1,1,1,2,2,2,1,3,2,2,2
CTATGTTGAAAGCA-1,0,0,2,1,0,1,2,0,2,2,0,2,1,0,1,2,0,2,2,0,1,1,0,2,2,0,3,3
CTATGTTGTCCTCG-1,0,0,0,0,0,0,0,0,0,0,0,2,0,0,0,0,0,0,0,0,0,0,0,0,0,0,0,0
CTATGTTGTCTCGC-1,0,0,2,1,0,1,2,0,2,2,0,2,1,0,1,2,0,2,2,0,1,1,0,2,2,0,3,3
CTATTGACAAACGA-1,1,3,6,7,4,7,6,2,6,7,3,6,6,2,7,6,2,6,6,2,6,6,5,6,7,3,6,6
CTATTGACACTGGT-1,1,3,6,7,4,7,6,2,6,7,3,6,6,2,7,6,2,6,6,2,6,6,5,6,7,3,6,6
CTATTGACGGTGAG-1,4,2,3,5,2,4,3,2,3,4,4,3,3,2,4,3,2,3,3,4,4,3,3,3,5,3,4,4
CTATTGTGGCAAGG-1,0,4,5,2,3,6,5,4,5,6,1,5,5,3,6,5,5,5,5,3,3,5,4,5,1,1,1,1
CTCAATTGGTTCAG-1,0,0,2,1,0,1,2,0,2,2,0,2,1,0,1,2,0,2,2,0,1,1,0,2,2,0,3,3
CTCAATTGGTTGCA-1,1,3,6,7,4,7,6,2,6,7,3,6,6,2,7,6,2,6,6,2,6,6,5,6,7,3,6,6
CTCAGAGATAGAAG-1,0,0,0,0,0,0,0,0,0,0,0,2,0,0,0,0,0,0,0,0,0,0,0,0,0,0,0,0
CTCAGCACTCTAGG-1,0,0,2,1,0,1,2,0,2,2,0,2,1,0,1,2,0,2,2,0,1,1,0,2,2,0,3,3
CTCAGCACTGAACC-1,1,3,6,7,4,7,6,2,6,7,3,6,6,2,7,6,2,6,6,2,6,6,5,6,7,3,6,6
CTCAGCACTTGCAG-1,0,0,0,1,0,1,2,0,0,0,0,2,1,0,0,2,0,2,2,0,0,1,0,2,2,0,3,3
CTCAGCTGAACCTG-1,1,3,6,7,4,7,6,2,6,7,3,6,6,2,7,6,2,6,6,2,6,6,5,6,7,3,6,6
CTCAGCTGCAGTTG-1,0,0,0,0,0,0,0,0,0,0,0,0,0,0,0,0,0,0,0,0,0,0,0,0,0,0,0,0
CTCAGCTGTTTCTG-1,0,4,5,2,3,6,5,4,5,6,1,5,5,3,6,5,5,5,5,3,3,5,4,5,1,1,1,1
CTCAGGCTCGTTGA-1,4,2,3,5,2,4,3,2,3,4,4,3,3,2,4,3,2,3,3,4,4,3,3,3,5,3,4,4
CTCAGGCTGCTAAC-1,0,0,0,1,0,0,0,0,0,0,0,2,0,0,0,0,0,0,0,0,0,0,0,0,0,0,0,0
CTCATTGACCTTAT-1,0,0,2,1,0,1,2,0,2,2,0,2,1,0,1,2,0,2,2,0,1,1,0,2,2,0,3,3
CTCATTGATGCTTT-1,1,2,3,5,4,4,3,2,3,4,4,3,3,2,4,3,2,3,3,4,4,3,5,3,5,3,6,4
CTCATTGATTGCTT-1,1,3,6,7,4,7,6,2,6,7,3,6,6,2,7,6,2,6,6,2,6,6,5,6,7,3,6,6
CTCCACGAGAGATA-1,5,5,7,8,5,8,7,5,7,3,5,7,7,4,8,7,3,7,7,5,7,7,6,7,8,5,7,7
CTCCATCTCTTAGG-1,0,0,0,0,0,0,0,0,0,0,0,0,0,0,0,0,0,0,0,0,0,0,0,0,0,0,0,0
CTCCATCTGACGAG-1,0,0,0,1,0,1,2,0,0,0,0,2,1,0,0,2,0,2,2,0,1,1,0,2,2,0,3,3
CTCCGAACAAGTGA-1,4,2,3,5,2,4,3,2,3,4,4,3,3,2,4,3,2,3,3,4,4,3,3,3,5,3,4,4
CTCCTACTGCCTTC-1,1,3,6,7,4,7,6,2,6,7,3,6,6,2,7,6,2,6,6,2,6,6,5,6,7,3,6,6
CTCGAAGATGTGGT-1,0,0,0,0,0,0,0,0,0,0,0,2,0,0,0,0,0,0,0,0,0,0,0,0,0,0,0,0
CTCGAAGATTAGGC-1,1,3,6,7,4,7,6,2,6,7,3,6,6,2,7,6,2,6,6,2,6,6,5,6,7,3,6,6
CTCGACTGCTCTAT-1,0,0,0,0,0,0,0,0,0,0,0,0,0,0,0,0,0,0,0,0,0,0,0,0,0,0,0,0
CTCGACTGGGTGAG-1,0,0,0,0,0,0,0,0,0,0,0,0,0,0,0,0,0,0,0,0,0,0,0,0,0,0,0,0
CTCGACTGGTTGAC-1,2,4,4,6,3,5,4,4,4,5,1,4,4,3,5,4,5,4,4,3,5,4,4,4,6,1,5,5
CTCGAGCTCTGGAT-1,2,4,5,2,3,6,5,4,5,6,1,5,5,3,6,5,5,5,5,3,3,5,4,5,1,1,1,1
CTCGCATGACTTTC-1,0,4,5,2,3,6,5,4,5,6,0,5,5,3,6,5,0,5,5,3,3,5,4,5,1,0,1,1
CTCGCATGCTTAGG-1,0,0,0,0,0,0,0,0,0,0,0,2,0,0,0,0,0,0,0,0,0,0,0,0,0,0,0,0
CTCTAAACCTCGAA-1,0,0,2,0,0,0,0,0,2,2,0,2,0,0,0,0,0,2,2,0,1,1,0,0,0,0,3,3
CTCTAAACGGCGAA-1,0,0,0,0,0,0,0,0,0,0,0,0,0,0,0,0,0,0,0,0,0,0,0,0,0,0,0,0
CTCTAATGTCCAAG-1,1,3,6,7,4,7,6,2,6,7,3,6,6,2,7,6,2,6,6,2,6,6,5,6,7,3,6,6
CTGAACGACAGTCA-1,0,0,2,1,0,1,2,0,2,2,0,2,1,0,1,2,0,2,2,0,1,1,0,2,2,0,3,3
CTGAACGATGAGGG-1,0,0,0,0,0,1,2,0,2,2,0,0,0,0,1,2,0,2,2,0,0,1,0,2,2,0,3,3
CTGAAGACCCAACA-1,0,0,2,1,0,1,2,0,2,2,0,2,1,0,1,2,0,2,2,0,1,1,0,2,2,0,3,3
CTGAAGACGTGCAT-1,3,1,1,3,1,2,1,1,1,1,2,1,2,1,2,1,1,1,1,1,2,2,2,1,3,2,2,2
CTGAAGTGAAGCCT-1,4,2,3,5,2,4,3,2,3,4,4,3,3,2,4,3,2,3,3,4,4,3,3,3,5,3,4,4
CTGAAGTGCAGCTA-1,3,1,1,3,1,2,1,1,1,1,2,1,2,1,2,1,1,1,1,1,2,2,2,1,3,2,2,2
CTGAAGTGGCTATG-1,0,0,0,0,0,0,0,0,0,0,0,2,0,0,0,0,0,0,0,0,0,0,0,0,0,0,0,0
CTGAAGTGTCCAGA-1,0,0,0,1,0,1,2,0,0,2,0,2,1,0,0,2,0,2,2,0,0,0,0,2,2,0,3,3
CTGAATCTGAATAG-1,0,0,2,1,0,1,2,0,2,2,0,2,1,0,1,2,0,2,2,0,1,1,0,2,2,0,3,3
CTGACAGAATCGTG-1,2,4,5,2,3,6,5,4,5,6,1,5,5,3,6,5,5,5,5,3,3,5,4,5,1,1,1,1
CTGACCACAGCAAA-1,0,0,0,0,0,1,0,0,0,2,0,2,0,0,0,0,0,2,2,0,0,0,0,2,0,0,3,3
CTGAGAACCGGGAA-1,0,0,2,1,0,1,2,0,2,2,0,2,1,0,1,2,0,2,2,0,1,1,0,2,2,0,3,3
CTGAGAACGTAAAG-1,2,4,5,2,3,5,4,4,4,5,1,5,5,3,5,4,5,4,4,3,3,5,4,4,6,1,5,5
CTGATACTAGTAGA-1,0,0,0,0,0,0,0,0,0,0,0,0,0,0,0,0,0,0,0,0,0,0,0,0,0,0,0,0
CTGATTTGGTGTTG-1,1,3,6,7,4,7,6,2,6,7,3,6,6,2,7,6,2,6,6,2,6,6,5,6,7,3,6,6
CTGCAGCTAACCGT-1,0,0,0,0,0,0,0,0,0,0,0,0,0,0,0,0,0,0,0,0,0,0,0,0,0,0,0,0
CTGCAGCTGACACT-1,0,0,0,0,0,0,0,0,0,0,0,2,0,0,0,0,0,0,0,0,0,0,0,0,0,0,0,0
CTGCAGCTGGATTC-1,1,2,3,5,4,4,3,2,3,4,4,3,3,2,4,3,2,3,3,4,4,3,5,3,5,3,6,4
CTGCAGCTTGGCAT-1,2,4,5,2,3,6,5,4,5,6,1,5,5,3,6,5,5,5,5,3,3,5,4,5,1,1,1,1
CTGCCAACAGGAGC-1,2,4,5,2,3,6,5,4,5,6,1,5,5,3,6,5,5,5,5,3,3,5,4,5,1,1,1,1
CTGCCAACCAGCTA-1,0,0,0,0,0,1,2,0,0,0,0,2,1,0,0,2,0,2,2,0,1,1,0,2,0,0,0,3
CTGCCAACTAACCG-1,1,3,6,7,4,7,6,2,6,7,3,6,6,2,7,6,2,6,6,2,6,6,5,6,7,3,6,6
CTGCCAACTGCTCC-1,2,4,5,2,3,6,5,4,5,6,1,5,5,3,6,5,5,5,5,3,3,5,4,5,1,1,1,1
CTGCCAACTTGCAG-1,0,0,0,0,0,0,0,0,0,0,0,2,0,0,0,0,0,0,0,0,0,0,0,0,0,0,0,0
CTGCCAACTTGCTT-1,2,4,5,2,3,6,5,4,5,6,1,5,5,3,6,5,5,5,5,3,3,5,4,5,1,1,1,1
CTGCGACTCCACCT-1,2,4,5,2,3,6,5,0,5,6,1,0,5,3,6,5,0,0,5,3,3,5,4,5,1,0,1,1
CTGGAAACAAACGA-1,2,4,5,2,3,6,5,4,5,6,1,5,5,3,6,5,5,5,5,3,3,5,4,5,1,1,1,1
CTGGAAACATCGAC-1,0,0,0,0,0,1,2,0,0,2,0,2,1,0,0,2,0,2,2,0,1,1,0,2,0,0,3,3
CTGGATGACTGGAT-1,2,4,5,2,3,6,5,4,5,6,1,5,5,3,6,5,5,5,5,3,3,5,4,5,1,1,1,1
CTGGATGACTTGTT-1,0,0,0,0,0,0,0,0,0,0,0,2,0,0,0,0,0,0,0,0,0,0,0,0,0,0,0,0
CTGGATGATGTGAC-1,3,1,1,3,1,2,1,1,1,1,2,1,2,1,2,1,1,1,1,1,2,2,2,1,3,2,2,2
CTGGCACTCAAGCT-1,1,3,6,7,4,7,6,2,6,7,3,6,6,2,7,6,2,6,6,2,6,6,5,6,7,3,6,6
CTGGCACTGGACAG-1,2,4,5,2,3,6,5,4,5,6,1,5,5,3,6,5,5,5,5,3,3,5,4,5,1,1,1,1
CTGTAACTAACCAC-1,0,0,2,1,0,1,2,0,2,2,0,2,1,0,1,2,0,2,2,0,1,1,0,2,2,0,3,3
CTGTAACTAGCGTT-1,0,0,0,0,0,0,0,0,0,0,0,2,0,0,0,0,0,0,0,0,0,0,0,0,0,0,0,0
CTGTATACGTAAAG-1,0,0,0,0,0,0,0,0,0,0,0,0,0,0,0,0,0,0,0,0,0,0,0,0,0,0,0,0
CTGTATACGTACGT-1,1,3,6,7,4,7,6,2,6,7,3,6,6,2,7,6,2,6,6,2,6,6,5,6,7,3,6,6
CTGTATACGTTGGT-1,0,0,2,1,0,1,2,0,2,2,0,2,1,0,1,2,0,2,2,0,1,1,0,2,2,0,3,3
CTGTGAGACAACCA-1,4,2,3,5,2,4,3,2,3,4,4,3,3,2,4,3,2,3,3,4,4,3,3,3,5,3,4,4
CTGTGAGACCTTGC-1,2,4,5,2,3,6,5,4,5,6,1,5,5,3,6,5,5,5,5,3,3,5,4,5,1,1,1,1
CTGTGAGACGAACT-1,1,3,6,7,4,7,6,2,6,7,3,6,6,2,7,6,2,6,6,2,6,6,5,6,7,3,6,6
CTGTGAGACTGTAG-1,1,3,6,7,4,7,6,2,6,7,3,6,6,2,7,6,2,6,6,2,6,6,5,6,7,3,6,6
CTTAAAGAACCTGA-1,0,0,0,0,0,0,0,0,0,0,0,2,0,0,0,0,0,0,0,0,0,0,0,0,0,0,0,0
CTTAACACCTGTAG-1,0,0,2,1,0,1,2,0,2,2,0,2,1,0,0,2,0,2,2,0,1,1,0,2,2,0,3,3
CTTAACACGAGCTT-1,0,0,2,1,0,1,2,0,2,2,0,2,1,0,1,2,0,2,2,0,1,1,0,2,2,0,3,3
CTTAACACTATCGG-1,3,1,1,3,1,2,1,1,1,1,2,1,2,1,2,1,1,1,1,1,2,2,2,1,3,2,2,2
CTTAAGCTACCTAG-1,0,0,2,1,0,1,2,0,0,2,0,2,1,0,1,2,0,2,2,0,1,1,0,2,2,0,3,3
CTTAAGCTAGTACC-1,0,0,0,0,0,0,0,0,0,0,0,0,0,0,0,0,0,0,0,0,0,0,0,0,0,0,0,0
CTTAAGCTCATCAG-1,0,0,0,0,0,0,0,0,0,0,0,2,0,0,0,0,0,0,0,0,0,0,0,0,0,0,0,0
CTTAAGCTCCGCTT-1,3,1,1,3,1,2,1,1,1,1,2,1,2,1,2,1,1,1,1,1,2,2,2,1,3,2,2,2
CTTAAGCTTCCTCG-1,2,4,5,2,3,6,5,4,5,6,1,5,5,3,6,5,5,5,5,3,3,5,4,5,1,1,1,1
CTTACAACTAACGC-1,0,0,2,1,0,1,2,0,0,2,0,2,1,0,1,2,0,2,2,0,1,1,0,2,2,0,3,3
CTTACAACTCCCGT-1,1,3,6,7,4,7,6,2,6,7,3,6,6,2,7,6,2,6,6,2,6,6,5,6,7,3,6,6
CTTACTGACGTACA-1,0,0,0,0,0,0,0,0,0,0,0,0,0,0,0,0,0,0,0,0,0,0,0,0,0,0,0,0
CTTAGACTAAACGA-1,0,0,2,1,0,1,2,0,2,2,0,2,1,0,1,2,0,2,2,0,1,1,0,2,2,0,3,3
CTTAGGGACTTGCC-1,0,0,2,1,0,1,2,0,2,2,0,2,1,0,1,2,0,2,2,0,1,1,0,2,2,0,3,3
CTTAGGGAGAATCC-1,0,0,0,0,0,0,0,0,0,0,0,0,0,0,0,0,0,0,0,0,0,0,0,0,0,0,0,0
CTTATCGACTCATT-1,0,0,2,1,0,1,2,0,2,2,0,2,1,0,1,2,0,2,2,0,1,1,0,2,2,0,3,3
CTTCACCTACCTGA-1,4,2,3,5,2,4,3,2,3,4,4,3,3,2,4,3,2,3,3,4,4,3,3,3,5,3,4,4
CTTCATGAAGCATC-1,3,1,1,3,1,2,1,1,1,1,2,1,2,1,2,1,1,1,1,1,2,2,2,1,3,2,2,2
CTTCATGAAGTACC-1,0,0,0,0,0,0,0,0,0,0,0,0,0,0,0,0,0,0,0,0,0,0,0,0,0,0,0,0
CTTCATGACCGAAT-1,2,4,5,2,3,6,5,4,5,6,1,0,5,3,6,5,5,5,5,3,3,5,4,5,1,1,1,1
CTTGAACTACGCAT-1,0,0,0,0,0,0,0,0,0,0,0,2,0,0,0,0,0,0,0,0,0,0,0,0,0,0,0,0
CTTGATTGAGGTTC-1,2,4,5,2,3,6,5,4,5,6,1,5,5,3,6,5,5,5,5,3,3,5,4,5,1,1,1,1
CTTGATTGATCTTC-1,1,3,6,9,4,7,8,2,6,7,3,6,8,2,7,8,2,6,6,2,6,8,5,6,9,3,6,6
CTTGATTGCATTCT-1,0,0,2,1,0,1,2,0,2,2,0,2,1,0,1,2,0,2,2,0,1,1,0,2,2,0,3,3
CTTGATTGTTTCGT-1,0,0,2,1,0,1,2,0,2,2,0,2,1,0,1,2,0,2,2,0,1,1,0,2,2,0,3,3
CTTGTATGACACCA-1,3,1,1,3,1,2,1,1,1,1,2,1,2,1,2,1,1,1,1,1,2,2,2,1,3,2,2,2
CTTGTATGCGCAAT-1,3,1,1,3,1,2,1,1,1,1,2,1,2,1,2,1,1,1,1,1,2,2,2,1,3,2,2,2
CTTTACGAGCGAAG-1,0,0,0,0,0,0,0,0,0,0,0,0,0,0,0,0,0,0,0,0,0,0,0,0,0,0,0,0
CTTTAGACCGTGAT-1,0,0,0,0,0,0,0,0,0,0,0,0,0,0,0,0,0,0,0,0,0,0,0,0,0,0,0,0
CTTTAGACGAGACG-1,0,0,0,0,0,0,0,0,0,0,0,0,0,0,0,0,0,0,0,0,0,0,0,0,0,0,0,0
CTTTAGACGATACC-1,0,0,0,2,0,0,0,0,0,0,0,2,5,0,0,0,0,0,0,0,0,5,0,0,0,0,0,0
CTTTAGACGTTGGT-1,2,4,5,2,3,6,5,4,5,6,1,5,5,3,6,5,5,5,5,3,3,5,4,5,1,1,1,1
CTTTAGACTCATTC-1,0,4,5,2,3,6,5,4,5,6,1,5,5,3,6,5,5,5,5,3,3,5,4,5,1,1,1,1
CTTTAGTGACGGGA-1,2,4,4,6,3,5,4,4,4,5,1,4,4,3,5,4,5,4,4,3,5,4,4,4,6,1,5,5
CTTTAGTGGGTGGA-1,0,0,0,0,0,0,0,0,0,0,0,0,0,0,0,0,0,0,0,0,0,0,0,0,0,0,0,0
CTTTCAGAGAAACA-1,0,0,2,1,0,1,2,0,2,2,0,2,1,0,1,2,0,2,2,0,1,1,0,2,2,0,3,3
CTTTGATGAGCACT-1,0,0,0,1,0,0,0,0,0,0,0,2,0,0,0,0,0,0,0,0,0,0,0,0,0,0,0,0
CTTTGATGTCTAGG-1,2,4,2,1,3,1,2,0,2,2,0,5,1,3,1,2,5,2,2,0,1,1,0,2,2,0,3,1
CTTTGATGTGTCCC-1,0,0,0,0,0,0,0,0,0,0,0,2,0,0,0,0,0,0,0,0,0,0,0,0,0,0,0,0
CTTTGATGTGTGGT-1,0,0,0,0,0,0,0,0,0,0,0,0,0,0,0,0,0,0,0,0,0,0,0,0,0,0,0,0
GAAACAGAACTACG-1,0,0,2,1,0,1,2,0,2,2,0,2,1,0,1,2,0,2,2,0,1,1,0,2,2,0,3,3
GAAACAGAATCACG-1,0,0,0,1,0,1,2,0,0,0,0,2,1,0,1,2,0,2,2,0,1,1,0,2,2,0,0,3
GAAACAGACATTCT-1,0,0,2,1,0,1,2,0,2,2,0,2,1,0,1,2,0,2,2,0,1,1,0,2,2,0,3,3
GAAACCTGATCGTG-1,0,0,0,1,0,1,2,0,0,2,0,2,1,0,0,2,0,2,2,0,0,0,0,2,2,0,3,3
GAAACCTGATGCCA-1,0,0,2,1,0,1,2,0,2,2,0,2,1,0,1,2,0,2,2,0,1,1,0,2,2,0,3,3
GAAACCTGCTTATC-1,0,0,2,1,0,1,2,0,0,2,0,2,1,0,1,2,0,2,2,0,1,1,0,2,2,0,3,3
GAAACCTGGACTAC-1,4,2,3,5,2,4,3,2,3,4,4,3,3,2,4,3,2,3,3,4,4,3,3,3,5,3,4,4
GAAACCTGTGCTAG-1,0,0,0,1,0,1,2,0,0,2,0,2,1,0,0,2,0,2,2,0,1,1,0,2,2,0,3,3
GAAAGATGATTTCC-1,0,0,2,1,0,1,2,0,0,2,0,2,1,0,1,2,0,2,2,0,1,1,0,2,2,0,3,3
GAAAGATGCTGATG-1,4,2,3,5,2,4,3,2,3,4,4,3,3,2,4,3,2,3,3,4,4,3,3,3,5,3,4,4
GAAAGATGCTTCGC-1,1,3,6,7,4,7,6,2,6,7,3,6,6,2,7,6,2,6,6,2,6,6,5,6,7,3,6,6
GAAAGATGTAAGGA-1,0,0,0,0,0,0,0,0,0,0,0,0,0,0,0,0,0,0,0,0,0,0,0,0,0,0,0,0
GAAAGATGTTTGCT-1,2,4,5,2,3,6,5,4,5,6,1,5,5,3,6,5,5,5,5,3,3,5,4,5,1,1,1,1
GAAAGCCTACGTTG-1,3,1,1,3,1,2,1,1,1,1,2,1,2,1,2,1,1,1,1,1,2,2,2,1,3,2,2,2
GAAAGTGAAAGTGA-1,5,5,7,8,5,8,7,5,7,3,5,7,7,4,8,7,3,7,7,5,7,7,6,7,8,5,7,7
GAAAGTGACCACAA-1,1,3,6,7,4,7,6,2,6,7,3,6,6,2,7,6,2,6,6,2,6,6,5,6,7,3,6,6
GAAAGTGACTCAAG-1,0,0,2,1,0,1,2,0,2,2,0,2,1,0,1,2,0,2,2,0,1,1,0,2,2,0,3,3
GAAATACTACCAAC-1,1,3,6,7,4,7,6,2,6,7,3,6,6,2,7,6,2,6,6,2,6,6,5,6,7,3,6,6
GAAATACTCTTAGG-1,3,1,1,3,1,2,1,1,1,1,2,1,2,1,2,1,1,1,1,1,2,2,2,1,3,2,2,2
GAAATACTTCCTCG-1,0,0,2,1,0,1,2,0,2,2,0,2,1,0,1,2,0,2,2,0,1,1,0,2,2,0,3,3
GAACACACGTGCAT-1,1,3,6,7,4,7,6,2,6,7,3,6,6,2,7,6,2,6,6,2,6,6,5,6,7,3,6,6
GAACACACTGCCTC-1,0,0,0,0,0,0,0,0,0,0,0,2,0,0,0,0,0,0,0,0,0,0,0,0,0,0,0,0
GAACAGCTAACTGC-1,1,3,6,7,4,7,6,2,6,7,3,6,6,2,7,3,2,3,3,2,6,6,5,6,7,3,6,4
GAACAGCTCTCAGA-1,4,2,3,5,2,4,3,2,3,4,4,3,3,2,4,3,2,3,3,4,4,3,3,3,5,3,4,4
GAACCAACCACAAC-1,0,4,5,2,0,0,0,0,0,0,1,0,5,0,0,0,0,0,0,3,3,5,0,0,0,0,0,0
GAACCAACTTCCGC-1,2,4,4,6,3,5,4,4,4,5,1,4,4,3,5,4,5,4,4,3,5,4,4,4,6,1,5,5
GAACCTGAACGTGT-1,0,4,2,1,3,1,2,0,2,2,1,5,1,3,1,2,5,2,2,3,1,1,0,2,2,0,3,1
GAACCTGAGAGACG-1,0,0,0,1,0,1,2,0,0,2,0,2,1,0,0,2,0,2,2,0,0,0,0,2,2,0,3,3
GAACCTGATGAACC-1,0,0,2,1,0,1,2,0,2,2,0,2,1,0,1,2,0,2,2,0,1,1,0,2,2,0,3,3
GAACGGGATACTTC-1,0,0,0,0,0,0,0,0,0,0,0,2,0,0,0,0,0,0,0,0,0,0,0,0,0,0,0,0
GAACGTTGACGGAG-1,2,4,5,2,3,6,5,4,5,6,1,5,5,3,6,5,5,5,5,3,3,5,4,5,1,1,1,1
GAACTGTGACCTGA-1,4,2,3,5,2,4,3,2,3,4,4,3,3,2,4,3,2,3,3,4,4,3,3,3,5,3,4,4
GAACTGTGCCAGTA-1,1,3,6,7,4,7,6,2,6,7,3,6,6,2,7,6,2,6,6,2,6,6,5,6,7,3,6,6
GAAGAATGCAATCG-1,0,0,0,0,0,0,0,0,0,0,0,0,0,0,0,0,0,0,0,0,0,0,0,0,0,0,0,0
GAAGCGGACCTATT-1,1,3,6,7,4,7,6,2,6,7,3,6,6,2,7,6,2,6,6,2,6,6,5,6,7,3,6,6
GAAGCTACGAATGA-1,1,3,6,7,4,7,6,2,6,7,3,6,6,2,7,6,2,6,6,2,6,6,5,6,7,3,6,6
GAAGCTACGGTTTG-1,0,0,2,1,0,1,2,0,2,2,0,2,1,0,1,2,0,2,2,0,1,1,0,2,2,0,3,3
GAAGGGTGAAAGTG-1,0,0,2,1,0,1,2,0,2,2,0,2,1,0,1,2,0,2,2,0,1,1,0,2,2,0,3,3
GAAGGGTGCTTAGG-1,1,3,6,7,4,7,6,2,6,7,3,6,6,2,7,6,2,6,6,2,6,6,5,6,7,3,6,6
GAAGGTCTGAAAGT-1,0,0,2,1,0,1,2,0,2,2,0,2,1,0,1,2,0,2,2,0,1,1,0,2,2,0,3,3
GAAGGTCTGTTGCA-1,0,0,0,1,0,0,0,0,0,0,0,2,1,0,0,0,0,0,0,0,0,1,0,0,0,0,0,0
GAAGGTCTTAAAGG-1,5,5,7,8,5,8,7,5,7,3,5,7,7,4,8,7,3,7,7,5,7,7,6,7,8,5,7,7
GAAGTAGACTCCCA-1,2,4,5,2,3,6,5,4,5,6,1,5,5,3,6,5,5,5,5,3,3,5,4,5,1,1,1,1
GAAGTAGATCCAAG-1,4,2,3,5,2,4,3,2,3,4,4,3,3,2,4,3,2,3,3,4,4,3,3,3,5,3,4,4
GAAGTCACCCTCGT-1,1,3,6,7,4,7,6,2,6,7,3,6,6,2,7,6,2,6,6,2,6,6,5,6,7,3,6,6
GAAGTCACCCTGTC-1,3,1,1,3,1,2,1,1,1,1,2,1,2,1,2,1,1,1,1,1,2,2,2,1,3,2,2,2
GAAGTCTGTCGCAA-1,3,1,1,3,1,2,1,1,1,1,2,1,2,1,2,1,1,1,1,1,2,2,2,1,3,2,2,2
GAAGTCTGTTCTGT-1,0,0,0,0,0,0,0,0,0,0,0,0,0,0,0,0,0,0,0,0,0,0,0,0,0,0,0,0
GAAGTGCTAAACGA-1,2,4,4,6,3,5,4,4,4,5,1,4,4,3,5,4,5,4,4,3,5,4,4,4,6,1,5,5
GAAGTGCTCCGCTT-1,1,3,6,7,4,7,6,2,6,7,3,6,6,2,7,6,2,6,6,2,6,6,5,6,7,3,6,6
GAAGTGCTTAACCG-1,0,0,2,1,0,1,2,0,0,2,0,2,1,0,1,2,0,2,2,0,1,1,0,2,2,0,3,3
GAATGCACCCTAAG-1,0,0,2,1,0,1,2,0,2,2,0,2,1,0,1,2,0,2,2,0,1,1,0,2,2,0,3,3
GAATGCACCTTCGC-1,2,4,4,6,3,5,4,4,4,5,1,4,4,3,5,4,5,4,4,3,5,4,4,4,6,1,5,5
GAATGCTGCGGTAT-1,0,0,0,0,0,0,0,0,0,0,0,0,0,0,0,0,0,0,0,0,0,0,0,0,0,0,0,0
GAATGGCTAAGATG-1,0,0,0,0,0,0,0,0,0,0,0,0,0,0,0,0,0,0,0,0,0,0,0,0,0,0,0,0
GAATTAACGATAAG-1,0,0,0,1,0,1,2,0,0,2,0,2,1,0,0,2,0,2,2,0,1,1,0,2,2,0,3,3
GAATTAACGGTCAT-1,0,0,0,0,0,0,0,0,0,0,0,0,0,0,0,0,0,0,0,0,0,0,0,0,0,0,0,0
GAATTAACGTCGTA-1,2,4,4,6,3,5,4,4,4,5,1,4,4,3,5,4,5,4,4,3,5,4,4,4,6,1,5,5
GAATTAACTGAAGA-1,3,1,1,3,1,2,1,1,1,1,2,1,2,1,2,1,1,1,1,1,2,2,2,1,3,2,2,2
GACAACACAGGCGA-1,0,0,0,0,0,0,0,0,0,0,0,2,0,0,0,0,0,0,0,0,0,0,0,0,0,0,0,0
GACAACACATCGTG-1,0,0,0,0,0,0,2,0,0,2,0,2,1,0,0,2,0,0,0,0,0,0,0,2,2,0,0,0
GACAACACTCGCCT-1,0,0,0,0,0,0,0,0,0,0,0,0,0,0,0,0,0,0,0,0,0,0,0,0,0,0,0,0
GACAACTGAGGTTC-1,0,0,2,1,0,1,2,0,2,2,0,2,1,0,1,2,0,2,2,0,1,1,0,2,2,0,3,3
GACAGGGAAGAGTA-1,3,1,1,3,1,2,1,1,1,1,2,1,2,1,2,1,1,1,1,1,2,2,2,1,3,2,2,2
GACAGGGAATGCCA-1,0,0,2,1,0,1,2,0,0,2,0,2,1,0,1,2,0,2,2,0,1,1,0,2,2,0,3,3
GACAGTACGAGCTT-1,4,2,3,5,2,4,3,2,3,4,4,3,3,2,4,3,2,3,3,4,4,3,3,3,5,3,4,4
GACAGTACTTCGGA-1,4,2,3,5,2,4,3,2,3,4,4,3,3,2,4,3,2,3,3,4,4,3,3,3,5,3,4,4
GACAGTTGAGTAGA-1,3,1,1,3,1,2,1,1,1,1,2,1,2,1,2,1,1,1,1,1,2,2,2,1,3,2,2,2
GACATTCTCCACCT-1,5,5,7,8,5,8,7,5,7,3,5,7,7,4,8,7,3,7,7,5,7,7,6,7,8,5,7,7
GACCAAACGACTAC-1,1,3,6,7,4,7,6,2,6,7,3,6,6,2,7,6,2,6,6,2,6,6,5,6,7,3,6,6
GACCAAACGTATCG-1,1,3,6,7,4,7,6,2,6,7,3,6,6,2,7,6,2,6,6,2,6,6,5,6,7,3,6,6
GACCATGACTCTCG-1,1,3,6,7,4,7,6,2,6,7,3,6,6,2,7,6,2,6,6,2,6,6,5,6,7,3,6,6
GACCCTACTAAAGG-1,3,1,1,3,1,2,1,1,1,1,2,1,2,1,2,1,1,1,1,1,2,2,2,1,3,2,2,2
GACCTAGACCTCAC-1,0,0,5,2,0,0,5,0,0,0,0,0,5,0,6,5,0,0,0,0,3,5,0,5,1,0,0,0
GACCTAGACGAGAG-1,0,0,5,2,0,6,5,0,5,6,0,5,5,0,6,5,0,5,5,0,3,5,0,5,1,0,1,1
GACCTCACAAGGTA-1,0,0,0,0,0,0,0,0,0,0,0,0,0,0,0,0,0,0,0,0,0,0,0,0,0,0,0,0
GACCTCACGTACGT-1,1,3,6,7,4,7,6,2,6,7,3,6,6,2,7,6,2,6,6,2,6,6,5,6,7,3,6,6
GACCTCTGCATCAG-1,0,0,0,0,0,1,2,0,0,2,0,2,1,0,0,2,0,2,2,0,0,0,0,2,0,0,3,3
GACGAACTCCCACT-1,0,0,0,0,0,0,0,0,0,0,0,2,0,0,0,0,0,0,0,0,0,0,0,0,0,0,0,0
GACGATTGCCAATG-1,3,1,1,3,1,2,1,1,1,1,2,1,2,1,2,1,1,1,1,1,2,2,2,1,3,2,2,2
GACGCCGACCTTCG-1,0,0,2,1,0,1,2,0,2,2,0,2,1,0,1,2,0,2,2,0,1,1,0,2,2,0,3,3
GACGCTCTCTCTCG-1,6,6,8,9,6,9,8,3,8,8,6,8,8,5,9,8,4,8,8,6,8,8,7,8,9,4,8,8
GACGGCACACGGGA-1,2,4,4,6,3,5,4,4,4,5,1,4,4,3,5,4,5,4,4,3,5,4,4,4,6,1,5,5
GACGGCACGAGATA-1,1,3,6,7,4,7,6,2,6,7,3,6,6,2,7,6,2,6,6,2,6,6,5,6,7,3,6,6
GACGTAACCTATGG-1,0,0,0,0,0,0,0,0,0,0,0,0,0,0,0,0,0,0,0,0,0,0,0,0,0,0,0,0
GACGTAACCTGTGA-1,0,0,2,1,0,1,2,0,2,2,0,2,1,0,1,2,0,2,2,0,1,1,0,2,2,0,3,3
GACGTAACTATGGC-1,0,0,2,1,0,1,2,0,2,2,0,2,1,0,1,2,0,2,2,0,1,1,0,2,2,0,3,3
GACGTATGTTGACG-1,0,0,0,1,0,1,2,0,0,2,0,2,1,0,0,2,0,2,2,0,1,1,0,2,2,0,3,3
GACGTATGTTTGCT-1,0,0,0,0,0,0,0,0,0,0,0,2,0,0,0,0,0,0,2,0,1,1,0,0,0,0,0,0
GACGTCCTACGGAG-1,0,0,0,0,0,0,0,0,0,0,0,2,0,0,0,0,0,0,0,0,0,0,0,0,0,0,0,0
GACGTCCTCTCAAG-1,1,3,6,7,4,7,6,2,6,7,3,6,6,2,7,6,2,6,6,2,6,6,5,6,7,3,6,6
GACGTCCTGATAAG-1,3,1,1,3,1,2,1,1,1,1,2,1,2,1,2,1,1,1,1,1,2,2,2,1,3,2,2,2
GACTACGATGGTCA-1,3,1,1,3,1,2,1,1,1,1,2,1,2,1,2,1,1,1,1,1,2,2,2,1,3,2,2,2
GACTCCTGCTCGCT-1,0,0,0,0,0,0,0,0,0,0,0,2,0,0,0,0,0,0,0,0,0,0,0,0,0,0,0,0
GACTCCTGGGTTAC-1,0,0,0,1,0,0,2,0,0,0,0,2,1,0,0,2,0,2,0,0,1,1,0,2,2,0,0,0
GACTCCTGTTATCC-1,0,0,2,1,0,1,2,0,2,2,0,2,1,0,1,2,0,2,2,0,1,1,0,2,2,0,3,3
GACTCCTGTTGGTG-1,1,3,6,7,4,7,6,2,6,7,3,6,6,2,7,6,2,6,6,2,6,6,5,6,7,3,6,6
GACTGAACAACCGT-1,3,1,1,3,1,2,1,1,1,1,2,1,2,1,2,1,1,1,1,1,2,2,2,1,3,2,2,2
GACTGAACCAATCG-1,1,3,6,7,4,7,6,2,6,7,3,6,6,2,7,6,2,6,6,2,6,6,5,6,7,3,6,6
GACTGATGTGATGC-1,0,0,0,0,0,0,0,0,0,0,0,2,0,0,0,0,0,0,0,0,0,0,0,0,0,0,0,0
GACTTTACATGCCA-1,0,0,0,0,0,0,0,0,0,0,0,2,0,0,0,0,0,0,0,0,0,0,0,0,0,0,0,0
GACTTTACGACAGG-1,3,1,1,3,1,2,1,1,1,1,2,1,2,1,2,1,1,1,1,1,2,2,2,1,3,2,2,2
GAGAAATGTTCTCA-1,3,1,1,3,1,2,1,1,1,1,2,1,2,1,2,1,1,1,1,1,2,2,2,1,3,2,2,2
GAGATAGAAAAAGC-1,1,3,6,7,4,7,6,2,6,7,3,6,6,2,7,6,2,6,6,2,6,6,5,6,7,3,6,6
GAGATCACGACAAA-1,4,2,3,5,2,4,3,2,3,4,4,3,3,2,4,3,2,3,3,4,4,3,3,3,5,3,4,4
GAGATGCTCTGGAT-1,2,4,5,2,3,6,5,4,5,6,1,5,5,3,6,5,5,5,5,3,3,5,4,5,1,1,1,1
GAGATGCTGAATGA-1,0,0,2,1,0,1,2,0,2,2,0,2,1,0,1,2,0,2,2,0,1,1,0,2,2,0,3,3
GAGCAGGATTCCCG-1,2,4,5,2,3,6,5,4,5,6,1,5,5,3,6,5,5,5,5,3,3,5,4,5,1,1,1,1
GAGCATACTTTGCT-1,4,2,3,5,2,4,3,2,3,4,4,3,3,2,4,3,2,3,3,4,4,3,3,3,5,3,4,4
GAGCGCACGCGTAT-1,1,3,6,7,4,7,6,2,6,7,3,6,6,2,7,6,2,6,6,2,6,6,5,6,7,3,6,6
GAGCGCACGGTGAG-1,2,4,5,2,3,6,5,4,5,6,1,5,5,3,6,5,5,5,5,3,3,5,4,5,1,1,1,1
GAGCGCTGAAGATG-1,2,4,4,6,3,5,4,4,4,5,1,4,4,3,5,4,5,4,4,3,5,4,4,4,6,1,5,5
GAGCGCTGTCTTAC-1,1,3,6,7,4,7,6,2,6,7,3,6,6,2,7,6,2,6,6,2,6,6,5,6,7,3,6,6
GAGCGGCTGGGAGT-1,3,1,1,3,1,2,1,1,1,1,2,1,2,1,2,1,1,1,1,1,2,2,2,1,3,2,2,2
GAGGACGACTCAGA-1,0,0,0,0,0,0,0,0,0,0,0,0,0,0,0,0,0,0,0,0,0,0,0,0,0,0,0,0
GAGGATCTGAAAGT-1,3,1,1,3,1,2,1,1,1,1,2,1,2,1,2,1,1,1,1,1,2,2,2,1,3,2,2,2
GAGGCAGACTTGCC-1,2,4,5,2,3,6,5,4,5,6,1,5,5,3,6,5,5,5,5,3,3,5,4,5,1,1,1,1
GAGGGAACACCAGT-1,0,0,2,1,0,1,2,0,2,2,0,2,1,0,1,2,0,2,2,0,1,1,0,2,2,0,3,3
GAGGGAACGAGGGT-1,0,0,5,1,0,1,5,0,2,2,0,5,5,0,1,2,0,2,2,0,3,5,0,2,2,0,3,3
GAGGGATGGGAAAT-1,0,0,2,1,0,1,2,0,0,2,0,2,1,0,1,2,0,2,2,0,1,1,0,2,2,0,3,3
GAGGGCCTTCACCC-1,0,0,2,1,0,1,2,0,2,2,0,2,1,0,1,2,0,2,2,0,1,1,0,2,2,0,3,3
GAGGGTGAAGAGTA-1,0,0,0,0,0,0,0,0,0,0,0,2,0,0,0,0,0,0,0,0,0,0,0,0,0,0,0,0
GAGGTACTACGGTT-1,0,0,0,0,0,0,0,0,0,0,0,0,0,0,0,0,0,0,0,0,0,0,0,0,0,0,0,0
GAGGTACTACTCAG-1,1,3,6,7,4,7,6,2,6,7,3,6,6,2,7,6,2,6,6,2,6,6,5,6,7,3,6,6
GAGGTACTGACACT-1,2,4,4,6,3,5,4,4,4,5,1,4,4,3,5,4,5,4,4,3,5,4,4,4,6,1,5,5
GAGGTACTGGGAGT-1,0,0,0,0,0,0,0,0,0,0,0,2,0,0,0,0,0,0,0,0,0,0,0,0,0,0,0,0
GAGGTACTTAGCGT-1,1,3,6,7,4,7,6,2,6,7,3,6,6,2,7,6,2,6,6,2,6,6,5,6,7,3,6,6
GAGGTGGAGTACGT-1,0,0,0,0,0,0,0,0,0,0,0,0,0,0,0,0,0,0,0,0,0,0,0,0,0,0,0,0
GAGGTGGATCCTCG-1,2,4,4,6,3,5,4,4,4,5,1,4,4,3,5,4,5,4,4,3,5,4,4,4,6,1,5,5
GAGGTTACTCGTTT-1,1,3,6,7,4,7,6,2,6,7,3,6,6,2,7,6,2,6,6,2,6,6,5,6,7,3,6,6
GAGGTTTGTAAGCC-1,1,3,6,7,4,7,6,2,6,7,3,6,6,2,7,6,2,6,6,2,6,6,5,6,7,3,6,6
GAGTCAACCATTCT-1,0,0,0,0,0,0,0,0,0,0,0,0,0,0,0,0,0,0,0,0,0,0,0,0,0,0,0,0
GAGTCAACGGGAGT-1,0,0,0,0,0,0,0,0,0,0,0,0,0,0,0,0,0,0,0,0,0,0,0,0,0,0,0,0
GAGTCTGATCGTGA-1,0,0,0,0,0,0,0,0,0,0,0,0,0,0,0,0,0,0,0,0,0,0,0,0,0,0,3,0
GAGTCTGATTTGGG-1,3,1,1,3,1,2,1,1,1,1,2,1,2,1,2,1,1,1,1,1,2,2,2,1,3,2,2,2
GAGTGACTCAGCTA-1,0,0,2,1,0,1,2,0,2,2,0,2,1,0,1,2,0,2,2,0,1,1,0,2,2,0,3,3
GAGTGACTCGGTAT-1,2,4,5,2,3,6,5,4,5,6,1,5,5,3,6,5,5,5,5,3,3,5,4,5,1,1,1,1
GAGTGACTCTTGCC-1,3,1,1,3,1,2,1,1,1,1,2,1,2,1,2,1,1,1,1,1,2,2,2,1,3,2,2,2
GAGTGACTGACTAC-1,3,1,1,3,1,2,1,1,1,1,2,1,2,1,2,1,1,1,1,1,2,2,2,1,3,2,2,2
GAGTGACTGTCTAG-1,0,0,2,1,0,1,2,0,2,2,0,2,1,0,1,2,0,2,2,0,1,1,0,2,2,0,3,3
GAGTGGGAGTCTTT-1,3,1,1,3,1,2,1,1,1,1,2,1,2,1,2,1,1,1,1,1,2,2,2,1,3,2,2,2
GAGTGGGATGCCCT-1,0,0,0,0,0,0,0,0,0,0,0,0,0,0,0,0,0,0,0,0,0,0,0,0,0,0,0,0
GAGTGGGATGCTGA-1,3,1,1,3,1,2,1,1,1,1,2,1,2,1,2,1,1,1,1,1,2,2,2,1,3,2,2,2
GAGTGTTGCTGTAG-1,0,0,2,1,0,1,2,0,2,2,0,2,1,0,1,2,0,2,2,0,1,1,0,2,2,0,3,3
GAGTGTTGTGGTCA-1,0,0,0,0,0,0,0,0,0,0,0,0,0,0,0,0,0,0,0,0,0,0,0,0,0,0,0,0
GAGTTGTGCATGGT-1,1,3,6,7,4,7,6,2,6,7,3,6,6,2,7,6,2,6,6,2,6,6,5,6,7,3,6,6
GAGTTGTGCTGAGT-1,2,4,5,2,3,6,5,4,5,6,1,5,5,3,6,5,5,5,5,3,3,5,4,5,1,1,1,1
GAGTTGTGGCGAGA-1,1,3,6,7,4,7,6,2,6,7,3,6,6,2,7,6,2,6,6,2,6,6,5,6,7,3,6,6
GAGTTGTGGTAGCT-1,6,6,8,9,6,9,8,3,8,8,6,8,8,5,9,8,4,8,8,6,8,8,7,8,9,4,8,8
GAGTTGTGTATGCG-1,4,2,3,5,2,4,3,2,3,4,4,3,3,2,4,3,2,3,3,4,4,3,3,3,5,3,4,4
GATAAGGAGAAACA-1,1,3,6,7,4,7,6,2,6,7,3,6,6,2,7,6,2,6,6,2,6,6,5,6,7,3,6,6
GATAAGGATTCACT-1,1,3,6,7,4,7,6,2,6,7,3,6,6,2,7,6,2,6,6,2,6,6,5,6,7,3,6,6
GATACTCTATCGGT-1,0,0,0,1,0,1,2,0,0,0,0,2,1,0,0,2,0,2,2,0,1,1,0,2,2,0,0,3
GATACTCTTACTTC-1,0,0,2,1,0,1,2,0,2,2,0,2,1,0,1,2,0,2,2,0,1,1,0,2,2,0,3,3
GATACTCTTGACTG-1,1,3,6,7,4,7,6,2,6,7,3,6,6,2,7,6,2,6,6,2,6,6,5,6,7,3,6,6
GATAGAGAAGGGTG-1,2,4,4,6,3,5,4,4,4,5,1,4,4,3,5,4,5,4,4,3,5,4,4,4,6,1,5,5
GATAGAGACTGTGA-1,0,0,2,1,0,1,2,0,2,2,0,2,1,0,1,2,0,2,2,0,1,1,0,2,2,0,3,3
GATAGAGATCACGA-1,5,5,7,8,5,8,7,5,7,3,5,7,7,4,8,7,3,7,7,5,7,7,6,7,8,5,7,7
GATAGCACCCATAG-1,0,0,2,1,0,1,2,0,2,2,0,2,1,0,1,2,0,2,2,0,1,1,0,2,2,0,3,3
GATAGCACGAAGGC-1,1,3,6,7,4,7,6,2,6,7,3,6,6,2,7,6,2,6,6,2,6,6,5,6,7,3,6,6
GATAGCACTTGTCT-1,0,0,0,0,0,0,0,0,0,0,0,2,0,0,0,0,0,0,0,0,0,0,0,0,0,0,0,0
GATATAACAAGGTA-1,0,0,2,1,0,1,2,0,2,2,0,2,1,0,1,2,0,2,2,0,1,1,0,2,2,0,3,3
GATATAACACGCAT-1,0,0,0,0,0,0,0,0,0,0,0,0,0,0,0,0,0,0,0,0,0,0,0,0,0,0,0,0
GATATATGCTGGAT-1,0,0,0,0,0,0,0,0,0,0,0,0,0,0,0,0,0,0,0,0,0,0,0,0,0,0,0,0
GATATATGTCCGTC-1,2,4,5,2,3,6,5,4,5,6,1,5,5,3,6,5,5,5,5,3,3,5,4,5,1,1,1,1
GATATATGTGGAGG-1,1,3,6,7,4,7,6,2,6,7,3,6,6,2,7,6,2,6,6,2,6,6,5,6,7,3,6,6
GATATCCTAGAAGT-1,0,0,0,1,0,1,2,0,0,0,0,2,1,0,0,2,0,2,2,0,1,1,0,2,2,0,0,3
GATATCCTCCCGTT-1,1,3,6,7,4,7,6,2,6,7,3,6,6,2,7,6,2,6,6,2,6,6,5,6,7,3,6,6
GATATTGACAGGAG-1,2,4,5,2,3,6,5,4,5,6,1,5,5,3,6,5,5,5,5,3,3,5,4,5,1,1,1,1
GATATTGACGAGTT-1,4,2,3,5,2,4,3,2,3,4,4,3,3,2,4,3,2,3,3,4,4,3,3,3,5,3,4,4
GATATTGAGCCAAT-1,0,0,0,0,0,0,0,0,0,0,0,2,0,0,0,0,0,0,0,0,0,0,0,0,0,0,0,0
GATCCCTGACCTTT-1,2,4,4,6,3,5,4,4,4,5,1,4,4,3,5,4,5,4,4,3,5,4,4,4,6,1,5,5
GATCCCTGTGTAGC-1,2,4,5,2,3,6,5,4,5,6,1,5,5,3,6,5,5,5,5,3,3,5,4,5,1,1,1,1
GATCCGCTGGTCAT-1,1,3,6,7,4,7,6,2,6,7,3,6,6,2,7,6,2,6,6,2,6,6,5,6,7,3,6,6
GATCGAACCGAGAG-1,0,0,2,1,0,1,2,0,2,2,0,2,1,0,1,2,0,2,2,0,1,1,0,2,2,0,3,3
GATCGATGACTAGC-1,3,1,1,3,1,2,1,1,1,1,2,1,2,1,2,1,1,1,1,1,2,2,2,1,3,2,2,2
GATCGATGGTAAAG-1,3,1,1,3,1,2,1,1,1,1,2,1,2,1,2,1,1,1,1,1,2,2,2,1,3,2,2,2
GATCGATGTAAGGA-1,1,3,6,7,4,7,6,2,6,7,3,6,6,2,7,6,2,6,6,2,6,6,5,6,7,3,6,6
GATCGTGACACTAG-1,0,0,2,1,0,1,2,0,2,2,0,2,1,0,1,2,0,2,2,0,1,1,0,2,2,0,3,3
GATCGTGATTCACT-1,0,0,2,1,0,1,2,0,2,2,0,2,1,0,1,2,0,2,2,0,1,1,0,2,2,0,3,3
GATCTACTGGTGAG-1,2,4,5,2,3,6,5,4,5,6,1,5,5,3,6,5,5,5,5,3,3,5,4,5,1,1,1,1
GATCTACTTTGCAG-1,3,1,1,3,1,2,1,1,1,1,2,1,2,1,2,1,1,1,1,1,2,2,2,1,3,2,2,2
GATCTTACACCCAA-1,4,2,3,5,2,4,3,2,3,4,4,3,3,2,4,3,2,3,3,4,4,3,3,3,5,3,4,4
GATCTTACCCTACC-1,0,0,2,1,0,1,2,0,0,2,0,2,1,0,1,2,0,2,2,0,1,1,0,2,2,0,3,3
GATCTTACGAATAG-1,1,3,6,7,4,7,6,2,6,7,3,6,6,2,7,6,2,6,6,2,6,6,5,6,7,3,6,6
GATCTTACGAGATA-1,1,3,6,7,4,7,6,2,6,7,3,6,6,2,7,6,2,6,6,2,6,6,5,6,7,3,6,6
GATGCAACTCCAGA-1,0,0,2,1,0,1,2,0,2,2,0,2,1,0,1,2,0,2,2,0,1,1,0,2,2,0,3,3
GATGCCCTACGTAC-1,0,0,2,1,0,1,2,0,2,2,0,2,1,0,1,2,0,2,2,0,1,1,0,2,2,0,3,3
GATGCCCTCTCATT-1,0,0,0,0,0,1,2,0,0,2,0,2,0,0,0,2,0,2,2,0,0,0,0,2,2,0,3,3
GATGCCCTGGCAAG-1,1,3,6,7,4,7,6,2,6,7,3,6,6,2,7,6,2,6,6,2,6,6,5,6,7,3,6,6
GATGCCCTTTTGCT-1,0,0,0,0,0,0,0,0,0,0,0,0,0,0,0,0,0,0,0,0,0,0,0,0,0,0,0,0
GATTACCTTGTTCT-1,0,0,0,0,0,0,0,0,0,0,0,0,0,0,0,0,0,0,0,0,0,0,0,0,0,0,0,0
GATTCGGAACGACT-1,0,0,0,0,0,0,0,0,0,0,0,0,0,0,0,0,0,0,0,0,0,0,0,0,0,0,0,0
GATTCGGACAGGAG-1,1,3,6,7,4,7,6,2,6,7,3,6,6,2,7,6,2,6,6,2,6,6,5,6,7,3,6,6
GATTCGGAGAAGGC-1,4,2,3,5,2,4,3,2,3,4,4,3,3,2,4,3,2,3,3,4,4,3,3,3,5,3,4,4
GATTCTTGATTCGG-1,1,3,6,7,4,7,6,2,6,7,3,6,6,2,7,6,2,6,6,2,6,6,5,6,7,3,6,6
GATTCTTGCCGATA-1,0,0,2,0,0,1,2,0,0,2,0,2,1,0,1,2,0,2,2,0,1,1,0,2,2,0,3,3
GATTCTTGCGAGTT-1,3,1,1,3,1,2,1,1,1,1,2,1,2,1,2,1,1,1,1,1,2,2,2,1,3,2,2,2
GATTGGACCCGTTC-1,3,1,1,3,1,2,1,1,1,1,2,1,2,1,2,1,1,1,1,1,2,2,2,1,3,2,2,2
GATTGGACGGTGTT-1,3,1,1,3,1,2,1,1,1,1,2,1,2,1,2,1,1,1,1,1,2,2,2,1,3,2,2,2
GATTGGACTTTCGT-1,3,1,1,3,1,2,1,1,1,1,2,1,2,1,2,1,1,1,1,1,2,2,2,1,3,2,2,2
GATTGGTGTGTCAG-1,0,0,2,1,0,1,2,0,2,2,0,2,1,0,1,2,0,2,2,0,1,1,0,2,2,0,3,3
GATTTAGACACTCC-1,4,2,3,5,2,4,3,2,3,4,4,3,3,2,4,3,2,3,3,4,4,3,3,3,5,3,4,4
GATTTAGACTAAGC-1,3,1,1,3,1,2,1,1,1,1,2,1,2,1,2,1,1,1,1,1,2,2,2,1,3,2,2,2
GATTTAGATTCGTT-1,1,3,6,7,4,7,6,2,6,7,3,6,6,2,7,6,2,6,6,2,6,6,5,6,7,3,6,6
GATTTGCTAACGAA-1,0,0,0,0,0,0,0,0,0,0,0,2,0,0,0,0,0,0,0,0,0,0,0,0,0,0,0,0
GATTTGCTAACGGG-1,1,3,6,7,4,7,6,2,6,7,3,6,6,2,7,6,2,6,6,2,6,6,5,6,7,3,6,6
GCAACCCTCCTCGT-1,1,3,6,7,4,7,6,2,6,7,3,6,6,2,7,6,2,6,6,2,6,6,5,6,7,3,6,6
GCAACTGATTGCGA-1,0,0,0,0,0,0,0,0,0,0,0,2,0,0,0,0,0,0,0,0,0,0,0,0,0,0,0,0
GCAAGACTACTGGT-1,0,0,2,1,0,1,2,0,2,2,0,2,1,0,1,2,0,2,2,0,1,1,0,2,2,0,3,3
GCAAGACTAGGTCT-1,0,0,2,1,0,1,2,0,2,2,0,2,1,0,1,2,0,2,2,0,1,1,0,2,2,0,3,3
GCAAGACTCCCTTG-1,0,0,0,0,0,1,2,0,0,0,0,2,1,0,0,0,0,2,2,0,0,0,0,2,2,0,3,3
GCAATCGACTGCAA-1,2,4,5,2,3,6,5,4,5,6,1,5,5,3,6,5,5,5,5,3,3,5,4,5,1,1,1,1
GCAATCGAGACGTT-1,1,2,3,5,4,4,3,2,3,4,4,3,3,2,4,3,2,3,3,4,4,3,5,3,5,3,6,4
GCAATCGATCCTTA-1,1,3,6,7,4,7,6,2,6,7,3,6,6,2,7,6,2,6,6,2,6,6,5,6,7,3,6,6
GCAATTCTCGTGTA-1,0,0,2,1,0,1,2,0,2,2,0,2,1,0,1,2,0,2,2,0,1,1,0,2,2,0,3,3
GCAATTCTTCTCCG-1,0,0,2,1,0,1,2,0,2,2,0,2,1,0,1,2,0,2,2,0,1,1,0,2,2,0,3,3
GCACAAACAATGCC-1,0,0,5,0,0,6,5,0,0,6,0,5,5,0,6,5,0,0,5,0,3,5,0,5,1,0,0,1
GCACAAACGGTACT-1,0,0,2,1,0,1,2,0,0,2,0,2,1,0,1,2,0,2,2,0,1,1,0,2,2,0,3,3
GCACAATGGTGCAT-1,5,5,7,8,5,8,7,5,7,3,5,7,7,4,8,7,3,7,7,5,7,7,6,7,8,5,7,7
GCACACCTGTGCTA-1,2,4,4,6,3,5,4,4,4,5,1,4,4,3,5,4,5,4,4,3,5,4,4,4,6,1,5,5
GCACCACTCATGAC-1,1,3,6,7,4,7,6,2,6,7,3,6,6,2,7,6,2,6,6,2,6,6,5,6,7,3,6,6
GCACCACTGTTTGG-1,1,3,6,7,4,7,6,2,6,7,3,6,6,2,7,6,2,6,6,2,6,6,5,6,7,3,6,6
GCACCACTTCCTTA-1,2,4,4,6,3,5,4,4,4,5,1,4,4,3,5,4,5,4,4,3,5,4,4,4,6,1,5,5
GCACCACTTTCGGA-1,1,3,6,7,4,7,6,2,6,7,3,6,6,2,7,6,2,6,6,2,6,6,5,6,7,3,6,6
GCACCTACGCGATT-1,0,0,2,1,0,1,2,0,2,2,0,2,1,0,1,2,0,2,2,0,1,1,0,2,2,0,3,3
GCACCTTGGCTGTA-1,0,0,0,0,0,0,0,0,0,0,0,0,0,0,0,0,0,0,0,0,0,0,0,0,0,0,0,0
GCACCTTGGGGAGT-1,1,2,3,5,4,4,3,2,3,4,4,3,3,2,4,3,2,3,3,4,4,3,5,3,5,3,6,6
GCACGGACCAGCTA-1,0,0,2,1,0,1,2,0,2,2,0,2,1,0,1,2,0,2,2,0,1,1,0,2,2,0,3,3
GCACGGTGACCTCC-1,0,0,0,1,0,1,2,0,0,2,0,2,1,0,0,2,0,2,2,0,0,0,0,2,2,0,3,3
GCACGGTGCTATGG-1,1,3,6,7,4,7,6,2,6,7,3,6,6,2,7,6,2,6,6,2,6,6,5,6,7,3,6,6
GCACTAGAACGGGA-1,0,0,2,1,0,1,2,0,0,2,0,2,1,0,1,2,0,2,2,0,1,1,0,2,2,0,3,3
GCACTAGAAGATGA-1,3,1,1,3,1,2,1,1,1,1,2,1,2,1,2,1,1,1,1,1,2,2,2,1,3,2,2,2
GCACTAGACCTTTA-1,4,2,3,5,2,4,3,2,3,4,4,3,3,2,4,3,2,3,3,4,4,3,3,3,5,3,4,4
GCACTAGACGTAAC-1,3,1,1,3,1,2,1,1,1,1,2,1,2,1,2,1,1,1,1,1,2,2,2,1,3,2,2,2
GCACTAGAGTCGTA-1,2,4,4,6,3,5,4,4,4,5,1,4,4,3,5,4,5,4,4,3,5,4,4,4,6,1,5,5
GCACTAGATGCAAC-1,0,0,2,1,0,1,2,0,2,2,0,2,1,0,1,2,0,2,2,0,1,1,0,2,2,0,3,3
GCACTGCTGAGGCA-1,2,0,2,1,0,1,5,0,5,6,0,2,1,0,1,2,0,2,2,0,1,1,0,5,1,0,3,1
GCAGATACAGCGTT-1,2,4,5,2,3,6,5,4,5,6,1,5,5,3,6,5,5,5,5,3,3,5,4,5,1,1,1,1
GCAGATACGACGGA-1,0,0,0,0,0,0,0,0,0,0,0,2,0,0,0,0,0,0,0,0,0,0,0,0,0,0,0,0
GCAGATACGCAGAG-1,0,0,0,1,0,1,2,0,0,2,0,2,1,0,0,2,0,2,2,0,0,0,0,2,2,0,3,3
GCAGCCGACAGTCA-1,0,0,0,0,0,0,0,0,0,0,0,2,0,0,0,0,0,0,0,0,0,0,0,0,0,0,0,0
GCAGCGTGCACTCC-1,0,0,0,1,0,1,2,0,0,2,0,2,1,0,0,2,0,2,2,0,1,1,0,2,2,0,3,3
GCAGCTCTCAATCG-1,0,0,0,0,0,0,0,0,0,0,0,2,0,0,0,0,0,0,0,0,0,0,0,0,0,0,0,0
GCAGCTCTGTTTCT-1,0,0,2,1,0,1,2,0,2,2,0,2,1,0,1,2,0,2,2,0,1,1,0,2,2,0,3,3
GCAGGGCTAAGAAC-1,0,0,0,0,0,0,0,0,0,0,0,0,0,0,0,0,0,0,0,0,0,0,0,0,0,0,0,0
GCAGGGCTAAGGGC-1,0,0,0,2,0,6,5,0,0,2,0,2,5,0,0,5,0,2,2,0,0,0,0,2,1,0,3,3
GCAGGGCTATCGAC-1,2,4,4,6,3,5,4,4,4,5,1,4,4,3,5,4,5,4,4,3,5,4,4,4,6,1,5,5
GCAGGGCTTGGGAG-1,2,4,5,2,3,6,5,4,5,6,1,5,5,3,6,5,5,5,5,3,3,5,4,5,1,1,1,1
GCAGTCCTAACTGC-1,0,0,0,0,0,0,0,0,0,0,0,2,0,0,0,0,0,0,0,0,0,0,0,0,0,0,3,0
GCAGTCCTCTCTTA-1,0,0,0,0,0,0,0,0,0,0,0,2,1,0,0,0,0,0,0,0,0,0,0,0,0,0,0,0
GCATCAGATGCGTA-1,2,4,5,2,3,6,5,4,5,6,1,5,5,3,6,5,5,5,5,3,3,5,4,5,1,1,1,1
GCATGTGACAAGCT-1,0,0,0,0,0,0,0,0,0,0,0,2,0,0,0,0,0,0,0,0,0,0,0,0,0,0,0,0
GCATTGGAGAAGGC-1,0,0,2,1,0,1,2,0,2,2,0,2,1,0,1,2,0,2,2,0,1,1,0,2,2,0,3,3
GCCAAAACGAGGCA-1,2,4,5,2,3,6,5,4,5,6,1,5,5,3,6,5,5,5,5,3,3,5,4,5,1,1,1,1
GCCAAATGATCGAC-1,0,0,5,2,0,6,5,0,5,6,0,5,5,0,6,5,0,5,5,0,3,5,0,5,1,0,1,1
GCCAACCTACGGTT-1,0,0,0,0,0,0,0,0,0,0,0,2,0,0,0,0,0,0,0,0,0,0,0,0,0,0,0,0
GCCAACCTCGCCTT-1,0,0,0,0,0,0,0,0,0,0,0,2,0,0,0,0,0,0,0,0,0,0,0,0,0,0,0,0
GCCACGGAGGCGAA-1,1,3,6,7,4,7,6,2,6,7,3,6,6,2,7,6,2,6,6,2,6,6,5,6,7,3,6,6
GCCACGGATACTGG-1,0,0,0,0,0,0,0,0,0,0,0,0,0,0,0,0,0,0,0,0,0,0,0,0,0,0,0,0
GCCACTACCTACTT-1,3,1,1,3,1,2,1,1,1,1,2,1,2,1,2,1,1,1,1,1,2,2,2,1,3,2,2,2
GCCACTACGTCTTT-1,0,0,0,0,0,0,2,0,0,0,0,0,0,0,0,0,0,0,0,0,0,0,0,0,0,0,3,0
GCCCAACTACCGAT-1,0,0,2,1,0,1,2,0,0,2,0,2,1,0,1,2,0,2,2,0,1,1,0,2,2,0,3,3
GCCCAACTATGGTC-1,2,4,5,2,3,6,5,4,5,6,1,5,5,3,6,5,5,5,5,3,3,5,4,5,1,1,1,1
GCCCATACAGCGTT-1,0,0,2,1,0,1,5,0,2,2,0,2,1,0,1,5,0,2,2,0,1,1,0,5,2,0,3,3
GCCGACGAACTCTT-1,1,3,6,7,4,7,6,2,6,7,3,6,6,2,7,6,2,6,6,2,6,6,5,6,7,3,6,6
GCCGAGTGCGTTGA-1,2,4,5,1,3,1,2,0,5,6,1,5,5,3,6,2,5,5,5,3,1,5,0,5,1,0,1,1
GCCGGAACGAACTC-1,2,4,5,2,3,6,5,4,5,6,1,5,5,3,6,5,5,5,5,3,3,5,4,5,1,1,1,1
GCCGGAACGTTCTT-1,2,4,4,6,3,5,4,4,4,5,1,4,4,3,5,4,5,4,4,3,5,4,4,4,6,1,5,5
GCCGGAACTGCACA-1,2,4,4,6,3,5,4,4,4,5,1,4,4,3,5,4,5,4,4,3,5,4,4,4,6,1,5,5
GCCGGAACTTACTC-1,0,0,0,0,0,0,0,0,0,0,0,2,0,0,0,0,0,0,0,0,0,0,0,0,0,0,0,0
GCCGTACTACCTGA-1,0,0,0,0,0,0,0,0,0,0,0,0,0,0,0,0,0,0,0,0,0,0,0,0,0,0,0,0
GCCGTACTGGCAAG-1,1,3,6,7,4,7,6,2,6,7,3,6,6,2,7,6,2,6,6,2,6,6,5,6,7,3,6,6
GCCTACACAGTTCG-1,2,4,4,6,3,5,4,4,4,5,1,4,4,3,5,4,5,4,4,3,5,4,4,4,6,1,5,5
GCCTACACCACTGA-1,4,2,3,5,2,4,3,2,3,4,4,3,3,2,4,3,2,3,3,4,4,3,3,3,5,3,4,4
GCCTACACCTTGAG-1,0,0,0,0,0,0,0,0,0,2,0,2,0,0,0,0,0,2,2,0,0,0,0,2,0,0,3,3
GCCTAGCTACGGAG-1,3,1,1,3,1,2,1,1,1,1,2,1,2,1,2,1,1,1,1,1,2,2,2,1,3,2,2,2
GCCTAGCTCTATTC-1,0,0,0,1,0,1,2,0,0,2,0,2,1,0,0,2,0,2,2,0,1,0,0,2,2,0,3,3
GCCTAGCTTCTCAT-1,0,0,0,0,0,0,0,0,0,0,0,2,0,0,0,0,0,0,0,0,0,0,0,0,0,0,0,0
GCCTAGCTTCTCTA-1,4,2,3,5,2,4,3,2,3,4,4,3,3,2,4,3,2,3,3,4,4,3,3,3,5,3,4,4
GCCTCAACCATGGT-1,0,0,0,0,0,1,2,0,0,2,0,0,0,0,0,2,0,2,2,0,0,0,0,2,2,0,3,3
GCCTCAACTCTTTG-1,7,7,9,4,3,3,9,1,2,3,7,9,9,3,3,9,1,7,7,7,9,9,1,9,4,2,7,7
GCCTCATGTCTTAC-1,2,4,5,2,3,6,5,4,5,6,1,5,5,3,6,5,5,5,5,3,3,5,4,5,1,1,1,1
GCCTGACTCTCAAG-1,1,3,6,7,4,7,6,2,6,7,3,6,6,2,7,6,2,6,6,2,6,6,5,6,7,3,6,6
GCGAAGGAACTCTT-1,0,0,0,0,0,0,0,0,0,0,0,0,0,0,0,0,0,0,0,0,0,0,0,0,0,0,0,0
GCGAAGGAGAGCTT-1,7,7,9,4,3,3,9,1,2,3,7,9,9,3,3,9,1,7,7,7,9,9,1,9,4,2,7,7
GCGAAGGATGCCAA-1,0,0,0,0,0,0,0,0,0,0,0,2,0,0,0,0,0,0,0,0,0,0,0,0,0,0,0,0
GCGAGAGAGGGACA-1,0,0,2,1,0,1,2,0,2,2,0,0,1,0,1,2,0,2,2,0,1,1,0,2,2,0,3,3
GCGAGCACTGTCGA-1,3,1,1,3,1,2,1,1,1,1,2,1,2,1,2,1,1,1,1,1,2,2,2,1,3,2,2,2
GCGAGCACTTGACG-1,0,0,2,1,0,1,2,0,2,2,0,2,1,0,1,2,0,2,2,0,1,1,0,2,2,0,3,3
GCGAGCACTTGCTT-1,1,3,6,7,4,7,6,2,6,7,3,6,6,2,7,6,2,6,6,2,6,6,5,6,7,3,6,6
GCGATATGGTACGT-1,0,0,2,1,0,1,2,0,2,2,0,2,1,0,1,2,0,2,2,0,1,1,0,2,2,0,3,3
GCGATATGGTGTTG-1,0,0,0,0,0,0,0,0,0,0,0,0,0,0,0,0,0,0,0,0,0,0,0,0,0,0,0,0
GCGCACGAAGTCGT-1,0,0,0,0,0,0,0,0,0,0,0,0,0,0,0,0,0,0,0,0,0,0,0,0,0,0,0,0
GCGCACGACTTTAC-1,1,3,6,7,4,7,6,2,6,7,3,6,6,2,7,6,2,6,6,2,6,6,5,6,7,3,6,6
GCGCATCTAGGTCT-1,0,0,0,0,0,0,0,0,0,0,0,0,0,0,0,0,0,0,0,0,0,0,0,0,0,0,0,0
GCGCATCTGGTTAC-1,6,3,8,9,6,9,8,2,8,8,3,8,8,5,9,8,2,8,8,2,6,8,7,8,9,3,8,8
GCGCATCTTCGATG-1,0,0,0,0,0,0,0,0,0,0,0,2,0,0,0,0,0,0,0,0,0,0,0,0,0,0,0,0
GCGCATCTTGCTCC-1,2,4,4,6,3,5,4,4,4,5,1,4,4,3,5,4,5,4,4,3,5,4,4,4,6,1,5,5
GCGCATCTTTCTAC-1,0,0,0,1,0,1,2,0,0,2,0,2,1,0,0,2,0,2,2,0,0,0,0,2,2,0,3,3
GCGCGAACGTTCTT-1,3,1,1,3,1,2,1,1,1,1,2,1,2,1,2,1,1,1,1,1,2,2,2,1,3,2,2,2
GCGCGATGAACGGG-1,0,0,0,0,0,0,0,0,0,0,0,2,0,0,0,0,0,0,0,0,0,0,0,0,0,0,0,0
GCGCGATGGTGCAT-1,2,4,4,6,3,5,4,4,4,5,1,4,4,3,5,4,5,4,4,3,5,4,4,4,6,1,5,5
GCGGAGCTCCTGAA-1,0,0,0,0,0,0,0,0,0,0,0,2,0,0,0,0,0,0,0,0,0,0,0,0,0,0,0,0
GCGGCAACCCGATA-1,0,0,0,1,0,1,2,0,0,2,0,2,1,0,0,2,0,2,2,0,1,1,0,2,2,0,3,3
GCGGCAACGGAGGT-1,3,1,1,3,1,2,1,1,1,1,2,1,2,1,2,1,1,1,1,1,2,2,2,1,3,2,2,2
GCGGCAACTGTCGA-1,1,3,6,7,4,7,6,2,6,7,3,6,6,2,7,6,2,6,6,2,6,6,5,6,7,3,6,6
GCGTAAACACGGTT-1,5,5,7,8,5,8,7,5,7,3,5,7,7,4,8,7,3,7,7,5,7,7,6,7,8,5,7,7
GCGTAATGCACCAA-1,4,2,3,5,2,4,3,2,3,4,4,3,3,2,4,3,2,3,3,4,4,3,3,3,5,3,4,4
GCGTATGAACACCA-1,0,0,2,1,0,1,2,0,2,2,0,2,1,0,1,2,0,2,2,0,1,1,0,2,2,0,3,3
GCGTATGATGAGAA-1,1,3,6,7,4,7,6,2,6,7,3,6,6,2,7,6,2,6,6,2,6,6,5,6,7,3,6,6
GCTACAGAAAGGTA-1,0,0,0,0,0,0,0,0,0,0,0,2,0,0,0,0,0,0,0,0,0,0,0,0,0,0,0,0
GCTACAGAATCTTC-1,3,1,1,3,1,2,1,1,1,1,2,1,2,1,2,1,1,1,1,1,2,2,2,1,3,2,2,2
GCTACAGATCTTAC-1,0,0,2,0,0,0,0,0,0,0,0,0,0,0,0,0,0,0,0,0,0,0,0,0,0,0,3,0
GCTACCTGAGAAGT-1,1,3,6,7,4,7,6,2,6,7,3,6,6,2,7,6,2,6,6,2,6,6,5,6,7,3,6,6
GCTACCTGATCACG-1,0,0,2,1,0,1,2,0,2,2,0,2,1,0,1,2,0,2,2,0,1,1,0,2,2,0,3,3
GCTACGCTAGAATG-1,0,0,0,0,0,0,0,0,0,0,0,2,0,0,0,0,0,0,0,0,0,0,0,0,0,0,0,0
GCTACGCTAGCTAC-1,0,0,0,0,0,0,0,0,0,0,0,2,0,0,0,0,0,0,0,0,0,0,0,0,0,0,0,0
GCTACGCTCCCTAC-1,0,0,2,1,0,1,2,0,0,2,0,2,1,0,1,2,0,2,2,0,1,1,0,2,2,0,3,3
GCTAGAACAGAGGC-1,3,1,1,3,1,2,1,1,1,1,2,1,2,1,2,1,1,1,1,1,2,2,2,1,3,2,2,2
GCTAGAACGGATCT-1,0,0,2,1,0,1,2,0,2,2,0,2,1,0,1,2,0,2,2,0,1,1,0,2,2,0,3,3
GCTAGAACTCCCGT-1,0,0,0,0,0,0,0,0,0,0,0,0,0,0,0,0,0,0,0,0,0,0,0,0,0,0,0,0
GCTAGATGAGCTCA-1,1,3,6,7,4,7,6,2,6,7,3,6,6,2,7,6,2,6,6,2,6,6,5,6,7,3,6,6
GCTAGATGGCGATT-1,2,4,5,2,3,6,5,4,5,6,1,5,5,3,6,5,5,5,5,3,3,5,4,5,1,1,1,1
GCTATACTAAGGCG-1,0,0,2,1,0,1,2,0,2,2,0,2,1,0,1,2,0,2,2,0,1,1,0,2,2,0,3,3
GCTATACTAGCGTT-1,2,4,5,2,3,6,5,4,5,6,1,5,5,3,6,5,5,5,5,3,3,5,4,5,1,1,1,1
GCTATACTCTCTTA-1,0,0,0,0,0,0,0,0,0,0,0,0,0,0,0,0,0,0,0,0,0,0,0,0,0,0,0,0
GCTATACTGGACGA-1,0,0,0,1,0,1,2,0,0,2,0,2,1,0,0,2,0,2,2,0,0,0,0,2,2,0,3,3
GCTCAAGAACCATG-1,4,2,3,5,2,4,3,2,3,4,4,3,3,2,4,3,2,3,3,4,4,3,3,3,5,3,4,4
GCTCAAGAAGTCAC-1,1,2,3,5,4,4,3,2,3,4,4,3,3,2,4,3,2,3,3,4,4,3,5,3,5,3,6,4
GCTCAGCTGTCTAG-1,0,0,0,0,0,0,0,0,0,0,0,2,0,0,0,0,0,0,0,0,0,0,0,0,0,0,0,0
GCTCCATGAGAAGT-1,2,4,4,6,3,5,4,4,5,6,1,4,4,3,5,4,5,5,5,3,5,4,4,4,6,1,1,1
GCTCCATGCCGAAT-1,0,0,0,0,0,0,0,0,0,0,0,0,0,0,0,0,0,0,0,0,0,0,0,0,0,0,0,0
GCTCGACTCTAGTG-1,1,3,6,7,4,7,6,2,6,7,3,6,6,2,7,6,2,6,6,2,6,6,5,6,7,3,6,6
GCTGATGAGGTATC-1,1,3,6,7,4,7,6,2,6,7,3,6,6,2,7,6,2,6,6,2,6,6,5,6,7,3,6,6
GCTTAACTACAGTC-1,1,3,6,7,4,7,6,2,6,7,3,6,6,2,7,6,2,6,6,2,6,6,5,6,7,3,6,6
GCTTAACTACTGGT-1,2,4,5,2,3,6,5,4,5,6,1,5,5,3,6,5,5,5,5,3,3,5,4,5,1,1,1,1
GCTTAACTGCTGAT-1,0,0,0,0,0,1,2,0,0,2,0,2,0,0,0,2,0,2,2,0,0,0,0,2,2,0,3,3
GCTTAACTTAGACC-1,1,3,6,7,4,7,6,2,6,7,3,6,6,2,7,6,2,6,6,2,6,6,5,6,7,3,6,6
GCTTAACTTCAGTG-1,0,0,0,1,0,1,2,0,0,0,0,2,1,0,0,2,0,2,2,0,1,1,0,2,2,0,0,3
GGAACACTCACTTT-1,1,3,6,7,4,7,6,2,6,7,3,6,6,2,7,6,2,6,6,2,6,6,5,6,7,3,6,6
GGAACACTTCAGAC-1,6,6,8,9,6,9,8,3,8,8,6,8,8,5,9,8,4,8,8,6,8,8,7,8,9,4,8,8
GGAACTACTACTTC-1,0,0,0,1,0,1,2,0,0,2,0,2,1,0,0,2,0,2,2,0,0,0,0,2,2,0,3,3
GGAACTTGAAGGTA-1,1,3,6,7,4,7,6,2,6,7,3,6,6,2,7,6,2,6,6,2,6,6,5,6,7,3,6,6
GGAACTTGAGAATG-1,0,0,0,0,0,0,0,0,0,0,0,2,0,0,0,0,0,0,0,0,0,0,0,0,0,0,0,0
GGAACTTGCTCCAC-1,1,3,6,7,4,7,6,2,6,7,3,6,6,2,7,6,2,6,6,2,6,6,5,6,7,3,6,6
GGAACTTGGGTAGG-1,3,1,1,3,1,2,1,1,1,1,2,1,2,1,2,1,1,1,1,1,2,2,2,1,3,2,2,2
GGAAGGACATCGGT-1,1,3,6,7,4,7,6,2,6,7,3,6,6,2,7,6,2,6,6,2,6,6,5,6,7,3,6,6
GGAAGGACCACTAG-1,0,0,2,1,0,1,2,0,2,2,0,2,1,0,1,2,0,2,2,0,1,1,0,2,2,0,3,3
GGAAGGACGAGGGT-1,0,0,2,1,0,1,2,0,2,2,0,2,1,0,1,2,0,2,2,0,1,1,0,2,2,0,3,3
GGAAGGACGCGAAG-1,0,4,5,2,3,6,5,0,5,6,1,5,5,3,6,5,0,5,5,3,3,5,4,5,1,0,1,1
GGAAGGTGGCGAGA-1,2,4,4,6,3,5,4,4,4,5,1,4,4,3,5,4,5,4,4,3,5,4,4,4,6,1,5,5
GGAATCTGAAGGGC-1,0,0,0,1,0,0,0,0,0,0,0,2,0,0,0,0,0,0,0,0,0,0,0,0,0,0,0,0
GGAATCTGAGGAGC-1,0,0,0,1,0,1,2,0,0,2,0,2,1,0,1,2,0,2,2,0,1,1,0,2,2,0,3,3
GGAATCTGCTTAGG-1,3,1,1,3,1,2,1,1,1,1,2,1,2,1,2,1,1,1,1,1,2,2,2,1,3,2,2,2
GGAATCTGCTTGTT-1,1,3,6,7,4,7,6,2,6,7,3,6,6,2,7,6,2,6,6,2,6,6,5,6,7,3,6,6
GGAATCTGGGAGGT-1,0,0,2,1,0,1,2,0,2,2,0,2,1,0,1,2,0,2,2,0,1,1,0,2,2,0,3,3
GGAATGCTTTCTAC-1,0,0,0,0,0,0,0,0,0,0,0,0,0,0,0,0,0,0,0,0,0,0,0,0,0,0,0,0
GGACAGGAAAGGGC-1,2,4,5,2,3,6,5,4,5,6,1,5,5,3,6,5,5,5,5,3,3,5,4,5,1,1,1,1
GGACAGGAGTGCTA-1,3,1,1,3,1,2,1,1,1,1,2,1,2,1,2,1,1,1,1,1,2,2,2,1,3,2,2,2
GGACAGGATCTCGC-1,0,0,2,1,0,1,2,0,2,2,0,2,1,0,1,2,0,2,2,0,1,1,0,2,2,0,3,3
GGACCCGAAGCTAC-1,1,3,6,7,4,7,6,2,6,7,3,6,6,2,7,6,2,6,6,2,6,6,5,6,7,3,6,6
GGACCGTGCTTACT-1,1,3,6,7,4,7,6,2,6,7,3,6,6,2,7,6,2,6,6,2,6,6,5,6,7,3,6,6
GGACCGTGGGAACG-1,5,5,7,8,5,8,7,5,7,3,5,7,7,4,8,7,3,7,7,5,7,7,6,7,8,5,7,7
GGACCGTGTAACGC-1,0,0,2,1,0,1,2,0,2,2,0,2,1,0,1,2,0,2,2,0,1,1,0,2,2,0,3,3
GGACCTCTGTAAGA-1,1,3,6,7,4,7,6,2,6,7,3,6,6,2,7,6,2,6,6,2,6,6,5,6,7,3,6,6
GGACCTCTTTTCTG-1,2,4,5,2,3,6,5,4,5,6,1,5,5,3,6,5,5,5,5,3,3,5,4,5,1,1,1,1
GGACGAGAGTGTCA-1,1,3,6,7,4,7,6,2,6,7,3,6,6,2,7,6,2,6,6,2,6,6,5,6,7,3,6,6
GGACGCTGACGCAT-1,2,4,5,2,3,6,5,4,5,6,1,5,5,3,6,5,5,5,5,3,3,5,4,5,1,1,1,1
GGACGCTGCTAGCA-1,0,0,0,0,0,0,0,0,0,0,0,2,0,0,0,0,0,0,0,0,0,0,0,0,0,0,0,0
GGACGCTGTCCTCG-1,2,4,4,6,3,5,4,4,4,5,1,4,4,3,5,4,5,4,4,3,5,4,4,4,6,1,5,5
GGAGAGACGTGAGG-1,0,1,1,3,1,2,1,1,1,1,2,1,2,1,2,1,1,1,1,1,2,2,2,1,3,2,2,2
GGAGCAGATTCAGG-1,3,1,1,3,1,2,1,1,1,1,2,1,2,1,2,1,1,1,1,1,2,2,2,1,3,2,2,2
GGAGCCACCTTCTA-1,3,1,1,3,1,2,1,1,1,1,2,1,2,1,2,1,1,1,1,1,2,2,2,1,3,2,2,2
GGAGCGCTACGCAT-1,1,3,6,7,4,7,6,2,6,7,3,6,6,2,7,6,2,6,6,2,6,6,5,6,7,3,6,6
GGAGCGCTCCGAAT-1,0,0,2,1,0,1,2,0,2,2,0,2,1,0,1,2,0,2,2,0,1,1,0,2,2,0,3,3
GGAGGATGCCACCT-1,0,0,0,0,0,0,0,0,0,0,0,0,0,0,0,0,0,0,0,0,0,0,0,0,0,0,0,0
GGAGGATGGTTGAC-1,1,3,6,7,4,7,6,2,6,7,3,6,6,2,7,6,2,6,6,2,6,6,5,6,7,3,6,6
GGAGGATGTCAGTG-1,1,3,6,7,4,7,6,2,6,7,3,6,6,2,7,6,2,6,6,2,6,6,5,6,7,3,6,6
GGAGGCCTCGTTGA-1,2,4,4,6,3,5,4,4,4,5,1,4,4,3,5,4,5,4,4,3,5,4,4,4,6,1,5,5
GGAGGCCTTTCTTG-1,0,0,0,0,0,0,0,0,0,0,0,2,0,0,0,0,0,0,0,0,0,0,0,0,0,0,0,0
GGAGGTGATACGCA-1,0,0,2,1,0,1,2,0,2,2,0,2,1,0,1,2,0,2,2,0,1,1,0,2,2,0,3,3
GGAGGTGATCGCTC-1,0,0,0,0,0,0,0,0,0,0,0,0,0,0,0,0,0,0,0,0,0,0,0,0,0,0,0,0
GGATACTGCAGCTA-1,0,0,0,1,0,1,2,0,0,2,0,2,1,0,0,2,0,2,2,0,0,0,0,2,2,0,3,3
GGATACTGTCTAGG-1,0,0,0,1,0,1,2,0,0,2,0,2,1,0,0,2,0,2,2,0,0,0,0,2,2,0,3,3
GGATAGCTCGTCTC-1,0,0,2,1,0,1,2,0,2,2,0,2,1,0,1,2,0,2,2,0,1,1,0,2,2,0,3,3
GGATAGCTCTGAAC-1,2,4,5,2,3,6,5,4,5,6,1,5,5,3,6,5,5,5,5,3,3,5,4,5,1,1,1,1
GGATGTACCAAAGA-1,3,1,1,3,1,2,1,1,1,1,2,1,2,1,2,1,1,1,1,1,2,2,2,1,3,2,2,2
GGATGTACGCGAAG-1,0,0,0,0,0,0,0,0,0,0,0,2,0,0,0,0,0,0,0,0,0,0,0,0,0,0,0,0
GGATGTACGTCTTT-1,1,3,6,7,4,7,6,2,6,7,3,6,6,2,7,6,2,6,6,2,6,6,5,6,7,3,6,6
GGATGTACGTGTCA-1,2,4,5,2,3,6,5,4,5,6,1,5,5,3,6,5,5,5,5,3,3,5,4,5,1,1,1,1
GGATTTCTAGGTTC-1,0,0,0,1,0,1,2,0,2,2,0,2,1,0,1,2,0,2,2,0,1,1,0,2,2,0,3,3
GGATTTCTTTGTCT-1,1,3,6,7,4,7,6,2,6,7,3,6,6,2,7,6,2,6,6,2,6,6,5,6,7,3,6,6
GGCAAGGAAAAAGC-1,2,4,4,6,3,5,4,4,4,5,1,4,4,3,5,4,5,4,4,3,5,4,4,4,6,1,5,5
GGCAAGGAAGAAGT-1,0,0,2,1,0,1,2,0,2,2,0,2,1,0,1,2,0,2,2,0,1,1,0,2,2,0,3,3
GGCAAGGACTTGGA-1,1,3,6,7,4,7,6,2,6,7,3,6,6,2,7,6,2,6,6,2,6,6,5,6,7,3,6,6
GGCAAGGAGGACTT-1,0,0,0,0,0,0,0,0,0,0,0,0,0,0,0,0,0,0,0,0,0,0,0,0,0,0,0,0
GGCAATACGCTAAC-1,3,1,1,3,1,2,1,1,1,1,2,1,2,1,2,1,1,1,1,1,2,2,2,1,3,2,2,2
GGCAATACGGCATT-1,2,4,5,2,3,6,5,4,5,6,1,5,5,3,6,5,5,5,5,3,3,5,4,5,1,1,1,1
GGCAATACGTTTCT-1,3,1,1,3,1,2,1,1,1,1,2,1,2,1,2,1,1,1,1,1,2,2,2,1,3,2,2,2
GGCACGTGGCTTAG-1,4,2,3,5,2,4,3,2,3,4,4,3,3,2,4,3,2,3,3,4,4,3,3,3,5,3,4,4
GGCACGTGTGAGAA-1,7,7,9,4,3,3,9,1,2,3,7,9,9,3,3,9,1,7,7,7,9,9,1,9,4,2,7,7
GGCACTCTTTTGTC-1,0,0,2,1,0,1,2,0,2,2,0,2,1,0,1,2,0,2,2,0,1,1,0,2,2,0,3,3
GGCATATGCTTATC-1,2,4,4,6,3,5,4,4,4,5,1,4,4,3,5,4,5,4,4,3,5,4,4,4,6,1,5,5
GGCATATGGGGAGT-1,6,6,8,9,6,9,8,3,8,8,6,8,8,5,9,8,4,8,8,6,8,8,7,8,9,4,8,8
GGCATATGTGTGAC-1,0,4,2,1,3,1,2,0,2,2,0,5,1,3,1,2,0,2,2,0,1,1,0,2,2,0,3,3
GGCCACGACAGAGG-1,0,0,0,0,0,0,0,0,0,0,0,0,0,0,0,0,0,0,0,0,0,0,0,0,0,0,0,0
GGCCAGACTGGTTG-1,0,0,2,1,0,1,2,0,2,2,0,2,1,0,1,2,0,2,2,0,1,1,0,2,2,0,3,3
GGCCCAGAAAGTAG-1,1,3,6,7,4,7,6,2,6,7,3,6,6,2,7,6,2,6,6,2,6,6,5,6,7,3,6,6
GGCCGAACAACGAA-1,0,0,0,0,0,0,0,0,0,0,0,0,0,0,0,0,0,0,0,0,0,0,0,0,0,0,0,0
GGCCGAACGCAGAG-1,0,0,0,0,0,0,0,0,0,0,0,0,0,0,0,0,0,0,0,0,0,0,0,0,0,0,0,0
GGCCGAACGTAGGG-1,0,0,0,0,0,0,0,0,0,0,0,0,0,0,0,0,0,0,0,0,0,0,0,0,0,0,0,0
GGCCGAACTCTAGG-1,2,4,4,6,3,5,4,4,4,5,1,4,4,3,5,4,5,4,4,3,5,4,4,4,6,1,5,5
GGCCGATGCAGGAG-1,0,0,2,1,0,1,2,0,2,2,0,2,1,0,1,2,0,2,2,0,1,1,0,2,2,0,3,3
GGCCGATGCCGAAT-1,0,0,2,1,0,1,2,0,2,2,0,2,1,0,1,2,0,2,2,0,1,1,0,2,2,0,3,3
GGCCGATGTACTCT-1,2,4,5,2,3,6,5,4,5,6,1,5,5,3,6,5,5,5,5,3,3,5,4,5,1,1,1,1
GGCGACACTGCCCT-1,2,4,5,2,3,6,5,4,5,6,1,5,5,3,6,5,5,5,5,3,3,5,4,5,1,1,1,1
GGCGACTGCGTAAC-1,0,0,2,1,0,1,2,0,0,2,0,2,1,0,1,2,0,2,2,0,1,1,0,2,2,0,3,3
GGCGCATGCCTAAG-1,4,2,3,5,2,4,3,2,3,4,4,3,3,2,4,3,2,3,3,4,4,3,3,3,5,3,4,4
GGCGCATGCTCCAC-1,0,0,0,1,0,1,2,0,2,2,0,2,1,0,1,2,0,2,2,0,0,0,0,2,2,0,3,3
GGCGCATGTGGAAA-1,0,0,0,0,0,0,0,0,0,0,0,0,0,0,0,0,0,0,0,0,0,0,0,0,0,0,0,0
GGCGGACTAGAGGC-1,0,0,2,1,0,1,2,0,2,2,0,2,1,0,1,2,0,2,2,0,1,1,0,2,2,0,3,3
GGCGGACTAGGAGC-1,2,4,5,2,3,6,5,4,5,6,1,5,5,3,6,5,5,5,5,3,3,5,4,5,1,1,1,1
GGCGGACTCTGACA-1,0,0,0,0,0,0,0,0,0,0,0,0,0,0,0,0,0,0,0,0,0,0,0,0,0,0,0,0
GGCGGACTCTTGGA-1,2,4,5,2,3,6,5,4,5,6,1,5,5,3,6,5,5,5,5,3,3,5,4,5,1,1,1,1
GGCGGACTTACTGG-1,0,0,0,0,0,0,0,0,0,0,0,0,0,0,0,0,0,0,0,0,0,0,0,0,0,0,0,0
GGCGGACTTGAACC-1,0,0,0,0,0,0,0,0,0,0,0,2,0,0,0,0,0,0,0,0,0,0,0,0,0,0,0,0
GGCTAAACACCTGA-1,2,4,4,6,3,5,4,4,4,5,1,4,4,3,5,4,5,4,4,3,5,4,4,4,6,1,5,5
GGCTAAACTCTTAC-1,0,0,0,0,0,0,0,0,0,0,0,2,0,0,0,0,0,2,0,0,0,0,0,0,0,0,0,0
GGCTAATGAGCACT-1,2,4,5,2,3,6,5,4,5,6,1,5,5,3,6,5,5,5,5,3,3,5,4,5,1,1,1,1
GGCTAATGGTCTAG-1,0,0,0,0,0,0,0,0,0,0,0,0,0,0,0,0,0,0,0,0,0,0,0,0,0,0,0,0
GGCTCACTACTCAG-1,1,3,6,7,4,7,6,2,6,7,3,6,6,2,7,6,2,6,6,2,6,6,5,6,7,3,6,6
GGGAACGAAGCTCA-1,4,2,3,5,2,4,3,2,3,4,4,3,3,2,4,3,2,3,3,4,4,3,3,3,5,3,4,4
GGGAACGACACAAC-1,3,1,1,3,1,2,1,1,1,1,2,1,2,1,2,1,1,1,1,1,2,2,2,1,3,2,2,2
GGGAACGAGTGTCA-1,1,3,6,7,4,7,6,2,6,7,3,6,6,2,7,6,2,6,6,2,6,6,5,6,7,3,6,6
GGGAAGTGTTGAGC-1,1,3,6,7,4,7,6,2,6,7,3,6,6,2,7,6,2,6,6,2,6,6,5,6,7,3,6,6
GGGACCACACGTTG-1,2,4,5,2,3,6,5,4,5,6,1,5,5,3,6,5,5,5,5,3,3,5,4,5,1,1,1,1
GGGACCACAGAACA-1,0,0,0,0,0,0,0,0,0,0,0,2,1,0,0,2,0,0,0,0,0,0,0,0,0,0,0,0
GGGACCACGAATAG-1,0,0,2,1,0,1,2,0,2,2,0,2,1,0,1,2,0,2,2,0,1,1,0,2,2,0,3,3
GGGACCACGTCATG-1,0,0,0,0,0,0,0,0,0,0,0,0,0,0,0,0,0,0,0,0,0,0,0,0,0,0,0,0
GGGACCACTCAAGC-1,0,0,0,0,0,0,0,0,0,0,0,0,0,0,0,0,0,0,0,0,0,0,0,0,0,0,0,0
GGGACCACTCGTGA-1,0,0,0,0,0,0,0,0,0,0,0,2,0,0,0,0,0,0,0,0,0,0,0,0,0,0,0,0
GGGACCACTGCATG-1,0,0,0,0,0,0,0,0,0,0,0,0,0,0,0,0,0,0,0,0,0,0,0,0,0,0,0,0
GGGACCTGACCCTC-1,1,3,6,7,4,7,6,2,6,7,3,6,6,2,7,6,2,6,6,2,6,6,5,6,7,3,6,6
GGGACCTGCTTGCC-1,0,0,0,0,0,0,0,0,0,0,0,2,0,0,0,0,0,0,0,0,0,0,0,0,0,0,0,0
GGGACCTGTGGAGG-1,3,1,1,3,1,2,1,1,1,1,2,1,2,1,2,1,1,1,1,1,2,2,2,1,3,2,2,2
GGGATGGACGACAT-1,3,1,1,3,1,2,1,1,1,1,2,1,2,1,2,1,1,1,1,1,2,2,2,1,3,2,2,2
GGGATGGATACTTC-1,0,0,2,1,0,1,2,0,2,2,0,2,1,0,1,2,0,2,2,0,1,1,0,2,2,0,3,3
GGGATGGATGGTTG-1,1,3,6,7,4,7,6,2,6,7,3,6,6,2,7,6,2,6,6,2,6,6,5,6,7,3,6,6
GGGATTACGTCTAG-1,0,0,0,1,0,1,2,0,0,2,0,2,1,0,0,2,0,2,2,0,0,0,0,2,2,0,0,3
GGGCAAGATGCATG-1,1,3,6,7,4,7,6,2,6,7,3,6,6,2,7,6,2,6,6,2,6,6,5,6,7,3,6,6
GGGCACACGGTGAG-1,4,2,3,5,2,4,3,2,3,4,4,3,3,2,4,3,2,3,3,4,4,3,3,3,5,3,4,4
GGGCACACGTTGCA-1,0,0,2,1,0,1,2,0,2,2,0,2,1,0,1,2,0,2,2,0,1,1,0,2,2,0,3,3
GGGCAGCTTGGGAG-1,2,4,5,2,3,6,5,4,5,6,1,5,5,3,6,5,5,5,5,3,3,5,4,5,1,1,1,1
GGGCAGCTTTTCTG-1,0,0,0,0,0,0,0,0,0,0,0,2,0,0,0,0,0,0,0,0,0,0,0,0,0,0,0,0
GGGCCAACCTTGGA-1,5,5,7,8,5,8,7,5,7,3,5,7,7,4,8,7,3,7,7,5,7,7,6,7,8,5,7,7
GGGCCAACGCGTTA-1,3,1,1,3,1,2,1,1,1,1,2,1,2,1,2,1,1,1,1,1,2,2,2,1,3,2,2,2
GGGCCAACTACGCA-1,1,3,6,7,4,7,6,2,6,7,3,6,6,2,7,6,2,6,6,2,6,6,5,6,7,3,6,6
GGGCCAACTCCAAG-1,3,1,1,3,1,2,1,1,1,1,2,1,2,1,2,1,1,1,1,1,2,2,2,1,3,2,2,2
GGGCCATGATGGTC-1,2,4,5,2,3,6,5,4,5,6,1,5,5,3,6,5,5,5,5,3,3,5,4,5,1,1,1,1
GGGCCATGTTGACG-1,0,0,2,1,0,1,2,0,2,2,0,2,1,0,1,2,0,2,2,0,1,1,0,2,2,0,3,3
GGGTAACTCAGCTA-1,0,0,0,0,0,1,2,0,0,2,0,2,0,0,0,0,0,2,2,0,0,0,0,2,0,0,3,3
GGGTAACTCTAGTG-1,3,1,1,3,1,2,1,1,1,1,2,1,2,1,2,1,1,1,1,1,2,2,2,1,3,2,2,2
GGGTAACTCTGGAT-1,0,0,0,0,0,0,2,0,0,0,0,0,0,0,0,0,0,0,0,0,0,0,0,0,0,0,3,0
GGGTTAACGTGCAT-1,2,4,4,6,3,5,4,4,4,5,1,4,4,3,5,4,5,4,4,3,5,4,4,4,6,1,5,5
GGTAAAGAGCTAAC-1,2,4,5,2,3,5,4,4,5,6,1,5,5,3,6,4,5,5,5,3,3,5,4,4,6,1,1,1
GGTACAACTGCAAC-1,0,0,2,1,0,1,2,0,2,2,0,2,1,0,1,2,0,2,2,0,1,1,0,2,2,0,3,3
GGTACATGAAAGCA-1,3,1,1,3,1,2,1,1,1,1,2,1,2,1,2,1,1,1,1,1,2,2,2,1,3,2,2,2
GGTACATGAGCTCA-1,0,4,5,2,3,6,5,4,5,6,1,5,5,3,6,5,5,5,5,3,3,5,4,5,1,1,1,1
GGTACATGCGGTAT-1,0,0,0,0,0,0,0,0,0,0,0,0,0,0,0,0,0,0,0,0,0,0,0,0,0,0,0,0
GGTACATGGTTACG-1,0,0,0,0,0,0,0,0,0,0,0,2,0,0,0,0,0,0,0,0,0,0,0,0,0,0,0,0
GGTACATGTGGGAG-1,0,0,2,1,0,1,2,0,2,2,0,2,1,0,1,2,0,2,2,0,1,1,0,2,2,0,3,3
GGTACTGAACTCTT-1,1,3,6,7,4,7,6,2,6,7,3,6,6,2,7,6,2,6,6,2,6,6,5,6,7,3,6,6
GGTAGTACACCACA-1,2,4,5,2,3,6,5,4,5,6,1,5,5,3,6,5,5,5,5,3,3,5,4,5,1,1,1,1
GGTAGTACACTAGC-1,1,3,6,7,4,7,6,2,6,7,3,6,6,2,7,6,2,6,6,2,6,6,5,6,7,3,6,6
GGTAGTACCCTGTC-1,0,0,0,0,0,0,0,0,0,0,0,0,0,0,0,0,0,0,0,0,0,0,0,0,0,0,0,0
GGTAGTACGCCATA-1,1,3,6,7,4,7,6,2,6,7,3,6,6,2,7,6,2,6,6,2,6,6,5,6,7,3,6,6
GGTAGTACTGTCTT-1,0,4,5,2,3,6,5,0,5,6,0,5,5,3,6,5,0,5,5,3,3,5,4,5,1,0,1,1
GGTATCGAGACAAA-1,1,3,6,7,4,7,6,2,6,7,3,6,6,2,7,6,2,6,6,2,6,6,5,6,7,3,6,6
GGTATCGATGAACC-1,3,1,1,3,1,2,1,1,1,1,2,1,2,1,2,1,1,1,1,1,2,2,2,1,3,2,2,2
GGTCAAACCAAAGA-1,0,0,0,0,0,1,2,0,0,2,0,2,0,0,0,2,0,2,2,0,1,0,0,2,0,0,3,3
GGTCTAGAGAAACA-1,1,3,6,7,4,7,6,2,6,7,3,6,6,2,7,6,2,6,6,2,6,6,5,6,7,3,6,6
GGTCTAGATAGCGT-1,1,3,6,7,4,7,6,2,6,7,3,6,6,2,7,6,2,6,6,2,6,6,5,6,7,3,6,6
GGTGATACCGACTA-1,3,1,1,3,1,2,1,1,1,1,2,1,2,1,2,1,1,1,1,1,2,2,2,1,3,2,2,2
GGTGATACGACTAC-1,1,3,6,7,4,7,6,2,6,7,3,6,6,2,7,6,2,6,6,2,6,6,5,6,7,3,6,6
GGTGATACTGTTTC-1,0,0,0,0,0,0,0,0,0,0,0,2,0,0,0,0,0,0,0,0,0,0,0,0,0,0,0,0
GGTGGAGAAACGGG-1,2,4,4,6,3,5,4,4,4,5,1,4,4,3,5,4,5,4,4,3,5,4,4,4,6,1,5,5
GGTGGAGAAGTAGA-1,0,0,2,1,0,1,2,0,2,2,0,2,1,0,1,2,0,2,2,0,1,1,0,2,2,0,3,3
GGTGGAGACAGATC-1,2,4,4,6,3,5,4,4,4,5,1,4,4,3,5,4,5,4,4,3,5,4,4,4,6,1,5,5
GGTGGAGATCGATG-1,0,0,2,1,0,1,2,0,2,2,0,2,1,0,1,2,0,2,2,0,1,1,0,2,2,0,3,3
GGTGGAGATCTCTA-1,1,3,6,7,4,7,6,2,6,7,3,6,6,2,7,6,2,6,6,2,6,6,5,6,7,3,6,6
GGTGGAGATTACTC-1,2,4,5,2,3,6,5,4,5,6,1,5,5,3,6,5,5,5,5,3,3,5,4,5,1,1,1,1
GGTTTACTACGCAT-1,2,4,5,2,3,6,5,4,5,6,1,5,5,3,6,5,5,5,5,3,3,5,4,5,1,1,1,1
GTAACGTGACCTCC-1,1,3,6,7,4,7,6,2,6,7,3,6,6,2,7,6,2,6,6,2,6,6,5,6,7,3,6,6
GTAACGTGATCGGT-1,3,1,1,3,1,2,1,1,1,1,2,1,2,1,2,1,1,1,1,1,2,2,2,1,3,2,2,2
GTAACGTGCAGCTA-1,3,1,1,3,1,2,1,1,1,1,2,1,2,1,2,1,1,1,1,1,2,2,2,1,3,2,2,2
GTAACGTGGTTGAC-1,3,1,1,3,1,2,1,1,1,1,2,1,2,1,2,1,1,1,1,1,2,2,2,1,3,2,2,2
GTAAGCACAACGGG-1,0,0,0,1,0,1,2,0,0,0,0,2,1,0,0,2,0,2,2,0,0,1,0,2,2,0,3,3
GTAAGCACTCATTC-1,3,1,1,3,1,2,1,1,1,1,2,1,2,1,2,1,1,1,1,1,2,2,2,1,3,2,2,2
GTAAGCTGGTACCA-1,1,3,6,7,4,7,6,2,6,7,3,6,6,2,7,6,2,6,6,2,6,6,5,6,7,3,6,6
GTAATAACCTTCTA-1,1,3,6,7,4,7,6,2,6,7,3,6,6,2,7,6,2,6,6,2,6,6,5,6,7,3,6,6
GTAATAACGTTGTG-1,0,0,0,0,0,0,0,0,0,0,0,0,0,0,0,0,0,0,0,0,0,0,0,0,0,0,0,0
GTACCCTGACAGTC-1,4,2,3,5,2,4,3,2,3,4,4,3,3,2,4,3,2,3,3,4,4,3,3,3,5,3,4,4
GTACCCTGGAGCTT-1,0,0,0,0,0,0,2,0,0,2,0,2,0,0,0,2,0,2,2,0,0,0,0,2,0,0,3,3
GTACCCTGTCCTTA-1,2,4,5,2,3,6,5,4,5,6,1,5,5,3,6,5,5,5,5,3,3,5,4,5,1,1,1,1
GTACCCTGTGAACC-1,0,0,0,0,0,0,0,0,0,0,0,2,0,0,0,0,0,0,0,0,0,0,0,0,0,0,0,0
GTACGTGAACGTTG-1,2,4,5,2,3,6,5,4,5,6,1,5,5,3,6,5,5,5,5,3,3,5,4,5,1,1,1,1
GTACTTTGTCGACA-1,2,4,5,2,3,6,5,4,5,6,1,5,5,3,6,5,5,5,5,3,3,5,4,5,1,1,1,1
GTAGACTGAGATGA-1,1,3,6,7,4,7,6,2,6,7,3,6,6,2,7,6,2,6,6,2,6,6,5,6,7,3,6,6
GTAGACTGTATTCC-1,0,0,0,0,0,0,0,0,0,0,0,2,0,0,0,0,0,0,0,0,0,0,0,0,0,0,0,0
GTAGCAACAGTCGT-1,1,3,6,7,4,7,6,2,6,7,3,6,6,2,7,6,2,6,6,2,6,6,5,6,7,3,6,6
GTAGCAACCATTTC-1,3,1,1,3,1,2,1,1,1,1,2,1,2,1,2,1,1,1,1,1,2,2,2,1,3,2,2,2
GTAGCAACGGTAGG-1,1,3,6,7,4,7,6,2,6,7,3,6,6,2,7,6,2,6,6,2,6,6,5,6,7,3,6,6
GTAGCATGCACTCC-1,3,1,1,3,1,2,1,1,1,1,2,1,2,1,2,1,1,1,1,1,2,2,2,1,3,2,2,2
GTAGCATGTAAGCC-1,1,3,6,7,4,7,6,2,6,7,3,6,6,2,7,6,2,6,6,2,6,6,5,6,7,3,6,6
GTAGCCCTGACGTT-1,0,0,0,0,0,0,0,0,0,0,0,0,0,0,0,0,0,0,0,0,0,0,0,0,0,0,0,0
GTAGCTGAAGCTAC-1,4,2,3,5,2,4,3,2,3,4,4,3,3,2,4,3,2,3,3,4,4,3,3,3,5,3,4,4
GTAGCTGAATTCGG-1,0,0,2,1,0,1,2,0,0,2,0,2,1,0,1,2,0,2,2,0,1,1,0,2,2,0,3,3
GTAGGTACACGGGA-1,1,3,6,7,4,7,6,2,6,7,3,6,6,2,7,6,2,6,6,2,6,6,5,6,7,3,6,6
GTAGTGACCTCATT-1,0,0,0,0,0,0,0,0,0,0,0,0,0,0,0,0,0,0,0,0,0,0,0,0,0,0,0,0
GTAGTGTGAGCGGA-1,2,4,4,6,3,5,4,4,4,5,1,4,4,3,5,4,5,4,4,3,5,4,4,4,6,1,5,5
GTAGTGTGAGGCGA-1,1,3,6,7,4,7,6,2,6,7,3,6,6,2,7,6,2,6,6,2,6,6,5,6,7,3,6,6
GTAGTGTGTGGTTG-1,0,0,0,0,0,0,0,0,0,0,0,0,0,0,0,0,0,0,0,0,0,0,0,0,0,0,0,0
GTATCACTGGTAGG-1,1,3,6,7,4,7,6,2,6,7,3,6,6,2,7,6,2,6,6,2,6,6,5,6,7,3,6,6
GTATCTACAGAAGT-1,2,4,5,2,3,5,4,4,5,6,1,5,5,3,6,4,5,5,5,3,3,5,4,4,6,1,1,1
GTATCTACGACGAG-1,2,4,5,2,3,6,5,4,5,6,1,5,5,3,6,5,5,5,5,3,3,5,4,5,1,1,1,1
GTATCTACGTTACG-1,0,0,2,1,0,1,2,0,2,2,0,2,1,0,1,2,0,2,2,0,1,1,0,2,2,0,3,3
GTATTAGAAACAGA-1,0,4,2,1,0,1,2,0,2,2,0,5,1,0,1,2,0,2,2,0,1,1,0,2,2,0,3,3
GTATTAGAGGTCTA-1,0,0,0,0,0,0,0,0,0,0,0,0,0,0,0,0,0,0,0,0,0,0,0,0,0,0,0,0
GTATTCACACAGCT-1,0,0,0,0,0,0,0,0,0,0,0,0,0,0,0,0,0,0,0,0,0,0,0,0,0,0,0,0
GTATTCACGGGTGA-1,2,4,5,2,3,6,5,4,5,6,1,5,5,3,6,5,5,5,5,3,3,5,4,5,1,1,1,1
GTCAACGACACTGA-1,0,0,2,1,0,1,2,0,2,2,0,2,1,0,1,2,0,2,2,0,1,1,0,2,2,0,3,3
GTCAACGAGTGTAC-1,1,3,6,7,4,7,6,2,6,7,3,6,6,2,7,6,2,6,6,2,6,6,5,6,7,3,6,6
GTCAACGATCAGGT-1,2,4,5,2,3,6,5,4,5,6,1,0,5,3,6,5,5,5,5,3,3,5,4,5,1,1,1,1
GTCAATCTACACCA-1,2,4,5,2,3,6,5,4,5,6,1,5,5,3,6,5,5,5,5,3,3,5,4,5,1,1,1,1
GTCAATCTGTAGCT-1,2,4,5,2,3,6,5,4,5,6,1,5,5,3,6,5,5,5,5,3,3,5,4,5,1,1,1,1
GTCAATCTTGTGGT-1,0,0,0,0,0,0,0,0,0,0,0,0,0,0,0,0,0,0,0,0,0,0,0,0,0,0,0,0
GTCACCTGCCTCCA-1,0,0,2,1,0,1,2,0,2,2,0,2,1,0,1,2,0,2,2,0,1,1,0,2,2,0,3,3
GTCACCTGTCCCGT-1,0,0,2,1,0,1,2,0,0,2,0,2,1,0,0,2,0,2,2,0,1,1,0,2,2,0,3,3
GTCATACTAATCGC-1,3,1,1,3,1,2,1,1,1,1,2,1,2,1,2,1,1,1,1,1,2,2,2,1,3,2,2,2
GTCATACTGCGATT-1,2,4,5,2,3,6,5,4,5,6,1,5,5,3,6,5,5,5,5,3,3,5,4,5,1,1,1,1
GTCATACTTCGCCT-1,6,6,8,9,6,9,8,3,8,8,6,8,8,5,9,8,4,8,8,6,8,8,7,8,9,4,8,8
GTCATACTTTACCT-1,2,4,5,2,3,6,5,4,5,6,1,5,5,3,6,5,5,5,5,3,3,5,4,5,1,1,1,1
GTCATACTTTGACG-1,0,0,0,1,0,1,2,0,0,2,0,2,1,0,0,2,0,2,2,0,1,1,0,2,2,0,3,3
GTCCAAGAAAAACG-1,0,0,0,0,0,0,0,0,0,0,0,0,0,0,0,0,0,0,0,0,0,0,0,0,0,0,0,0
GTCCACTGACCTCC-1,0,0,0,0,0,0,0,0,0,0,0,0,0,0,0,0,0,0,0,0,0,0,0,0,0,0,0,0
GTCCACTGGGTACT-1,4,2,3,5,2,4,3,2,3,4,4,3,3,2,4,3,2,3,3,4,4,3,3,3,5,3,4,4
GTCCAGCTACGGGA-1,0,0,0,0,0,0,2,0,0,0,0,2,1,0,0,2,0,2,2,0,1,1,0,2,2,0,0,3
GTCCCATGTGGTGT-1,1,3,6,7,4,7,6,2,6,7,3,6,6,2,7,6,2,6,6,2,6,6,5,6,7,3,6,6
GTCGAATGAAGGCG-1,1,3,6,7,4,7,6,2,6,7,3,6,6,2,7,6,2,6,6,2,6,6,5,6,7,3,6,6
GTCGACCTGAATGA-1,2,4,4,6,3,5,4,4,4,5,1,4,4,3,5,4,5,4,4,3,5,4,4,4,6,1,5,5
GTCGACCTGTTCAG-1,0,0,0,0,0,0,0,0,0,0,0,0,0,0,0,0,0,0,0,0,0,0,0,0,0,0,0,0
GTCGCACTTGAGAA-1,3,1,1,3,1,2,1,1,1,1,2,1,2,1,2,1,1,1,1,1,2,2,2,1,3,2,2,2
GTCTAACTGGTCTA-1,4,2,3,5,2,4,3,2,3,4,4,3,3,2,4,3,2,3,3,4,4,3,3,3,5,3,4,4
GTCTAGGAGCTTCC-1,1,3,6,7,4,7,6,2,6,7,3,6,6,2,7,6,2,6,6,2,6,6,5,6,7,3,6,6
GTGAACACACTCTT-1,0,0,0,0,0,0,0,0,0,0,0,2,0,0,0,0,0,0,0,0,0,0,0,0,0,0,0,0
GTGAACACAGATCC-1,2,4,5,2,3,6,5,4,5,6,1,5,5,3,6,5,5,5,5,3,3,5,4,5,1,1,1,1
GTGAACACTCAGGT-1,0,0,0,0,0,0,0,0,0,0,0,0,0,0,0,0,0,0,0,0,0,0,0,0,0,0,0,0
GTGACCCTTAAGCC-1,0,4,5,2,3,6,5,0,5,6,1,5,5,3,6,5,0,5,5,3,3,5,4,5,1,0,1,1
GTGATGACAAGTGA-1,0,0,2,1,0,1,2,0,2,2,0,2,1,0,1,2,0,2,2,0,1,1,0,2,2,0,3,3
GTGATGACCTGAGT-1,3,1,1,3,1,2,1,1,1,1,2,1,2,1,2,1,1,1,1,1,2,2,2,1,3,2,2,2
GTGATGACGGTTTG-1,2,4,5,2,3,6,5,4,5,6,1,5,5,3,6,5,5,5,5,3,3,5,4,5,1,1,1,1
GTGATTCTCATTTC-1,0,0,2,1,0,1,2,0,2,2,0,2,1,0,1,2,0,2,2,0,1,1,0,2,2,0,3,3
GTGATTCTCTCTCG-1,1,3,6,7,4,7,6,2,6,7,3,6,6,2,7,6,2,6,6,2,6,6,5,6,7,3,6,6
GTGATTCTGGTTCA-1,2,4,4,6,3,5,4,4,4,5,1,4,4,3,5,4,5,4,4,3,5,4,4,4,6,1,5,5
GTGATTCTGTCGAT-1,0,0,0,0,0,0,0,0,0,0,0,0,0,0,0,0,0,0,0,0,0,0,0,0,0,0,0,0
GTGATTCTTAGCGT-1,3,1,1,3,1,2,1,1,1,1,2,1,2,1,2,1,1,1,1,1,2,2,2,1,3,2,2,2
GTGCCACTCAGGAG-1,0,0,0,0,0,0,0,0,0,0,0,0,0,0,0,0,0,0,0,0,0,0,0,0,0,0,0,0
GTGGATTGCACTAG-1,4,2,3,5,2,4,3,2,3,4,4,3,3,2,4,3,2,3,3,4,4,3,3,3,5,3,4,4
GTGGATTGCGGAGA-1,0,0,0,1,0,1,2,0,0,2,0,2,1,0,0,2,0,2,2,0,0,0,0,2,2,0,3,3
GTGGATTGTAACGC-1,0,0,0,0,0,0,0,0,0,0,0,2,0,0,0,0,0,0,0,0,0,0,0,0,0,0,0,0
GTGTACGATCAGTG-1,0,0,0,0,0,0,0,0,0,0,0,2,0,0,0,0,0,0,0,0,0,0,0,0,0,0,0,0
GTGTAGTGGGTACT-1,0,0,2,1,0,1,2,0,2,2,0,2,1,0,1,2,0,2,2,0,1,1,0,2,2,0,3,3
GTGTATCTAGCCTA-1,3,1,1,3,1,2,1,1,1,1,2,1,2,1,2,1,1,1,1,1,2,2,2,1,3,2,2,2
GTGTATCTAGTAGA-1,2,4,5,2,3,6,5,4,5,6,1,5,5,3,6,5,5,5,5,3,3,5,4,5,1,1,1,1
GTGTATCTGTTACG-1,3,1,1,3,1,2,1,1,1,1,2,1,2,1,2,1,1,1,1,1,2,2,2,1,3,2,2,2
GTGTCAGAAGCGTT-1,2,4,4,6,3,5,4,4,4,5,1,4,4,3,5,4,5,4,4,3,5,4,4,4,6,1,5,5
GTGTCAGAATGCTG-1,0,0,0,0,0,0,0,0,0,0,0,0,0,0,0,0,0,0,0,0,0,0,0,0,0,0,0,0
GTTAAAACCGAGAG-1,2,4,4,6,3,5,4,4,4,5,1,4,4,3,5,4,5,4,4,3,5,4,4,4,6,1,5,5
GTTAAAACTTCGCC-1,0,0,0,0,0,0,0,0,0,0,0,0,0,0,0,0,0,0,0,0,0,0,0,0,0,0,0,0
GTTAAATGCTCGAA-1,0,0,0,0,0,0,0,0,0,0,0,0,0,0,0,0,0,0,0,0,0,0,0,0,0,0,0,0
GTTAAATGTCGACA-1,3,1,1,3,1,2,1,1,1,1,2,1,2,1,2,1,1,1,1,1,2,2,2,1,3,2,2,2
GTTAACCTAGCTAC-1,0,0,2,0,0,0,0,0,0,0,0,0,0,0,0,0,0,0,0,0,0,0,0,0,0,0,3,0
GTTAACCTTGCTTT-1,5,5,7,8,5,8,7,5,7,3,5,7,7,4,8,7,3,7,7,5,7,7,6,7,8,5,7,7
GTTAGGTGCACTCC-1,0,0,0,0,0,0,0,0,0,0,0,0,0,0,0,0,0,0,0,0,0,0,0,0,0,0,0,0
GTTAGGTGCCAGTA-1,1,3,6,7,4,7,6,2,6,7,3,6,6,2,7,6,2,6,6,2,6,6,5,6,7,3,6,6
GTTAGGTGCCCAAA-1,4,2,3,5,2,4,3,2,3,4,4,3,3,2,4,3,2,3,3,4,4,3,3,3,5,3,4,4
GTTAGGTGGAACTC-1,3,1,1,3,1,2,1,1,1,1,2,1,2,1,2,1,1,1,1,1,2,2,2,1,3,2,2,2
GTTAGTCTAAGAAC-1,2,4,5,2,3,6,5,4,5,6,1,5,5,3,6,5,5,5,5,3,3,5,4,5,1,1,1,1
GTTATAGAGGACAG-1,0,0,0,0,0,0,0,0,0,0,0,0,0,0,0,0,0,0,0,0,0,0,0,0,0,0,0,0
GTTATGCTTTCATC-1,0,0,0,0,0,0,0,0,0,0,0,2,0,0,0,0,0,0,0,0,0,0,0,0,0,0,0,0
GTTCAACTGGGACA-1,2,4,4,6,3,5,4,4,4,5,1,4,4,3,5,4,5,4,4,3,5,4,4,4,6,1,5,5
GTTCAACTTATGCG-1,0,0,0,0,0,0,0,0,0,0,0,0,0,0,0,0,0,0,0,0,0,0,0,0,0,0,0,0
GTTGACGAGCCCTT-1,2,4,4,6,3,5,4,4,4,5,1,4,4,3,5,4,5,4,4,3,5,4,4,4,6,1,5,5
GTTGACGATATCGG-1,2,4,4,6,3,5,4,4,4,5,1,4,4,3,5,4,5,4,4,3,5,4,4,4,6,1,5,5
GTTGAGTGGTCTTT-1,1,3,6,7,4,7,6,2,6,7,3,6,6,2,7,6,2,6,6,2,6,6,5,6,7,3,6,6
GTTGAGTGTGCTTT-1,0,0,2,1,0,1,2,0,2,2,0,2,1,0,1,2,0,2,2,0,1,1,0,2,2,0,3,3
GTTGATCTGGGACA-1,0,0,0,0,0,0,0,0,0,0,0,0,0,0,0,0,0,0,0,0,0,0,0,0,0,0,0,0
GTTGATCTTTTCAC-1,2,4,5,2,3,6,5,4,5,6,1,5,5,3,6,5,5,5,5,3,3,5,4,5,1,1,1,1
GTTGGATGTTTACC-1,4,2,3,5,2,4,3,2,3,4,4,3,3,2,4,3,2,3,3,4,4,3,3,3,5,3,4,4
GTTGTACTATTCCT-1,1,3,6,7,4,7,6,2,6,7,3,6,6,2,7,6,2,6,6,2,6,6,5,6,7,3,6,6
GTTGTACTTTTGGG-1,0,0,0,0,0,0,0,0,0,0,0,2,0,0,0,0,0,0,0,0,0,0,0,0,0,0,0,0
GTTTAAGACCATGA-1,1,3,6,7,4,7,6,2,6,7,3,6,6,2,7,6,2,6,6,2,6,6,5,6,7,3,6,6
GTTTAAGACTGTCC-1,2,4,5,2,3,6,5,4,5,6,1,5,5,3,6,5,5,5,5,3,3,5,4,5,1,1,1,1
TAAACAACCAACCA-1,0,0,2,1,0,1,2,0,2,2,0,2,1,0,1,2,0,2,2,0,1,1,0,2,2,0,3,3
TAAACAACGAATCC-1,3,1,1,3,1,2,1,1,1,1,2,1,2,1,2,1,1,1,1,1,2,2,2,1,3,2,2,2
TAAAGACTCAGGAG-1,0,0,2,1,0,1,2,0,2,2,0,2,1,0,1,2,0,2,2,0,0,1,0,2,2,0,3,3
TAAATCGATGAGGG-1,0,0,0,0,0,1,2,0,0,2,0,2,1,0,0,2,0,2,2,0,0,0,0,2,2,0,3,3
TAACAATGTGCCCT-1,3,1,1,3,1,2,1,1,1,1,2,1,2,1,2,1,1,1,1,1,2,2,2,1,3,2,2,2
TAACACCTTCGCTC-1,1,3,6,7,4,7,6,2,6,7,3,6,6,2,7,6,2,6,6,2,6,6,5,6,7,3,6,6
TAACACCTTCGTAG-1,1,3,6,7,4,7,6,2,6,7,3,6,6,2,7,6,2,6,6,2,6,6,5,6,7,3,6,6
TAACACCTTGTTTC-1,6,6,8,9,6,9,8,3,8,8,6,8,8,5,9,8,4,8,8,6,8,8,7,8,9,4,8,8
TAACATGACACTAG-1,3,1,1,3,1,2,1,1,1,1,2,1,2,1,2,1,1,1,1,1,2,2,2,1,3,2,2,2
TAACCGGACTTACT-1,0,0,0,0,0,0,0,0,0,0,0,0,0,0,0,0,0,0,0,0,0,0,0,0,0,0,0,0
TAACGTCTCAACCA-1,1,3,6,7,4,7,6,2,6,7,3,6,6,2,7,6,2,6,6,2,6,6,5,6,7,3,6,6
TAACGTCTCATTGG-1,0,0,0,0,0,0,0,0,0,2,0,2,1,0,0,2,0,0,0,0,0,0,0,0,0,0,0,3
TAACTAGAATTTCC-1,0,0,2,1,0,1,2,0,2,2,0,2,1,0,1,2,0,2,2,0,1,1,0,2,2,0,3,3
TAACTAGACTTAGG-1,0,0,2,1,0,1,2,0,0,2,0,2,1,0,1,2,0,2,2,0,1,1,0,2,2,0,3,3
TAACTAGATCTGGA-1,0,0,0,0,0,0,0,0,0,0,0,0,0,0,0,0,0,0,0,0,0,0,0,0,0,0,0,0
TAACTCACGAGGAC-1,1,3,6,7,4,7,6,2,6,7,3,6,6,2,7,6,2,6,6,2,6,6,5,6,7,3,6,6
TAACTCACGTACAC-1,3,1,1,3,1,2,1,1,1,1,2,1,2,1,2,1,1,1,1,1,2,2,2,1,3,2,2,2
TAACTCACGTATCG-1,1,3,6,7,4,7,6,2,6,7,3,6,6,2,7,6,2,6,6,2,6,6,5,6,7,3,6,6
TAACTCACTCTACT-1,2,4,4,6,3,5,4,4,4,5,1,4,4,3,5,4,5,4,4,3,5,4,4,4,6,1,5,5
TAAGAACTGTGTCA-1,1,3,6,7,4,7,6,2,6,7,3,6,6,2,7,6,2,6,6,2,6,6,5,6,7,3,6,6
TAAGAGGACTAAGC-1,3,1,1,3,1,2,1,1,1,1,2,1,2,1,2,1,1,1,1,1,2,2,2,1,3,2,2,2
TAAGAGGACTTGTT-1,2,4,4,6,3,5,4,4,4,5,1,4,4,3,5,4,5,4,4,3,5,4,4,4,6,1,5,5
TAAGATACCCACAA-1,0,0,0,0,0,0,0,0,0,0,0,0,0,0,0,0,0,0,0,0,0,0,0,0,0,0,0,0
TAAGATACGGTTCA-1,1,3,6,7,4,7,6,2,6,7,3,6,6,2,7,6,2,6,6,2,6,6,5,6,7,3,6,6
TAAGATTGCGTAGT-1,0,0,0,0,0,1,0,0,0,0,0,2,1,0,0,2,0,2,2,0,0,0,0,2,0,0,0,3
TAAGATTGTTGCTT-1,0,0,2,1,0,1,2,0,2,2,0,2,1,0,1,2,0,2,2,0,1,1,0,2,2,0,3,3
TAAGCGTGAGGTTC-1,1,3,6,7,4,7,6,2,6,7,3,6,6,2,7,6,2,6,6,2,6,6,5,6,7,3,6,6
TAAGCGTGGACAAA-1,1,2,3,5,4,4,6,2,6,7,4,3,3,2,7,3,2,3,3,4,4,3,5,6,5,3,6,6
TAAGCGTGGGAAAT-1,0,0,0,0,0,0,0,0,0,0,0,0,0,0,0,0,0,0,0,0,0,0,0,0,0,0,0,0
TAAGCGTGTGCTCC-1,4,2,3,5,2,4,3,2,3,4,4,3,3,2,4,3,2,3,3,4,4,3,3,3,5,3,4,4
TAAGGCTGCCATGA-1,0,0,2,1,0,1,2,0,2,2,0,2,1,0,1,2,0,2,2,0,1,1,0,2,2,0,3,3
TAAGGCTGCTGCTC-1,0,0,0,0,0,0,0,0,0,0,0,0,0,0,0,0,0,0,0,0,0,0,0,0,0,0,0,0
TAAGGCTGTCTCGC-1,1,3,6,7,4,7,6,2,6,7,3,6,6,2,7,6,2,6,6,2,6,6,5,6,7,3,6,6
TAAGGGCTGCTGTA-1,0,0,2,1,0,1,2,0,2,2,0,2,1,0,1,2,0,2,2,0,1,1,0,2,2,0,3,3
TAAGGGCTTTACTC-1,0,0,0,0,0,0,0,0,0,0,0,2,0,0,0,0,0,0,0,0,0,0,0,0,0,0,0,0
TAAGTAACCGAGAG-1,3,1,1,3,1,2,1,1,1,1,2,1,2,1,2,1,1,1,1,1,2,2,2,1,3,2,2,2
TAAGTAACCTCCAC-1,3,1,1,3,1,2,1,1,1,1,2,1,2,1,2,1,1,1,1,1,2,2,2,1,3,2,2,2
TAAGTAACCTGTAG-1,0,0,2,1,0,1,2,0,2,2,0,2,1,0,1,2,0,2,2,0,1,1,0,2,2,0,3,3
TAAGTAACTTGTCT-1,0,4,5,2,3,6,5,0,5,6,0,5,5,3,6,5,0,5,5,3,3,5,4,5,1,0,0,1
TAATGATGAGCGGA-1,0,0,0,1,0,1,2,0,0,2,0,2,1,0,0,2,0,2,2,0,0,0,0,2,2,0,3,0
TAATGCCTCATGAC-1,0,0,2,1,0,1,2,0,2,2,0,2,1,0,1,2,0,2,2,0,1,1,0,2,2,0,3,3
TAATGCCTCGTCTC-1,2,4,4,6,3,5,4,4,4,5,1,4,4,3,5,4,5,4,4,3,5,4,4,4,6,1,5,5
TAATGTGAAGATGA-1,0,0,0,0,0,0,0,0,0,0,0,2,0,0,0,0,0,0,0,0,0,0,0,0,0,0,0,0
TAATGTGACTGCAA-1,1,3,6,7,4,7,6,2,6,7,3,6,6,2,7,6,2,6,6,2,6,6,5,6,7,3,6,6
TAATGTGATTACTC-1,2,4,5,2,3,6,5,4,5,6,1,5,5,3,6,5,5,5,5,3,3,5,4,5,1,1,1,1
TACAAATGGGTACT-1,0,0,0,1,0,1,2,0,0,2,0,2,1,0,0,2,0,2,2,0,1,1,0,2,2,0,3,3
TACAATGAAAACAG-1,1,3,6,7,4,7,6,2,6,7,3,6,6,2,7,6,2,6,6,2,6,6,5,6,7,3,6,6
TACAATGACTTAGG-1,0,0,5,1,0,6,5,0,5,6,0,2,5,0,6,2,0,5,5,0,3,5,0,5,1,0,1,1
TACAATGATGCTAG-1,2,4,5,2,3,6,5,4,5,6,1,5,5,3,6,5,5,5,5,3,3,5,4,5,1,1,1,1
TACACACTCACACA-1,0,0,0,0,0,1,2,0,0,2,0,2,1,0,0,2,0,2,2,0,0,0,0,2,0,0,3,3
TACACACTCTTACT-1,0,0,0,1,0,1,2,0,0,2,0,2,1,0,0,2,0,2,2,0,0,0,0,2,2,0,3,3
TACATAGAACGCAT-1,2,4,5,2,3,6,5,4,5,6,1,5,5,3,6,5,5,5,5,3,3,5,4,5,1,1,1,1
TACATCACACGGGA-1,0,0,0,0,0,0,0,0,0,0,0,0,0,0,0,0,0,0,0,0,0,0,0,0,0,0,0,0
TACATCACCTGTTT-1,4,2,3,5,2,4,3,2,3,4,4,3,3,2,4,3,2,3,3,4,4,3,3,3,5,3,4,4
TACATCACGCTAAC-1,3,1,1,3,1,2,1,1,1,1,2,1,2,1,2,1,1,1,1,1,2,2,2,1,3,2,2,2
TACATCACTGAACC-1,4,2,3,5,2,4,3,2,3,4,4,3,3,2,4,3,2,3,3,4,4,3,3,3,5,3,4,4
TACCATTGAGGTTC-1,0,0,0,0,0,0,0,0,0,0,0,2,0,0,0,0,0,0,0,0,0,0,0,0,0,0,0,0
TACCATTGCGGGAA-1,1,3,6,7,4,7,6,2,6,7,3,6,6,2,7,6,2,6,6,2,6,6,5,6,7,3,6,6
TACCATTGGGGATG-1,1,3,6,7,4,7,6,2,6,7,3,6,6,2,7,6,2,6,6,2,6,6,5,6,7,3,6,6
TACCATTGTGAGGG-1,1,3,6,7,4,7,6,2,6,7,3,6,6,2,7,6,2,6,6,2,6,6,5,6,7,3,6,6
TACCGGCTGTTGGT-1,0,0,0,1,0,0,0,0,0,0,0,2,0,0,0,0,0,2,0,0,0,0,0,0,0,0,0,0
TACGAGTGATCTCT-1,0,0,0,0,0,0,0,0,0,0,0,0,0,0,0,0,0,0,0,0,0,0,0,0,0,0,0,0
TACGAGTGATGCTG-1,1,2,3,5,2,4,3,2,3,4,4,3,3,2,4,3,2,3,3,4,4,3,3,3,5,3,4,4
TACGAGTGCGGAGA-1,0,0,2,1,0,1,2,0,0,2,0,2,1,0,1,2,0,2,2,0,1,1,0,2,2,0,3,3
TACGAGTGGTTGGT-1,0,0,2,1,0,1,2,0,2,2,0,2,1,0,1,2,0,2,2,0,1,1,0,2,2,0,3,3
TACGATCTAGTGTC-1,0,0,0,0,0,0,0,0,0,0,0,2,0,0,0,0,0,0,0,0,0,0,0,0,0,0,0,0
TACGATCTCACTGA-1,1,2,3,5,2,4,3,2,3,4,4,3,3,2,4,3,2,3,3,4,4,3,3,3,5,3,4,4
TACGATCTTACGAC-1,2,4,5,2,3,6,5,4,5,6,1,5,5,3,6,5,5,5,5,3,3,5,4,5,1,1,1,1
TACGCAGACGTCTC-1,3,1,1,3,1,2,1,1,1,1,2,1,2,1,2,1,1,1,1,1,2,2,2,1,3,2,2,2
TACGCAGAGAATCC-1,2,4,4,6,3,5,4,4,4,5,1,4,4,3,5,4,5,4,4,3,5,4,4,4,6,1,5,5
TACGCCACATTCCT-1,0,0,0,1,0,1,2,0,0,2,0,2,1,0,0,2,0,2,2,0,0,0,0,2,2,0,3,3
TACGCCACTCCCAC-1,4,2,3,5,2,4,3,2,3,4,4,3,3,2,4,3,2,3,3,4,4,3,3,3,5,3,4,4
TACGCCACTCCGAA-1,3,1,1,3,1,2,1,1,1,1,2,1,2,1,2,1,1,1,1,1,2,2,2,1,3,2,2,2
TACGCGCTCTTCTA-1,2,4,5,2,3,6,5,4,5,6,1,5,5,3,6,5,5,5,5,3,3,5,4,5,1,1,1,1
TACGGAACGCGTTA-1,3,1,1,3,1,2,1,1,1,1,2,1,2,1,2,1,1,1,1,1,2,2,2,1,3,2,2,2
TACGGCCTGGGACA-1,2,4,4,6,3,5,4,4,4,5,1,4,4,3,5,4,5,4,4,3,5,4,4,4,6,1,5,5
TACGGCCTGTCCTC-1,0,0,0,0,0,0,0,0,0,0,0,0,0,0,0,0,0,0,0,0,0,0,0,0,0,0,0,0
TACGTACTACGGAG-1,0,0,2,1,0,1,2,0,2,2,0,2,1,0,1,2,0,2,2,0,1,1,0,2,2,0,3,3
TACGTACTCAGTTG-1,0,0,2,1,0,1,2,0,2,2,0,2,1,0,1,2,0,2,2,0,1,1,0,2,2,0,3,3
TACGTACTCCCGTT-1,3,1,1,3,1,2,1,1,1,1,2,1,2,1,2,1,1,1,1,1,2,2,2,1,3,2,2,2
TACGTTACAGAAGT-1,0,0,2,1,0,1,2,0,2,2,0,2,1,0,1,2,0,2,2,0,1,1,0,2,2,0,3,3
TACGTTACCAAGCT-1,1,3,6,7,4,7,6,2,6,7,3,6,6,2,7,6,2,6,6,2,6,6,5,6,7,3,6,6
TACTAAGAAAGGTA-1,3,1,1,3,1,2,1,1,1,1,2,1,2,1,2,1,1,1,1,1,2,2,2,1,3,2,2,2
TACTAAGAATCACG-1,0,0,0,0,0,0,0,0,0,0,0,2,0,0,0,0,0,0,0,0,0,0,0,0,0,0,0,0
TACTAAGATGATGC-1,1,3,6,7,4,7,6,2,6,7,3,6,6,2,7,6,2,6,6,2,6,6,5,6,7,3,6,6
TACTAAGATTGCGA-1,0,0,2,1,0,1,2,0,2,2,0,2,1,0,1,2,0,2,2,0,1,1,0,2,2,0,3,3
TACTACACGAGAGC-1,0,0,2,1,0,1,2,0,2,2,0,2,1,0,1,2,0,2,2,0,1,1,0,2,2,0,3,3
TACTACACTTACCT-1,0,0,0,0,0,0,0,0,0,0,0,0,0,0,0,0,0,0,0,0,0,0,0,0,0,0,0,0
TACTACTGAACCTG-1,1,3,6,7,4,7,6,2,6,7,3,6,6,2,7,6,2,6,6,2,6,6,5,6,7,3,6,6
TACTACTGATGTCG-1,2,4,5,2,3,5,4,4,5,6,1,5,5,3,6,4,5,5,5,3,3,5,4,4,6,1,1,1
TACTACTGATTCTC-1,0,0,0,0,0,0,0,0,0,0,0,2,0,0,0,0,0,0,0,0,0,0,0,0,0,0,0,0
TACTACTGTATGGC-1,0,0,0,0,0,0,0,0,0,0,0,2,1,0,0,0,0,0,0,0,0,0,0,0,0,0,0,0
TACTCAACGGTCTA-1,1,3,6,7,4,7,6,2,6,7,3,6,6,2,7,6,2,6,6,2,6,6,5,6,7,3,6,6
TACTCAACTGCTAG-1,3,1,1,3,1,2,1,1,1,1,2,1,2,1,2,1,1,1,1,1,2,2,2,1,3,2,2,2
TACTCCCTCAGTTG-1,0,0,0,0,0,0,0,0,0,0,0,2,0,0,0,0,0,0,0,0,0,0,0,0,0,0,0,0
TACTCTGAATCGAC-1,2,4,4,6,3,5,4,4,4,5,1,4,4,3,5,4,5,4,4,3,5,4,4,4,6,1,5,5
TACTCTGACGAGTT-1,0,0,2,1,0,1,2,0,2,2,0,2,1,0,1,2,0,2,2,0,1,1,0,2,2,0,3,3
TACTCTGATTGACG-1,3,1,1,3,1,2,1,1,1,1,2,1,2,1,2,1,1,1,1,1,2,2,2,1,3,2,2,2
TACTGGGATCGATG-1,0,0,2,1,0,1,2,0,2,2,0,2,1,0,1,2,0,2,2,0,1,1,0,2,2,0,3,3
TACTGTTGAAAGCA-1,0,0,0,0,0,0,0,0,0,0,0,2,0,0,0,0,0,0,0,0,0,0,0,0,0,0,0,0
TACTGTTGAGGCGA-1,2,4,4,6,3,5,4,4,4,5,1,4,4,3,5,4,5,4,4,3,5,4,4,4,6,1,5,5
TACTGTTGCTGAAC-1,3,1,1,3,1,2,1,1,1,1,2,1,2,1,2,1,1,1,1,1,2,2,2,1,3,2,2,2
TACTTGACTCCTCG-1,2,4,5,2,3,6,5,4,5,6,1,5,5,3,6,5,5,5,5,3,3,5,4,5,1,1,1,1
TACTTGACTGGTGT-1,3,1,1,3,1,2,1,1,1,1,2,1,2,1,2,1,1,1,1,1,2,2,2,1,3,2,2,2
TACTTTCTTTTGGG-1,2,4,5,2,3,6,5,4,5,6,1,5,5,3,6,5,5,5,5,3,3,5,4,5,1,1,1,1
TAGAAACTAATCGC-1,0,0,0,1,0,0,0,0,0,0,0,2,0,0,0,0,0,0,0,0,0,0,0,0,0,0,0,0
TAGAAACTGCTTCC-1,1,3,6,7,4,7,6,2,6,7,3,6,6,2,7,6,2,6,6,2,6,6,5,6,7,3,6,6
TAGAAACTGGGATG-1,2,4,5,2,3,6,5,4,5,6,1,5,5,3,6,5,5,5,5,3,3,5,4,5,1,1,1,1
TAGAATTGCGACAT-1,0,0,0,0,0,0,0,0,0,0,0,0,0,0,0,0,0,0,0,0,0,0,0,0,0,0,0,0
TAGAATTGTATCGG-1,0,0,0,0,0,0,0,0,0,0,0,2,0,0,0,0,0,0,0,0,0,0,0,0,0,0,0,0
TAGACGTGCTTGAG-1,0,0,0,0,0,0,0,0,0,0,0,0,0,0,0,0,0,0,0,0,0,0,0,0,0,0,0,0
TAGACGTGTCGCTC-1,0,0,2,1,0,1,2,0,0,2,0,2,1,0,1,2,0,2,2,0,1,1,0,2,2,0,3,3
TAGAGCACCTTACT-1,3,1,1,3,1,2,1,1,1,1,2,1,2,1,2,1,1,1,1,1,2,2,2,1,3,2,2,2
TAGATTGACTTGTT-1,3,1,1,3,1,2,1,1,1,1,2,1,2,1,2,1,1,1,1,1,2,2,2,1,3,2,2,2
TAGATTGAGGCATT-1,2,4,5,2,3,6,5,4,5,6,1,0,5,3,6,5,5,5,5,3,3,5,4,5,1,1,1,1
TAGCATCTCAGCTA-1,2,4,4,6,3,5,4,4,4,5,1,4,4,3,5,4,5,4,4,3,5,4,4,4,6,1,5,5
TAGCATCTCCCTCA-1,0,0,2,0,0,0,0,0,0,0,0,0,0,0,0,0,0,0,0,0,0,0,0,0,0,0,3,0
TAGCATCTGCTGTA-1,4,2,3,5,2,4,3,2,3,4,4,3,3,2,4,3,2,3,3,4,4,3,3,3,5,3,4,4
TAGCATCTGGGACA-1,0,0,0,0,0,0,0,0,0,0,0,0,0,0,0,0,0,0,0,0,0,0,0,0,0,0,0,0
TAGCATCTTGTCGA-1,0,0,0,0,0,0,0,0,0,0,0,0,0,0,0,0,0,0,0,0,0,0,0,0,0,0,0,0
TAGCCCACAAAAGC-1,0,0,2,1,0,1,2,0,2,2,0,2,1,0,1,2,0,2,2,0,1,1,0,2,2,0,3,3
TAGCCCACAGCCAT-1,2,4,5,2,3,6,5,4,5,6,1,5,5,3,6,5,5,5,5,3,3,5,4,5,1,1,1,1
TAGCCCACAGCTAC-1,2,4,4,6,3,5,4,4,4,5,1,4,4,3,5,4,5,4,4,3,5,4,4,4,6,1,5,5
TAGCCCACCCACAA-1,0,0,0,0,0,0,0,0,0,0,0,0,0,0,0,0,0,0,0,0,0,0,0,0,0,0,0,0
TAGCCCTGCGGAGA-1,2,4,5,2,3,6,5,4,5,6,1,5,5,3,6,5,5,5,5,3,3,5,4,5,1,1,1,1
TAGCCGCTTACGAC-1,0,0,0,0,0,1,2,0,0,2,0,0,1,0,0,2,0,2,2,0,0,0,0,2,2,0,3,3
TAGCCGCTTACTTC-1,2,4,5,2,3,6,5,4,5,6,1,5,5,3,6,5,5,5,5,3,3,5,4,5,1,1,1,1
TAGCCGCTTTCCAT-1,1,3,6,7,4,7,6,2,6,7,3,6,6,2,7,6,2,6,6,2,6,6,5,6,7,3,6,6
TAGCTACTGAATAG-1,3,1,1,3,1,2,1,1,1,1,2,1,2,1,2,1,1,1,1,1,2,2,2,1,3,2,2,2
TAGCTACTGTAGCT-1,0,0,0,0,0,0,2,0,0,2,0,2,0,0,0,2,0,2,2,0,0,0,0,2,0,0,3,3
TAGCTACTTTTGCT-1,2,4,5,2,3,6,5,4,5,6,1,5,5,3,6,5,5,5,5,3,3,5,4,5,1,1,1,1
TAGGACTGTGCTGA-1,0,0,2,1,0,1,2,0,2,2,0,2,1,0,1,2,0,2,2,0,1,1,0,2,2,0,3,3
TAGGAGCTAAGGCG-1,3,1,1,3,1,2,1,1,1,1,2,1,2,1,2,1,1,1,1,1,2,2,2,1,3,2,2,2
TAGGAGCTGAGGGT-1,0,0,0,1,0,1,2,0,0,2,0,2,1,0,0,2,0,2,2,0,0,0,0,2,2,0,3,3
TAGGAGCTTGCATG-1,3,1,1,3,1,2,1,1,1,1,2,1,2,1,2,1,1,1,1,1,2,2,2,1,3,2,2,2
TAGGCAACCGTCTC-1,3,1,1,3,1,2,1,1,1,1,2,1,2,1,2,1,1,1,1,1,2,2,2,1,3,2,2,2
TAGGCATGCTCTCG-1,5,5,7,8,5,8,7,5,7,3,5,7,7,4,8,7,3,7,7,5,7,7,6,7,8,5,7,7
TAGGCATGGCGAGA-1,2,4,5,2,3,6,5,4,5,6,1,5,5,3,6,5,5,5,5,3,3,5,4,5,1,1,1,1
TAGGCTGATGCCTC-1,1,3,6,7,4,7,6,2,6,7,3,6,6,2,7,6,2,6,6,2,6,6,5,6,7,3,6,6
TAGGGACTGAACTC-1,2,4,4,6,3,5,4,4,5,5,1,4,4,3,5,4,5,5,4,3,5,4,4,4,6,1,1,5
TAGGTCGACACTGA-1,0,0,0,0,0,0,0,0,0,0,0,0,0,0,0,0,0,0,0,0,0,0,0,0,0,0,0,0
TAGGTCGAGGATCT-1,3,1,1,3,1,2,1,1,1,1,2,1,2,1,2,1,1,1,1,1,2,2,2,1,3,2,2,2
TAGGTGACACACTG-1,0,0,2,1,0,1,2,0,2,2,0,2,1,0,1,2,0,2,2,0,1,1,0,2,2,0,3,3
TAGGTGACACGTTG-1,3,1,1,3,1,2,1,1,1,1,2,1,2,1,2,1,1,1,1,1,2,2,2,1,3,2,2,2
TAGGTGTGTTCTGT-1,0,0,2,1,0,1,2,0,0,2,0,2,1,0,1,2,0,2,2,0,1,1,0,2,2,0,3,3
TAGGTTCTGAAGGC-1,0,0,0,1,0,1,2,0,0,2,0,2,1,0,0,2,0,2,2,0,0,0,0,2,2,0,3,3
TAGGTTCTTCTTAC-1,4,2,3,5,2,4,3,2,3,4,4,3,3,2,4,3,2,3,3,4,4,3,3,3,5,3,4,4
TAGGTTCTTGCTGA-1,1,3,6,7,4,7,6,2,6,7,3,6,6,2,7,6,2,6,6,2,6,6,5,6,7,3,6,6
TAGTAAACCTCGCT-1,0,0,0,0,0,0,0,0,0,0,0,2,0,0,0,0,0,0,0,0,0,0,0,0,0,0,0,0
TAGTAAACGTCACA-1,0,0,0,0,0,0,0,0,0,0,0,2,0,0,0,0,0,0,0,0,0,0,0,0,0,0,0,0
TAGTAATGAGATCC-1,0,0,0,0,0,0,0,0,0,0,0,2,0,0,0,0,0,0,0,0,0,0,0,0,0,0,0,0
TAGTACCTAAGAAC-1,1,3,6,7,4,7,6,2,6,7,3,6,6,2,7,6,2,6,6,2,6,6,5,6,7,3,6,6
TAGTATGATCTTAC-1,3,1,1,3,1,2,1,1,1,1,2,1,2,1,2,1,1,1,1,1,2,2,2,1,3,2,2,2
TAGTATGATTCTCA-1,0,0,2,1,0,1,2,0,2,2,0,2,1,0,1,2,0,2,2,0,1,1,0,2,2,0,3,3
TAGTCTTGGCTGTA-1,0,0,0,0,0,0,0,0,0,0,0,0,0,0,0,0,0,0,0,0,0,0,0,0,0,0,0,0
TAGTCTTGGGACTT-1,0,4,5,2,3,6,5,4,5,6,1,5,5,3,6,5,5,5,5,3,3,5,4,5,1,1,1,1
TAGTCTTGTGGAAA-1,2,4,5,2,3,6,5,4,5,6,1,5,5,3,6,5,5,5,5,3,3,5,4,5,1,1,1,1
TAGTGGTGAAGTGA-1,2,4,4,6,3,5,4,4,4,5,1,4,4,3,5,4,5,4,4,3,5,4,4,4,6,1,5,5
TAGTTAGAACCACA-1,2,4,4,6,3,5,4,4,4,5,1,4,4,3,5,4,5,4,4,3,5,4,4,4,6,1,5,5
TAGTTAGATGAACC-1,0,0,0,0,0,0,0,0,0,0,0,2,0,0,0,0,0,0,0,0,0,0,0,0,0,0,0,0
TATAAGACAACAGA-1,2,4,5,2,0,0,0,0,0,0,0,0,5,0,0,5,0,0,0,3,0,5,0,0,1,0,0,0
TATAAGACAGCTCA-1,4,2,3,5,2,4,3,2,3,4,4,3,3,2,4,3,2,3,3,4,4,3,3,3,5,3,4,4
TATAAGTGACACCA-1,4,2,3,5,2,4,3,2,3,4,4,3,3,2,4,3,2,3,3,4,4,3,3,3,5,3,4,4
TATAAGTGTATCGG-1,1,3,6,7,4,7,6,2,6,7,3,6,6,2,7,6,2,6,6,2,6,6,5,6,7,3,6,6
TATAAGTGTGGTGT-1,4,2,3,5,2,4,3,2,3,4,4,3,3,2,4,3,2,3,3,4,4,3,3,3,5,3,4,4
TATACAGAACCCTC-1,2,4,5,2,3,6,5,4,5,6,1,5,5,3,6,5,5,5,5,3,3,5,4,5,1,1,1,1
TATACAGAAGAACA-1,0,0,0,0,0,0,0,0,0,0,0,0,0,0,0,0,0,0,0,0,0,0,0,0,0,0,0,0
TATACAGATCCAGA-1,0,0,0,1,0,1,2,0,0,2,0,2,1,0,0,2,0,2,2,0,1,0,0,2,2,0,3,3
TATACCACCTGATG-1,3,1,1,3,1,2,1,1,1,1,2,1,2,1,2,1,1,1,1,1,2,2,2,1,3,2,2,2
TATACGCTACCAAC-1,0,0,0,0,0,0,0,0,0,0,0,2,0,0,0,2,0,0,0,0,0,0,0,0,0,0,0,0
TATAGATGGACGGA-1,0,0,0,0,0,1,2,0,2,2,0,0,0,0,1,2,0,2,2,0,0,1,0,2,2,0,3,3
TATAGATGTTCCGC-1,4,2,3,5,2,4,3,2,3,4,4,3,3,2,4,3,2,3,3,4,4,3,3,3,5,3,4,4
TATCACTGACTGTG-1,1,3,6,7,4,7,6,2,6,7,3,6,6,2,7,6,2,6,6,2,6,6,5,6,7,3,6,6
TATCCAACCAGCTA-1,1,3,6,7,4,7,6,2,6,7,3,6,6,2,7,6,2,6,6,2,6,6,5,6,7,3,6,6
TATCCAACTCTCTA-1,2,4,5,2,3,6,5,4,5,6,1,5,5,3,6,5,5,5,5,3,3,5,4,5,1,1,1,1
TATCGACTACTAGC-1,2,4,4,6,3,5,4,4,4,5,1,4,4,3,5,4,5,4,4,3,5,4,4,4,6,1,5,5
TATCGACTCGATAC-1,4,2,3,5,2,4,3,2,3,4,4,3,3,2,4,3,2,3,3,4,4,3,3,3,5,3,4,4
TATCGTACAGATGA-1,2,4,5,2,3,6,5,4,5,6,1,5,5,3,6,5,5,5,5,3,3,5,4,5,1,1,1,1
TATCGTACATTCCT-1,1,3,6,7,4,7,6,2,6,7,3,6,6,2,7,6,2,6,6,2,6,6,5,6,7,3,6,6
TATCTCGAGAGATA-1,0,0,0,0,0,0,0,0,0,0,0,0,0,0,0,0,0,0,0,0,0,0,0,0,0,0,0,0
TATCTGACAGGTTC-1,2,4,5,2,3,6,5,4,5,6,1,5,5,3,6,5,5,5,5,3,3,5,4,5,1,1,1,1
TATCTGACTGTTTC-1,2,4,5,2,3,6,5,4,5,6,1,5,5,3,6,5,5,5,5,3,3,5,4,5,1,1,1,1
TATCTTCTAAACAG-1,0,0,0,0,0,0,0,0,0,0,0,0,0,0,0,0,0,0,0,0,0,0,0,0,0,0,0,0
TATGAATGGAGGAC-1,2,4,4,6,3,5,4,4,4,5,1,4,4,3,5,4,5,4,4,3,5,4,4,4,6,1,5,5
TATGAATGTTTGCT-1,4,2,3,5,2,4,3,2,3,4,4,3,3,2,4,3,2,3,3,4,4,3,3,3,5,3,4,4
TATGCGGATAACCG-1,0,0,0,1,0,1,2,0,2,2,0,2,1,0,1,2,0,2,2,0,1,1,0,2,2,0,3,3
TATGGGTGCATCAG-1,2,4,4,6,3,5,4,4,4,5,1,4,4,3,5,4,5,4,4,3,5,4,4,4,6,1,5,5
TATGGGTGCTAGCA-1,3,1,1,3,1,2,1,1,1,1,2,1,2,1,2,1,1,1,1,1,2,2,2,1,3,2,2,2
TATGGTCTCTACCC-1,0,0,0,0,0,0,0,0,0,0,0,2,0,0,0,0,0,0,0,0,0,0,0,0,0,0,0,0
TATGTCACGGAACG-1,3,1,1,3,1,2,1,1,1,1,2,1,2,1,2,1,1,1,1,1,2,2,2,1,3,2,2,2
TATGTCACTAACCG-1,1,3,6,7,4,7,6,2,6,7,3,6,6,2,7,6,2,6,6,2,6,6,5,6,7,3,6,6
TATGTCACTTCTCA-1,3,1,1,3,1,2,1,1,1,1,2,1,2,1,2,1,1,1,1,1,2,2,2,1,3,2,2,2
TATGTGCTCCGATA-1,1,3,6,7,4,7,6,2,6,7,3,6,6,2,7,6,2,6,6,2,6,6,5,6,7,3,6,6
TATGTGCTGGATTC-1,0,0,0,0,0,0,0,0,0,0,0,0,0,0,0,0,0,0,0,0,0,0,0,0,0,0,0,0
TATTGCTGAAGAAC-1,1,3,6,7,4,7,6,2,6,7,3,6,6,2,7,6,2,6,6,2,6,6,5,6,7,3,6,6
TATTGCTGCCGTTC-1,0,1,1,3,1,2,1,1,1,1,2,1,2,1,2,1,1,1,1,1,2,2,2,1,3,2,2,2
TATTGCTGTCTGGA-1,0,0,0,0,0,0,0,0,0,0,0,0,0,0,0,0,0,0,0,0,0,0,0,0,0,0,0,0
TATTGCTGTGCACA-1,2,4,5,2,3,6,5,4,5,6,1,5,5,3,6,5,5,5,5,3,3,5,4,5,1,1,1,1
TATTTCCTATTGGC-1,1,3,6,7,4,7,6,2,6,7,3,6,6,2,7,6,2,6,6,2,6,6,5,6,7,3,6,6
TATTTCCTGGAGGT-1,2,4,4,6,3,5,4,4,4,5,1,4,4,3,5,4,5,4,4,3,5,4,4,4,6,1,5,5
TATTTCCTGGTGTT-1,0,0,0,0,0,0,0,0,0,0,0,2,0,0,0,0,0,0,0,0,0,0,0,0,0,0,0,0
TCAACACTGTTTGG-1,2,4,4,6,3,5,4,4,4,5,1,4,4,3,5,4,5,4,4,3,5,4,4,4,6,1,5,5
TCAAGGACAGCGTT-1,0,0,2,1,0,1,2,0,0,2,0,2,1,0,1,2,0,2,2,0,1,1,0,2,2,0,3,3
TCAAGGACATTCTC-1,2,4,5,2,3,6,5,4,5,6,1,5,5,3,6,5,5,5,5,3,3,5,4,5,1,1,1,1
TCAAGGACGGTGTT-1,1,3,6,7,4,7,6,2,6,7,3,6,6,2,7,6,2,6,6,2,6,6,5,6,7,3,6,6
TCAATCACACTCTT-1,2,4,5,2,3,6,5,4,5,6,1,5,5,3,6,5,5,5,5,3,3,5,4,5,1,1,1,1
TCAATCACAGTCGT-1,4,2,3,5,2,4,3,2,3,4,4,3,3,2,4,3,2,3,3,4,4,3,3,3,5,3,4,4
TCACAACTATGTGC-1,0,0,0,0,0,0,0,0,0,0,0,0,0,0,0,0,0,0,0,0,0,0,0,0,0,0,0,0
TCACAACTTTGCTT-1,1,3,6,7,4,7,6,2,6,7,3,6,6,2,7,6,2,6,6,2,6,6,5,6,7,3,6,6
TCACATACACTTTC-1,0,0,2,1,0,1,5,0,5,6,0,2,1,0,1,2,0,2,2,0,1,1,0,5,1,0,3,1
TCACATACAGGGTG-1,0,0,0,0,0,0,0,0,0,0,0,0,0,0,0,0,0,0,0,0,0,0,0,0,0,0,0,0
TCACCCGAGACGGA-1,1,3,6,7,4,7,6,2,6,7,3,6,6,2,7,6,2,6,6,2,6,6,5,6,7,3,6,6
TCACCGTGCTCGCT-1,4,2,3,5,2,4,3,2,3,4,4,3,3,2,4,3,2,3,3,4,4,3,3,3,5,3,4,4
TCACCTCTACGACT-1,2,4,5,2,3,6,5,4,5,6,1,5,5,3,6,5,5,5,5,3,3,5,4,5,1,1,1,1
TCACCTCTTCCAAG-1,4,2,3,5,2,4,3,2,3,4,4,3,3,2,4,3,2,3,3,4,4,3,3,3,5,3,4,4
TCACGAGAGGAGGT-1,3,1,1,3,1,2,1,1,1,1,2,1,2,1,2,1,1,1,1,1,2,2,2,1,3,2,2,2
TCACTATGGGGCAA-1,2,4,5,2,3,6,5,4,5,6,1,5,5,3,6,5,5,5,5,3,3,5,4,5,1,1,1,1
TCACTATGGTTGTG-1,3,1,1,3,1,2,1,1,1,1,2,1,2,1,2,1,1,1,1,1,2,2,2,1,3,2,2,2
TCAGACGACGCTAA-1,0,0,2,1,0,1,2,0,2,2,0,2,1,0,1,2,0,2,2,0,1,1,0,2,2,0,3,3
TCAGACGACGTTAG-1,2,4,4,6,3,5,4,4,4,5,1,4,4,3,5,4,5,4,4,3,5,4,4,4,6,1,5,5
TCAGAGACTCCAGA-1,0,0,0,0,0,0,0,0,0,0,0,0,0,0,0,0,0,0,0,0,0,0,0,0,0,0,0,0
TCAGCAGACTCCAC-1,0,0,0,0,0,0,0,0,0,0,0,2,0,0,0,0,0,0,0,0,0,0,0,0,0,0,0,0
TCAGCGCTCTAGTG-1,2,4,5,2,3,6,5,4,5,6,1,5,5,3,6,5,5,5,5,3,3,5,4,5,1,1,1,1
TCAGCGCTGGATCT-1,3,1,1,3,1,2,1,1,1,1,2,1,2,1,2,1,1,1,1,1,2,2,2,1,3,2,2,2
TCAGCGCTGGTATC-1,2,4,5,2,3,6,5,4,5,6,1,5,5,3,6,5,5,5,5,3,3,5,4,5,1,1,1,1
TCAGGATGAAGTAG-1,0,0,0,0,0,0,0,0,0,0,0,0,0,0,0,0,0,0,0,0,0,0,0,0,0,0,0,0
TCAGGATGCCTTTA-1,4,2,3,5,2,4,3,2,3,4,4,3,3,2,4,3,2,3,3,4,4,3,3,3,5,3,4,4
TCAGTGGAAGATCC-1,2,4,5,2,3,6,5,4,5,6,1,5,5,3,6,5,5,5,5,3,3,5,4,5,1,1,1,1
TCAGTTACCTACGA-1,1,3,6,7,4,7,6,2,6,7,3,6,6,2,7,6,2,6,6,2,6,6,5,6,7,3,6,6
TCAGTTACTAGAAG-1,0,0,2,1,0,1,2,0,0,2,0,2,1,0,1,2,0,2,2,0,1,1,0,2,2,0,3,3
TCATCAACCCGATA-1,0,0,0,0,0,0,0,0,0,0,0,0,0,0,0,0,0,0,0,0,0,0,0,0,0,0,0,0
TCATCAACTGTTCT-1,1,3,6,7,4,7,6,2,6,7,3,6,6,2,7,6,2,6,6,2,6,6,5,6,7,3,6,6
TCATCATGCAGTTG-1,0,0,0,0,0,0,0,0,2,0,0,2,0,0,0,0,0,0,2,0,1,1,0,0,0,0,0,0
TCATCCCTTACTGG-1,0,0,2,1,0,1,2,0,2,2,0,2,1,0,1,2,0,2,2,0,1,1,0,2,2,0,3,3
TCATTCGATACAGC-1,4,2,3,5,2,4,3,2,3,4,4,3,3,2,4,3,2,3,3,4,4,3,3,3,5,3,4,4
TCCACGTGGAAACA-1,0,0,0,0,0,0,0,0,0,2,0,0,0,0,0,0,0,0,0,0,0,0,0,0,0,0,3,0
TCCACTCTACACTG-1,0,0,0,1,0,1,2,0,0,2,0,2,1,0,0,2,0,2,2,0,1,0,0,2,2,0,3,3
TCCACTCTGAGCTT-1,1,3,6,7,4,7,6,2,6,7,3,6,6,2,7,6,2,6,6,2,6,6,5,6,7,3,6,6
TCCACTCTTACTTC-1,3,1,1,3,1,2,1,1,1,1,2,1,2,1,2,1,1,1,1,1,2,2,2,1,3,2,2,2
TCCATAACAAAGTG-1,0,0,0,0,0,0,0,0,0,0,0,2,0,0,0,0,0,0,0,0,0,0,0,0,0,0,0,0
TCCATAACCGTAGT-1,3,1,1,3,1,2,1,1,1,1,2,1,2,1,2,1,1,1,1,1,2,2,2,1,3,2,2,2
TCCATAACGATGAA-1,0,0,2,1,0,1,2,0,2,2,0,2,1,0,0,2,0,2,2,0,1,1,0,2,2,0,3,3
TCCATAACTACGCA-1,0,0,0,0,0,0,0,0,0,2,0,2,0,0,0,0,0,2,2,0,0,0,0,0,0,0,3,3
TCCATCCTCCCTAC-1,2,4,5,2,3,6,5,4,5,6,1,5,5,3,6,5,5,5,5,3,3,5,4,5,1,1,1,1
TCCCACGATCATTC-1,0,0,0,1,0,1,2,0,0,2,0,2,1,0,0,2,0,2,2,0,0,0,0,2,2,0,3,3
TCCCATCTCAAAGA-1,1,3,6,7,4,7,6,2,6,7,3,6,6,2,7,6,2,6,6,2,6,6,5,6,7,3,6,6
TCCCGAACACAGTC-1,2,4,4,6,3,5,4,4,4,5,1,4,4,3,5,4,5,4,4,3,5,4,4,4,6,1,5,5
TCCCGAACTTCGCC-1,4,2,3,5,2,4,3,2,3,4,4,3,3,2,4,3,2,3,3,4,4,3,3,3,5,3,4,4
TCCCGATGAGATCC-1,0,0,2,1,0,1,2,0,2,2,0,2,1,0,1,2,0,2,2,0,1,1,0,2,2,0,3,3
TCCCGATGCCTGAA-1,1,3,6,7,4,7,6,2,6,7,3,6,6,2,7,6,2,6,6,2,6,6,5,6,7,3,6,6
TCCCGATGCTGTGA-1,2,0,5,2,0,6,5,4,5,6,0,5,5,0,6,5,5,5,5,0,3,5,0,5,1,1,1,1
TCCCTACTCAACTG-1,3,1,1,3,1,2,1,1,1,1,2,1,2,1,2,1,1,1,1,1,2,2,2,1,3,2,2,2
TCCGAAGACAATCG-1,1,3,6,7,4,7,6,2,6,7,3,6,6,2,7,6,2,6,6,2,6,6,5,6,7,3,6,6
TCCGAAGACGTTAG-1,0,0,2,1,0,0,2,0,0,0,0,2,1,0,0,0,0,2,2,0,1,1,0,2,2,0,3,3
TCCGGACTGAGGTG-1,0,0,0,1,0,1,2,0,2,2,0,2,1,0,0,2,0,2,2,0,0,0,0,2,2,0,3,3
TCCGGACTGTACGT-1,2,4,5,2,3,6,5,4,5,6,1,5,5,3,6,5,5,5,5,3,3,5,4,5,1,1,1,1
TCCTAAACATCGAC-1,0,0,0,0,0,0,0,0,0,0,0,0,0,0,0,0,0,0,0,0,0,0,0,0,0,0,0,0
TCCTAAACCGAGAG-1,0,0,0,1,0,1,2,0,0,2,0,2,1,0,0,2,0,2,2,0,0,0,0,2,2,0,3,3
TCCTAAACCGCATA-1,2,4,4,6,3,5,4,4,4,5,1,4,4,3,5,4,5,4,4,3,5,4,4,4,6,1,5,5
TCCTAATGGTTTGG-1,2,4,5,2,3,6,5,4,5,6,1,5,5,3,6,5,5,5,5,3,3,5,4,5,1,1,1,1
TCCTACCTGTCGTA-1,0,0,5,2,0,6,5,0,0,2,0,5,5,0,6,5,0,0,0,0,3,5,0,5,1,0,3,1
TCCTATGAAAAGCA-1,2,4,5,2,3,6,5,4,5,6,1,5,5,3,6,5,5,5,5,3,3,5,4,5,1,1,1,1
TCGAATCTCTGGTA-1,2,4,5,2,3,6,5,4,5,6,1,5,5,3,6,5,5,5,5,3,3,5,4,5,1,1,1,1
TCGACCTGCCGATA-1,4,2,3,5,2,4,3,2,3,4,4,3,3,2,4,3,2,3,3,4,4,3,3,3,5,3,4,4
TCGACGCTTCTATC-1,1,3,6,7,4,7,6,2,6,7,3,6,6,2,7,6,2,6,6,2,6,6,5,6,7,3,6,6
TCGACGCTTTGACG-1,0,0,2,1,0,1,2,0,2,2,0,2,1,0,1,2,0,2,2,0,1,1,0,2,2,0,3,3
TCGAGAACGACAGG-1,0,0,2,1,0,1,2,0,2,0,0,2,1,0,1,2,0,2,2,0,1,1,0,2,2,0,3,3
TCGAGAACGTTAGC-1,0,0,2,1,0,1,2,0,2,2,0,2,1,0,1,2,0,2,2,0,1,1,0,2,2,0,3,3
TCGAGCCTATCAGC-1,3,1,1,3,1,2,1,1,1,1,2,1,2,1,2,1,1,1,1,1,2,2,2,1,3,2,2,2
TCGAGCCTGCGAGA-1,2,4,5,2,3,6,5,4,5,6,1,5,5,3,6,5,5,5,5,3,3,5,4,5,1,1,1,1
TCGAGCCTTGTGAC-1,0,0,0,1,0,1,2,0,0,0,0,2,1,0,0,2,0,2,2,0,1,1,0,2,2,0,0,3
TCGATACTATTCCT-1,0,0,0,0,0,1,0,0,0,2,0,2,1,0,0,2,0,2,2,0,0,0,0,0,0,0,3,0
TCGATACTTGCACA-1,0,0,2,1,0,1,2,0,2,2,0,2,1,0,1,2,0,2,2,0,1,1,0,2,2,0,3,3
TCGATTTGATGCCA-1,1,3,6,7,4,7,6,2,6,7,3,6,6,2,7,6,2,6,6,2,6,6,5,6,7,3,6,6
TCGATTTGCACTCC-1,0,0,0,0,0,0,0,0,0,0,0,2,0,0,0,0,0,0,0,0,0,0,0,0,0,0,0,0
TCGATTTGCAGCTA-1,2,4,4,6,3,5,4,4,4,5,1,4,4,3,5,4,5,4,4,3,5,4,4,4,6,1,5,5
TCGATTTGCCTACC-1,1,3,6,7,4,7,6,2,6,7,3,6,6,2,7,6,2,6,6,2,6,6,5,6,7,3,6,6
TCGATTTGTCGTGA-1,3,1,1,3,1,2,1,1,1,1,2,1,2,1,2,1,1,1,1,1,2,2,2,1,3,2,2,2
TCGCACACCATCAG-1,1,3,6,7,4,7,6,2,6,7,3,6,6,2,7,6,2,6,6,2,6,6,5,6,7,3,6,6
TCGCAGCTAGATCC-1,2,4,5,2,3,6,5,4,5,6,1,5,5,3,6,5,5,5,5,3,3,5,4,5,1,1,1,1
TCGCCATGAGACTC-1,0,0,0,0,0,0,0,0,0,0,0,0,0,0,0,0,0,0,0,0,0,0,0,0,0,0,0,0
TCGCCATGTGGTCA-1,3,1,1,3,1,2,1,1,1,1,2,1,2,1,2,1,1,1,1,1,2,2,2,1,3,2,2,2
TCGGACCTAACAGA-1,0,0,0,0,0,1,2,0,0,2,0,2,0,0,0,2,0,2,2,0,0,0,0,2,2,0,3,3
TCGGACCTATAAGG-1,3,1,1,3,1,2,1,1,1,1,2,1,2,1,2,1,1,1,1,1,2,2,2,1,3,2,2,2
TCGGACCTGTACAC-1,0,0,0,1,0,1,2,0,0,2,0,2,1,0,0,2,0,2,2,0,1,0,0,2,2,0,3,3
TCGGTAGAGTAGGG-1,0,0,0,0,0,0,0,0,0,0,0,0,0,0,0,0,0,0,0,0,0,0,0,0,0,0,0,0
TCGGTAGATCCCAC-1,3,1,1,3,1,2,1,1,1,1,2,1,2,1,2,1,1,1,1,1,2,2,2,1,3,2,2,2
TCGTAGGATCGACA-1,0,0,2,1,0,1,2,0,2,2,0,2,1,0,1,2,0,2,2,0,1,1,0,2,2,0,3,3
TCGTGAGAACTGTG-1,3,1,1,3,1,2,1,1,1,1,2,1,2,1,2,1,1,1,1,1,2,2,2,1,3,2,2,2
TCGTTATGGACAAA-1,0,0,2,1,0,1,2,0,2,2,0,2,1,0,1,2,0,2,2,0,1,1,0,2,2,0,3,3
TCTAACACCAGTTG-1,2,4,4,6,3,5,4,4,4,5,1,4,4,3,5,4,5,4,4,3,5,4,4,4,6,1,5,5
TCTAACACGAGCAG-1,5,5,7,8,5,8,7,5,7,3,5,7,7,4,8,7,3,7,7,5,7,7,6,7,8,5,7,7
TCTAACTGAACCAC-1,0,0,2,1,0,1,2,0,2,2,0,2,1,0,1,2,0,2,2,0,1,1,0,2,2,0,3,3
TCTAAGCTAATGCC-1,0,0,0,0,0,0,0,0,0,0,0,2,0,0,0,0,0,0,0,0,0,0,0,0,0,0,0,0
TCTAAGCTTAGTCG-1,2,4,4,6,3,5,4,4,5,6,1,4,4,3,5,4,5,5,5,3,5,4,4,4,6,1,1,1
TCTAAGCTTCTAGG-1,4,2,3,5,2,4,3,2,3,4,4,3,3,2,4,3,2,3,3,4,4,3,3,3,5,3,4,4
TCTAAGCTTGTTCT-1,1,3,6,7,4,7,6,2,6,7,3,6,6,2,7,6,2,6,6,2,6,6,5,6,7,3,6,6
TCTAAGCTTTCGCC-1,3,1,1,3,1,2,1,1,1,1,2,1,2,1,2,1,1,1,1,1,2,2,2,1,3,2,2,2
TCTACAACGACTAC-1,1,3,6,7,4,7,6,2,6,7,3,6,6,2,7,6,2,6,6,2,6,6,5,6,7,3,6,6
TCTAGACTTAGAAG-1,1,3,6,7,4,7,6,2,6,7,3,6,6,2,7,6,2,6,6,2,6,6,5,6,7,3,6,6
TCTAGTTGCACCAA-1,4,2,3,5,2,4,3,2,3,4,4,3,3,2,4,3,2,3,3,4,4,3,3,3,5,3,4,4
TCTATGTGAAGAGT-1,1,3,6,7,4,7,6,2,6,7,3,6,6,2,7,6,2,6,6,2,6,6,5,6,7,3,6,6
TCTATGTGAGTCTG-1,2,4,5,2,3,6,5,4,5,6,1,5,5,3,6,5,5,5,5,3,3,5,4,5,1,1,1,1
TCTCAAACCTAAGC-1,3,1,1,3,1,2,1,1,1,1,2,1,2,1,2,1,1,1,1,1,2,2,2,1,3,2,2,2
TCTCTAGAATTTCC-1,0,0,2,1,0,1,2,0,2,2,0,2,1,0,1,2,0,2,2,0,1,1,0,2,2,0,3,3
TCTGATACACGTGT-1,0,0,0,1,0,1,2,0,0,0,0,2,1,0,0,2,0,2,2,0,1,1,0,2,2,0,3,3
TCTGATACTCGCCT-1,0,0,0,0,0,0,0,0,0,0,0,2,0,0,0,0,0,0,0,0,0,0,0,0,0,0,0,0
TCTTACGAACCTGA-1,1,3,6,7,4,7,6,2,6,7,3,6,6,2,7,6,2,6,6,2,6,6,5,6,7,3,6,6
TCTTCAGAGCTACA-1,1,3,6,7,4,7,6,2,6,7,3,6,6,2,7,6,2,6,6,2,6,6,5,6,7,3,6,6
TCTTGATGCGGAGA-1,2,4,5,2,3,6,5,4,5,6,1,5,5,3,6,5,5,5,5,3,3,5,4,5,1,1,1,1
TGAAATTGGTGAGG-1,1,3,6,7,4,7,6,2,6,7,3,6,6,2,7,6,2,6,6,2,6,6,5,6,7,3,6,6
TGAACCGAAAACGA-1,0,0,0,0,0,0,0,0,0,0,0,0,0,0,0,0,0,0,0,0,0,0,0,0,0,0,0,0
TGAACCGACTACTT-1,4,2,3,5,2,4,3,2,3,4,4,3,3,2,4,3,2,3,3,4,4,3,3,3,5,3,4,4
TGAACCGATTCGGA-1,4,2,3,5,2,4,3,2,3,4,4,3,3,2,4,3,2,3,3,4,4,3,3,3,5,3,4,4
TGAAGCACTCACGA-1,2,4,2,2,3,6,5,4,5,6,1,5,5,3,6,5,5,5,5,3,3,5,4,5,1,1,1,1
TGAAGCTGAACGAA-1,0,0,0,0,0,0,0,0,0,0,0,0,0,0,0,0,0,0,0,0,0,0,0,0,0,0,0,0
TGAAGCTGAGACTC-1,0,0,0,0,0,0,0,0,0,0,0,0,0,0,0,0,0,0,0,0,0,0,0,0,0,0,0,0
TGAAGCTGCATGGT-1,3,1,1,3,1,2,1,1,1,1,2,1,2,1,2,1,1,1,1,1,2,2,2,1,3,2,2,2
TGAAGCTGCGTAAC-1,0,0,0,0,0,0,0,0,0,0,0,2,0,0,0,0,0,0,0,0,0,0,0,0,0,0,0,0
TGAATAACCACTTT-1,0,0,0,0,0,0,0,0,0,0,0,2,0,0,0,0,0,0,0,0,0,0,0,0,0,0,0,0
TGAATAACTCCCAC-1,2,4,5,2,3,6,5,4,5,6,1,5,5,3,6,5,5,5,5,3,3,5,4,5,1,1,1,1
TGACACGACCTTAT-1,3,1,1,3,1,2,1,1,1,1,2,1,2,1,2,1,1,1,1,1,2,2,2,1,3,2,2,2
TGACCAGACAACCA-1,0,0,0,1,0,1,2,0,0,2,0,2,1,0,0,2,0,2,2,0,0,0,0,2,2,0,3,3
TGACCAGAGGATTC-1,0,0,0,0,0,0,0,0,0,0,0,2,0,0,0,0,0,0,0,0,0,0,0,0,0,0,0,0
TGACCGCTAAAAGC-1,0,0,2,1,0,1,2,0,2,2,0,2,1,0,1,2,0,2,2,0,1,1,0,2,2,0,3,3
TGACCGCTCTGCAA-1,0,0,0,0,0,0,0,0,0,0,0,0,0,0,0,0,0,0,0,0,0,0,0,0,0,0,0,0
TGACGATGCAAAGA-1,1,3,6,7,4,7,6,2,6,7,3,6,6,2,7,6,2,6,6,2,6,6,5,6,7,3,6,6
TGACGCCTGTACCA-1,0,4,2,1,3,1,2,0,2,2,0,5,1,3,1,2,0,2,2,0,1,1,0,2,2,0,3,3
TGACGCCTTTACTC-1,0,0,2,1,0,1,2,0,2,2,0,2,1,0,1,2,0,2,2,0,1,1,0,2,2,0,3,3
TGACTGGAAGAGAT-1,1,3,6,7,4,7,6,2,6,7,3,6,6,2,7,6,2,6,6,2,6,6,5,6,7,3,6,6
TGACTGGACCGTAA-1,0,0,2,1,0,1,2,0,2,2,0,2,1,0,1,2,0,2,2,0,1,1,0,2,2,0,3,3
TGACTGGACGCAAT-1,0,0,0,0,0,0,0,0,0,0,0,2,0,0,0,0,0,0,0,0,0,0,0,0,0,0,0,0
TGACTGGAGGACAG-1,3,1,1,3,1,2,1,1,1,1,2,1,2,1,2,1,1,1,1,1,2,2,2,1,3,2,2,2
TGACTGGATTCTCA-1,0,0,2,1,0,1,2,0,2,2,0,5,1,0,1,2,0,2,2,0,1,1,0,2,2,0,3,3
TGACTTACACACCA-1,0,0,2,1,0,1,2,0,2,2,0,2,1,0,1,2,0,2,2,0,1,1,0,2,2,0,3,3
TGACTTACAGTCTG-1,1,3,6,7,4,7,6,2,6,7,3,6,6,2,7,6,2,6,6,2,6,6,5,6,7,3,6,6
TGACTTTGCGCATA-1,0,0,0,0,0,0,0,0,0,0,0,2,0,0,0,0,0,0,0,0,0,0,0,0,0,0,0,0
TGACTTTGTTTGTC-1,0,0,2,1,0,1,2,0,2,2,0,2,1,0,1,2,0,2,2,0,1,1,0,2,2,0,3,3
TGAGACACAAGGTA-1,0,0,2,1,0,1,2,0,2,2,0,2,1,0,1,2,0,2,2,0,1,1,0,2,2,0,3,3
TGAGACACTCAAGC-1,2,4,5,2,3,6,5,4,5,6,1,5,5,3,6,5,5,5,5,3,3,5,4,5,1,1,1,1
TGAGACACTGTGCA-1,0,0,0,0,0,0,0,0,0,0,0,0,0,0,0,0,0,0,0,0,0,0,0,0,0,0,0,0
TGAGCTGAATGCTG-1,4,2,3,5,2,4,3,2,3,4,4,3,3,2,4,3,2,3,3,4,4,3,3,3,5,3,4,4
TGAGCTGACTGGAT-1,1,3,6,7,4,7,6,2,6,7,3,6,6,2,7,6,2,6,6,2,6,6,5,6,7,3,6,6
TGAGCTGAGCGAGA-1,0,0,0,0,0,0,0,0,0,0,0,0,0,0,0,0,0,0,0,0,0,0,0,0,0,0,0,0
TGAGCTGATGCTAG-1,1,3,6,7,4,7,6,2,6,7,3,6,6,2,7,6,2,6,6,2,6,6,5,6,7,3,6,6
TGAGGACTCTCATT-1,1,3,6,7,4,7,6,2,6,7,3,6,6,2,7,6,2,6,6,2,6,6,5,6,7,3,6,6
TGAGGACTTCATTC-1,0,0,2,1,0,1,2,0,2,2,0,2,1,0,1,2,0,2,2,0,1,1,0,2,2,0,3,3
TGAGGTACGAACCT-1,4,2,3,5,2,4,3,2,3,4,4,3,3,2,4,3,2,3,3,4,4,3,3,3,5,3,4,4
TGAGTCGAGTTACG-1,3,1,1,3,1,2,1,1,1,1,2,1,2,1,2,1,1,1,1,1,2,2,2,1,3,2,2,2
TGAGTGACTGAGCT-1,0,0,0,0,0,1,2,0,0,2,0,2,1,0,0,2,0,2,2,0,1,1,0,2,0,0,3,3
TGATAAACGAATCC-1,0,0,2,1,0,1,2,0,2,2,0,2,1,0,1,2,0,2,2,0,1,1,0,2,2,0,3,3
TGATAAACTCCGTC-1,2,4,4,6,3,5,4,4,4,5,1,4,4,3,5,4,5,4,4,3,5,4,4,4,6,1,5,5
TGATAAACTTTCAC-1,0,0,0,0,0,0,0,0,0,0,0,0,0,0,0,0,0,0,0,0,0,0,0,0,0,0,0,0
TGATACCTCACTAG-1,1,3,6,7,4,7,6,2,6,7,3,6,6,2,7,6,2,6,6,2,6,6,5,6,7,3,6,6
TGATACCTGTTGGT-1,0,0,0,0,0,0,0,0,0,0,0,2,0,0,0,2,0,0,0,0,0,0,0,0,0,0,3,0
TGATACCTTATGCG-1,0,0,0,0,0,0,0,0,0,0,0,0,0,0,0,0,0,0,0,0,0,0,0,0,0,0,0,0
TGATACCTTGAAGA-1,0,0,0,0,0,0,0,0,0,0,0,2,0,0,0,0,0,0,0,0,0,0,0,0,0,0,0,0
TGATATGAACCTTT-1,0,0,0,0,0,0,0,0,0,0,0,0,0,0,0,0,0,0,0,0,0,0,0,0,0,0,0,0
TGATCACTAGCATC-1,2,4,5,2,3,6,5,4,5,6,1,5,5,3,6,5,5,5,5,3,3,5,4,5,1,1,1,1
TGATCACTCTCGCT-1,0,0,0,0,0,0,0,0,0,0,0,0,0,0,0,0,0,0,0,0,0,0,0,0,0,0,0,0
TGATCACTTCTACT-1,3,1,1,3,1,2,1,1,1,1,2,1,2,1,2,1,1,1,1,1,2,2,2,1,3,2,2,2
TGATCGGACTGACA-1,4,2,3,5,2,4,3,2,3,4,4,3,3,2,4,3,2,3,3,4,4,3,3,3,5,3,4,4
TGATCGGAGGAGCA-1,3,1,1,3,1,2,1,1,1,1,2,1,2,1,2,1,1,1,1,1,2,2,2,1,3,2,2,2
TGATCGGATATGCG-1,4,3,6,7,4,7,3,2,3,4,3,6,6,2,4,3,2,3,3,2,6,3,5,3,7,3,4,4
TGATTAGACATTGG-1,0,0,2,1,0,1,2,0,2,2,0,2,1,0,1,2,0,2,2,0,1,1,0,2,2,0,3,3
TGATTAGATGACTG-1,3,1,1,3,1,2,1,1,1,1,2,1,2,1,2,1,1,1,1,1,2,2,2,1,3,2,2,2
TGATTAGATGCTAG-1,0,0,0,0,0,0,0,0,0,0,0,0,0,0,0,0,0,0,0,0,0,0,0,0,0,0,0,0
TGATTCACTATGCG-1,0,0,0,0,0,0,0,0,0,0,0,0,0,0,0,0,0,0,0,0,0,0,0,0,0,0,0,0
TGATTCACTGTCAG-1,3,1,1,3,1,2,1,1,1,1,2,1,2,1,2,1,1,1,1,1,2,2,2,1,3,2,2,2
TGATTCTGCCGAAT-1,0,0,2,1,0,1,2,0,0,2,0,2,1,0,0,2,0,2,2,0,1,1,0,2,2,0,3,3
TGATTCTGCTCTTA-1,0,0,2,1,0,1,2,0,0,2,0,2,1,0,1,2,0,2,2,0,1,1,0,2,2,0,3,3
TGCAAGTGAGAACA-1,0,0,2,1,0,1,2,0,2,2,0,2,1,0,1,2,0,2,2,0,1,1,0,2,2,0,3,3
TGCAAGTGGGTAGG-1,1,3,6,7,4,7,6,2,6,7,3,6,6,2,7,6,2,6,6,2,6,6,5,6,7,3,6,6
TGCAATCTTCAGGT-1,5,5,7,8,5,8,7,5,7,3,5,7,7,4,8,7,3,7,7,5,7,7,6,7,8,5,7,7
TGCACAGACGACAT-1,2,4,4,6,3,5,4,4,4,5,1,4,4,3,5,4,5,4,4,3,5,4,4,4,6,1,5,5
TGCCAAGAGCAGTT-1,4,2,3,5,2,4,3,2,3,4,4,6,3,2,4,3,2,3,3,4,4,3,3,3,5,3,4,4
TGCCAAGATCTCTA-1,0,0,2,1,0,1,2,0,2,2,0,2,1,0,1,2,0,2,2,0,1,1,0,2,2,0,3,3
TGCCACTGAACGTC-1,0,0,2,1,0,1,2,0,2,2,0,2,1,0,1,2,0,2,2,0,1,1,0,2,2,0,3,3
TGCCACTGCGATAC-1,2,4,4,6,3,5,4,4,4,5,1,4,4,3,5,4,5,4,4,3,5,4,4,4,6,1,5,5
TGCCAGCTTGGCAT-1,0,0,2,1,0,1,2,0,2,2,0,0,1,0,1,2,0,2,2,0,1,1,0,2,2,0,3,3
TGCCCAACAGCAAA-1,0,0,2,1,0,1,2,0,0,2,0,2,1,0,0,2,0,2,2,0,1,1,0,2,2,0,3,3
TGCCCAACCGCATA-1,4,2,3,5,2,4,3,2,3,4,4,3,3,2,4,3,2,3,3,4,4,3,3,3,5,3,4,4
TGCCGACTCTCCCA-1,3,1,1,3,1,2,1,1,1,1,2,1,2,1,2,1,1,1,1,1,2,2,2,1,3,2,2,2
TGCGAAACAGTCAC-1,3,1,1,3,1,2,1,1,1,1,2,1,2,1,2,1,1,1,1,1,2,2,2,1,3,2,2,2
TGCGAAACGTTGCA-1,3,1,1,3,1,2,1,1,1,1,2,1,2,1,2,1,1,1,1,1,2,2,2,1,3,2,2,2
TGCGATGAACGGTT-1,0,0,0,1,0,1,2,0,0,0,0,2,1,0,0,2,0,2,2,0,1,1,0,2,2,0,3,3
TGCGATGACCTCGT-1,0,0,0,0,0,0,0,0,0,0,0,2,0,0,0,0,0,0,0,0,0,0,0,0,0,0,0,0
TGCGATGACTAGTG-1,3,1,1,3,1,2,1,1,1,1,2,1,2,1,2,1,1,1,1,1,2,2,2,1,3,2,2,2
TGCGATGACTGCTC-1,3,1,1,3,1,2,1,1,1,1,2,1,2,1,2,1,1,1,1,1,2,2,2,1,3,2,2,2
TGCGATGACTTGCC-1,3,1,1,3,1,2,1,1,1,1,2,1,2,1,2,1,1,1,1,1,2,2,2,1,3,2,2,2
TGCGATGAGTGCTA-1,1,3,6,7,4,7,6,2,6,7,3,6,6,2,7,6,2,6,6,2,6,6,5,6,7,3,6,6
TGCGCACTCTTGAG-1,1,3,6,7,4,7,6,2,6,7,3,6,6,2,7,6,2,6,6,2,6,6,5,6,7,3,6,6
TGCGTAGAATAAGG-1,1,3,6,7,4,7,6,2,6,7,3,6,6,2,7,6,2,6,6,2,6,6,5,6,7,3,6,6
TGCGTAGACGGGAA-1,3,1,1,3,1,2,1,1,1,1,2,1,2,1,2,1,1,1,1,1,2,2,2,1,3,2,2,2
TGCGTAGATGGTCA-1,4,2,3,5,2,4,3,2,3,4,4,3,3,2,4,3,2,3,3,4,4,3,3,3,5,3,4,4
TGCTAGGAAACCGT-1,2,4,5,2,3,6,5,4,5,6,1,5,5,3,6,5,5,5,5,3,3,5,4,5,1,1,1,1
TGCTAGGATAGTCG-1,0,0,0,0,0,0,0,0,0,0,0,2,0,0,0,0,0,0,0,0,0,0,0,0,0,0,0,0
TGCTATACGGTTCA-1,1,3,6,7,4,7,6,2,6,7,3,6,6,2,7,6,2,6,6,2,6,6,5,6,7,3,6,6
TGCTATACTGCTGA-1,2,4,5,2,3,6,5,4,5,6,1,5,5,3,6,5,5,5,5,3,3,5,4,5,1,1,1,1
TGCTGAGAGAGCAG-1,2,4,4,6,3,5,4,4,4,5,1,4,4,3,5,4,5,4,4,3,5,4,4,4,6,1,5,5
TGCTGAGATTATCC-1,0,0,0,0,0,0,0,0,0,0,0,2,1,0,0,2,0,0,0,0,0,0,0,0,0,0,0,0
TGGAAAGACTCTCG-1,3,1,1,3,1,2,1,1,1,1,2,1,2,1,2,1,1,1,1,1,2,2,2,1,3,2,2,2
TGGAAAGAGCGATT-1,0,0,2,1,0,1,2,0,2,2,0,2,1,0,1,2,0,2,2,0,1,1,0,2,2,0,3,3
TGGAAAGAGGTCAT-1,4,2,3,5,2,4,3,2,3,4,4,3,3,2,4,3,2,3,3,4,4,3,3,3,5,3,4,4
TGGAAAGATATGGC-1,0,0,0,0,0,0,0,0,0,0,0,0,0,0,0,0,0,0,0,0,0,0,0,0,0,0,0,0
TGGAACACAAACAG-1,2,4,4,6,3,5,4,4,4,5,1,4,4,3,5,4,5,4,4,3,5,4,4,4,6,1,5,5
TGGAACACGCTAAC-1,2,4,5,2,3,6,5,4,5,6,1,5,5,3,6,5,5,5,5,3,3,5,4,5,1,1,1,1
TGGAAGCTCAGATC-1,0,0,2,1,0,1,2,0,0,2,0,2,1,0,0,2,0,2,2,0,1,1,0,2,2,0,3,3
TGGACCCTACACTG-1,1,3,6,7,4,7,6,2,6,7,3,6,6,2,7,6,2,6,6,2,6,6,5,6,7,3,6,6
TGGACCCTCATGGT-1,2,4,5,2,3,6,5,4,5,6,1,5,5,3,6,5,5,5,5,3,3,5,4,5,1,1,1,1
TGGACCCTGGTACT-1,1,2,3,5,4,4,6,2,6,4,3,3,3,2,7,3,2,3,3,2,4,3,5,6,5,3,6,6
TGGACTGAGTATGC-1,0,0,2,1,0,1,2,0,2,2,0,2,1,0,1,2,0,2,2,0,1,1,0,2,2,0,3,3
TGGAGACTATCAGC-1,1,3,6,7,4,7,6,2,6,7,3,6,6,2,7,6,2,6,6,2,6,6,5,6,7,3,6,6
TGGAGACTGAAACA-1,0,0,0,0,0,0,0,0,0,0,0,0,0,0,0,0,0,0,0,0,0,0,0,0,0,0,0,0
TGGAGACTTCAAGC-1,0,0,0,0,0,0,0,0,0,0,0,0,0,0,0,0,0,0,0,0,0,0,0,0,0,0,0,0
TGGAGACTTGACCA-1,2,4,5,2,3,6,5,4,5,6,1,5,5,3,6,5,5,5,5,3,3,5,4,5,1,1,1,1
TGGAGGGACGGAGA-1,1,3,6,7,4,7,6,2,6,7,3,6,6,2,7,6,2,6,6,2,6,6,5,6,7,3,6,6
TGGAGGGAGCTATG-1,0,0,0,0,0,0,0,0,0,0,0,0,0,0,0,0,0,0,0,0,0,0,0,0,0,0,0,0
TGGATCGATAAAGG-1,0,0,0,0,0,1,2,0,0,2,0,2,1,0,0,2,0,2,2,0,1,0,0,2,2,0,3,3
TGGATGTGACCTAG-1,3,1,1,3,1,2,1,1,1,1,2,1,2,1,2,1,1,1,1,1,2,2,2,1,3,2,2,2
TGGATGTGATGTCG-1,2,4,5,2,3,6,5,4,5,6,1,5,5,3,6,5,5,5,5,3,3,5,4,5,1,1,1,1
TGGATGTGTGAAGA-1,3,1,1,3,1,2,1,1,1,1,2,1,2,1,2,1,1,1,1,1,2,2,2,1,3,2,2,2
TGGATTCTCATACG-1,2,4,5,2,3,6,5,4,5,6,1,5,5,3,6,5,5,5,5,3,3,5,4,5,1,1,1,1
TGGCAATGCTTGTT-1,3,1,1,3,1,2,1,1,1,1,2,1,2,1,2,1,1,1,1,1,2,2,2,1,3,2,2,2
TGGCAATGGAGGGT-1,2,4,5,2,3,6,5,4,5,6,1,5,5,3,6,5,5,5,5,3,3,5,4,5,1,1,1,1
TGGCACCTTCACGA-1,0,4,5,2,0,0,0,0,0,0,1,0,5,0,0,0,0,0,0,3,3,5,0,0,0,0,0,0
TGGCACCTTCAGTG-1,1,3,6,7,4,7,6,2,6,7,3,6,6,2,7,6,2,6,6,2,6,6,5,6,7,3,6,6
TGGGTATGAAGAGT-1,0,0,2,1,0,1,2,0,2,2,0,2,1,0,1,2,0,2,2,0,1,1,0,2,2,0,3,3
TGGGTATGCACAAC-1,0,0,2,1,0,1,2,0,2,2,0,2,1,0,1,2,0,2,2,0,1,1,0,2,2,0,3,3
TGGGTATGGTACGT-1,3,1,1,3,1,2,1,1,1,1,2,1,2,1,2,1,1,1,1,1,2,2,2,1,3,2,2,2
TGGGTATGTTTGGG-1,1,3,6,7,4,7,6,2,6,7,3,6,6,2,7,6,2,6,6,2,6,6,5,6,7,3,6,6
TGGTAGACATGCCA-1,0,0,0,2,0,1,5,0,0,2,0,2,5,0,0,5,0,2,2,0,0,5,0,5,2,0,3,3
TGGTAGACCCTCAC-1,2,4,4,6,3,5,4,4,4,5,1,4,4,3,5,4,5,4,4,3,5,4,4,4,6,1,5,5
TGGTAGACCTGATG-1,0,0,2,1,0,1,2,0,0,2,0,2,1,0,1,2,0,2,2,0,1,1,0,2,2,0,3,3
TGGTAGTGCACTGA-1,1,3,6,7,4,7,6,2,6,7,3,6,6,2,7,6,2,6,6,2,6,6,5,6,7,3,6,6
TGGTATCTAAACAG-1,0,0,0,1,0,0,0,0,0,0,0,2,1,0,0,2,0,0,0,0,0,0,0,0,0,0,0,0
TGGTATCTCTTCCG-1,0,0,0,0,0,0,0,0,0,0,0,2,0,0,0,0,0,0,0,0,0,0,0,0,0,0,0,0
TGGTCAGACCCAAA-1,0,0,0,0,0,0,0,0,0,0,0,2,0,0,0,0,0,0,0,0,0,0,0,0,0,0,0,0
TGGTCAGACCGTTC-1,2,4,4,6,3,5,4,4,4,5,1,4,4,3,5,4,5,4,4,3,5,4,4,4,6,1,5,5
TGGTTACTGACGTT-1,1,3,6,7,4,7,6,2,6,7,3,6,6,2,7,6,2,6,6,2,6,6,5,6,7,3,6,6
TGGTTACTGTTCTT-1,0,0,0,0,0,0,0,0,0,0,0,2,0,0,0,0,0,0,0,0,0,0,0,0,0,0,0,0
TGTAACCTAGAGGC-1,0,0,2,1,0,1,2,0,0,0,0,2,1,0,1,2,0,2,2,0,0,1,0,2,2,0,3,3
TGTAACCTTGCCTC-1,1,3,6,7,4,7,6,2,6,7,3,6,6,2,7,6,2,6,6,2,6,6,5,6,7,3,6,6
TGTAATGACACAAC-1,2,4,4,6,3,5,4,4,4,5,1,4,4,3,5,4,5,4,4,3,5,4,4,4,6,1,5,5
TGTAATGAGGTAAA-1,2,4,4,6,3,5,4,4,4,5,1,4,4,3,5,4,5,4,4,3,5,4,4,4,6,1,5,5
TGTACTTGCTCTAT-1,4,2,3,5,2,4,3,2,3,4,4,3,3,2,4,3,2,3,3,4,4,3,3,3,5,3,4,4
TGTAGGTGCGAGAG-1,3,1,1,3,1,2,1,1,1,1,2,1,2,1,2,1,1,1,1,1,2,2,2,1,3,2,2,2
TGTAGGTGCTATGG-1,0,0,2,1,0,1,2,0,2,2,0,2,1,0,1,2,0,2,2,0,1,1,0,2,2,0,3,3
TGTAGGTGCTCTAT-1,5,5,7,8,5,8,7,5,7,3,5,7,7,4,8,7,3,7,7,5,7,7,6,7,8,5,7,7
TGTAGGTGTGCTGA-1,0,0,2,1,0,1,2,0,0,2,0,2,1,0,1,2,0,2,2,0,1,1,0,2,2,0,3,3
TGTAGTCTTCCAGA-1,0,0,2,1,0,1,2,0,0,2,0,2,1,0,1,2,0,2,2,0,1,1,0,2,2,0,3,3
TGTAGTCTTGCACA-1,2,4,5,2,3,6,5,4,5,6,1,5,5,3,6,5,5,5,5,3,3,5,4,5,1,1,1,1
TGTATCTGTTAGGC-1,0,0,2,1,0,1,2,0,0,2,0,2,1,0,1,2,0,2,2,0,1,1,0,2,2,0,3,3
TGTATGCTCATGGT-1,3,1,1,3,1,2,1,1,1,1,2,1,2,1,2,1,1,1,1,1,2,2,2,1,3,2,2,2
TGTATGCTGTAGGG-1,0,0,0,2,0,0,0,0,0,0,0,0,0,0,0,5,0,0,0,0,0,5,0,0,1,0,0,0
TGTATGCTTTCATC-1,0,0,0,0,0,0,0,0,0,0,0,0,0,0,0,0,0,0,0,0,0,0,0,0,0,0,0,0
TGTCAGGAATACCG-1,0,0,0,0,0,0,0,0,0,0,0,2,0,0,0,0,0,0,0,0,0,0,0,0,0,0,0,0
TGTCAGGAGATGAA-1,4,2,3,5,2,4,3,2,3,4,4,3,3,2,4,3,2,3,3,4,4,3,3,3,5,3,4,4
TGTCTAACCCCTTG-1,0,0,0,0,0,0,0,0,0,0,0,0,0,0,0,0,0,0,0,0,0,0,0,0,0,0,0,0
TGTGACGATTCTCA-1,2,4,5,2,3,6,5,4,5,6,1,5,5,3,6,5,5,5,5,3,3,5,4,5,1,1,1,1
TGTGAGACTGTCAG-1,4,2,3,5,2,4,3,2,3,4,4,3,3,2,4,3,2,3,3,4,4,3,3,3,5,3,4,4
TGTGAGACTTGAGC-1,0,0,0,0,0,0,2,0,0,0,0,2,0,0,0,0,0,0,0,0,0,0,0,0,0,0,3,0
TGTGAGTGACCACA-1,0,0,0,0,0,0,0,0,0,0,0,0,0,0,0,0,0,0,0,0,0,0,0,0,0,0,0,0
TGTGAGTGAGTGCT-1,4,2,3,5,2,4,3,2,3,4,4,3,3,2,4,3,2,3,3,4,4,3,3,3,5,3,4,4
TGTGAGTGGAGATA-1,2,4,5,2,3,6,5,4,5,6,1,5,5,3,6,5,5,5,5,3,3,5,4,5,1,1,1,1
TGTGATCTCTCTAT-1,3,1,1,3,1,2,1,1,1,1,2,1,2,1,2,1,1,1,1,1,2,2,2,1,3,2,2,2
TGTGATCTGACACT-1,2,0,0,0,0,0,0,0,0,0,0,0,0,0,0,0,0,0,0,0,0,0,0,0,0,0,0,0
TGTGGATGGCCAAT-1,3,1,1,3,1,2,1,1,1,1,2,1,2,1,2,1,1,1,1,1,2,2,2,1,3,2,2,2
TGTTAAGACAAAGA-1,1,3,6,7,4,7,6,2,6,7,3,6,6,2,7,6,2,6,6,2,6,6,5,6,7,3,6,6
TGTTAAGATAAGGA-1,1,3,6,7,4,7,6,2,6,7,3,6,6,2,7,6,2,6,6,2,6,6,5,6,7,3,6,6
TGTTAAGATTGGCA-1,1,3,6,7,4,7,6,2,6,7,3,6,6,2,7,6,2,6,6,2,6,6,5,6,7,3,6,6
TGTTACACCGCATA-1,4,2,3,5,2,4,3,2,3,4,4,3,3,2,4,3,2,3,3,4,4,3,3,3,5,3,4,4
TGTTACACGACTAC-1,4,3,6,7,4,7,6,2,3,4,3,6,6,2,7,6,2,3,3,2,6,6,5,6,7,3,4,4
TGTTACTGGCTACA-1,2,4,5,2,3,6,5,4,5,6,1,5,5,3,6,5,5,5,5,3,3,5,4,5,1,1,1,1
TGTTACTGTAGTCG-1,2,4,5,2,3,6,5,4,5,6,1,5,5,3,6,5,5,5,5,3,3,5,4,5,1,1,1,1
TTAACCACCGTAAC-1,0,0,0,0,0,0,0,0,0,2,0,0,0,0,0,0,0,2,2,0,0,0,0,0,0,0,3,3
TTAACCACTAAGGA-1,2,4,5,2,3,6,5,4,5,6,1,5,5,3,6,5,5,5,5,3,3,5,4,5,1,1,1,1
TTAACCACTCAGAC-1,2,4,5,2,3,6,5,4,5,6,1,5,5,3,6,5,5,5,5,3,3,5,4,5,1,1,1,1
TTACACACGTGTTG-1,0,0,0,1,0,0,0,0,0,0,0,2,0,0,0,0,0,0,0,0,0,0,0,0,0,0,3,0
TTACACACTCCTAT-1,0,0,0,0,0,0,0,0,0,0,0,2,0,0,0,0,0,0,0,0,0,0,0,0,0,0,0,0
TTACCATGAATCGC-1,1,3,6,7,4,7,6,2,6,7,3,6,6,2,7,6,2,6,6,2,6,6,5,6,7,3,6,6
TTACCATGGTTGAC-1,0,0,0,1,0,1,2,0,0,2,0,2,1,0,0,2,0,2,2,0,1,1,0,2,2,0,3,3
TTACCATGTGTCTT-1,0,0,2,1,0,1,2,0,5,6,0,2,1,0,6,2,0,5,5,0,1,1,0,2,2,0,1,1
TTACCATGTTGTGG-1,3,1,1,3,1,2,1,1,1,1,2,1,2,1,2,1,1,1,1,1,2,2,2,1,3,2,2,2
TTACGACTGAGAGC-1,0,0,2,1,0,1,2,0,2,2,0,2,1,0,1,2,0,2,2,0,1,1,0,2,2,0,3,3
TTACGACTTGACAC-1,1,3,6,7,4,7,6,2,6,7,3,6,6,2,7,6,2,6,6,2,6,6,5,6,7,3,6,6
TTACGTACGTTCAG-1,6,6,8,9,6,9,8,3,8,8,6,8,8,5,9,8,4,8,8,6,8,8,7,8,9,4,8,8
TTACTCGAACGTTG-1,7,7,9,4,3,3,9,1,2,3,7,9,9,3,3,9,1,7,7,7,9,9,1,9,4,2,7,7
TTACTCGAAGAATG-1,1,3,6,7,4,7,6,2,6,7,3,6,6,2,7,6,2,6,6,2,6,6,5,6,7,3,6,6
TTACTCGACGCAAT-1,5,5,7,8,5,8,7,5,7,3,5,7,7,4,8,7,3,7,7,5,7,7,6,7,8,5,7,7
TTACTCGAGGGTGA-1,0,0,0,0,0,1,2,0,0,2,0,2,1,0,0,2,0,0,0,0,0,0,0,2,2,0,0,0
TTACTCGATCTACT-1,2,4,4,6,3,5,4,4,4,5,1,4,4,3,5,4,5,4,4,3,5,4,4,4,6,1,5,5
TTAGAATGTGGTGT-1,0,0,0,0,0,0,0,0,0,0,0,2,0,0,0,0,0,0,0,0,0,0,0,0,0,0,0,0
TTAGAATGTGTAGC-1,0,0,0,0,0,0,0,0,0,0,0,0,0,0,0,0,0,0,0,0,0,0,0,0,0,0,0,0
TTAGACCTCCTACC-1,0,0,0,0,0,0,0,0,0,0,0,0,0,0,0,0,0,0,0,0,0,0,0,0,0,0,0,0
TTAGACCTCCTTTA-1,1,3,6,7,4,7,6,2,6,7,3,6,6,2,7,6,2,6,6,2,6,6,5,6,7,3,6,6
TTAGCTACAACCGT-1,0,0,0,0,0,0,0,0,0,0,0,0,0,0,0,0,0,0,0,0,0,0,0,0,0,0,0,0
TTAGCTACTGTCCC-1,1,2,3,5,4,4,3,2,3,4,4,3,3,2,4,3,2,3,3,4,4,3,5,3,5,3,6,4
TTAGCTACTTTCGT-1,0,0,2,1,0,1,2,0,2,2,0,2,1,0,1,2,0,2,2,0,1,1,0,2,2,0,3,3
TTAGGGACGCGAAG-1,2,4,5,2,3,6,5,4,5,6,1,5,5,3,6,5,5,5,5,3,3,5,4,5,1,1,1,1
TTAGGGTGCTGGAT-1,3,1,1,3,1,2,1,1,1,1,2,1,2,1,2,1,1,1,1,1,2,2,2,1,3,2,2,2
TTAGGGTGTCCTGC-1,1,2,3,5,2,4,3,2,3,4,4,3,3,2,4,3,2,3,3,4,4,3,3,3,5,3,4,4
TTAGGTCTACTTTC-1,1,3,6,7,4,7,6,2,6,7,3,6,6,2,7,6,2,6,6,2,6,6,5,6,7,3,6,6
TTAGTCACCAGTTG-1,0,0,2,1,0,1,2,0,2,2,0,2,1,0,1,2,0,2,2,0,1,1,0,2,2,0,3,3
TTAGTCTGAAAGCA-1,3,1,1,3,1,2,1,1,1,1,2,1,2,1,2,1,1,1,1,1,2,2,2,1,3,2,2,2
TTAGTCTGCCAACA-1,2,4,4,6,3,5,4,4,4,5,1,4,4,3,5,4,5,4,4,3,5,4,4,4,6,1,5,5
TTAGTCTGTGCACA-1,0,0,2,1,0,1,2,0,2,0,0,2,1,0,0,2,0,2,2,0,1,1,0,2,2,0,3,3
TTATCCGACTAGTG-1,3,1,1,3,1,2,1,1,1,1,2,1,2,1,2,1,1,1,1,1,2,2,2,1,3,2,2,2
TTATCCGAGAAAGT-1,1,2,3,5,4,4,3,2,3,4,4,3,3,2,4,3,2,3,3,4,4,3,5,3,5,3,6,4
TTATGAGAGATAAG-1,0,0,0,0,0,0,0,0,0,0,0,0,0,0,0,0,0,0,0,0,0,0,0,0,0,0,0,0
TTATGCACGTCACA-1,3,1,1,3,1,2,1,1,1,1,2,1,2,1,2,1,1,1,1,1,2,2,2,1,3,2,2,2
TTATGGCTTATGGC-1,5,5,7,8,5,8,7,5,7,3,5,7,7,4,8,7,3,7,7,5,7,7,6,7,8,5,7,7
TTATTCCTATGCTG-1,1,3,6,7,4,7,6,2,6,7,3,6,6,2,7,6,2,6,6,2,6,6,5,6,7,3,6,6
TTATTCCTGGACAG-1,3,1,1,3,1,2,1,1,1,1,2,1,2,1,2,1,1,1,1,1,2,2,2,1,3,2,2,2
TTATTCCTGGTACT-1,3,1,1,3,1,2,1,1,1,1,2,1,2,1,2,1,1,1,1,1,2,2,2,1,3,2,2,2
TTATTCCTTCGTGA-1,0,0,2,1,0,1,2,0,2,2,0,2,1,0,1,2,0,2,2,0,1,1,0,2,2,0,3,3
TTCAAAGATAAAGG-1,2,4,5,2,3,6,5,4,5,6,1,5,5,3,6,5,5,5,5,3,3,5,4,5,1,1,1,1
TTCAACACAACAGA-1,0,0,0,0,0,0,0,0,0,0,0,2,0,0,0,0,0,0,0,0,0,0,0,0,0,0,0,0
TTCAACACCCCAAA-1,1,3,6,7,4,7,6,2,6,7,3,6,6,2,7,6,2,6,6,2,6,6,5,6,7,3,6,6
TTCAACACGGACGA-1,4,2,3,5,2,4,3,2,3,4,4,3,3,2,4,3,2,3,3,4,4,3,3,3,5,3,4,4
TTCAAGCTAAGAAC-1,1,3,6,7,4,7,6,2,6,7,3,6,6,2,7,6,2,6,6,2,6,6,5,6,7,3,6,6
TTCAAGCTAGATGA-1,0,0,0,0,0,1,2,0,0,2,0,2,1,0,0,2,0,2,2,0,0,0,0,2,2,0,3,3
TTCAAGCTGTTGAC-1,0,0,2,1,0,1,2,0,2,2,0,5,1,0,1,2,0,2,2,0,1,1,0,2,2,0,3,3
TTCAAGCTTCCAAG-1,0,0,0,0,0,0,0,0,0,0,0,0,0,0,0,0,0,0,0,0,0,0,0,0,0,0,0,0
TTCAAGCTTGATGC-1,0,0,0,0,0,0,0,0,0,0,0,2,0,0,0,0,0,0,0,0,0,0,0,0,0,0,0,0
TTCAAGCTTTCGCC-1,0,0,0,0,0,0,0,0,0,0,0,2,0,0,0,0,0,0,0,0,0,0,0,0,0,0,0,0
TTCACAACCCGTTC-1,1,3,6,7,4,7,6,2,6,7,3,6,6,2,7,6,2,6,6,2,6,6,5,6,7,3,6,6
TTCACAACGTCTGA-1,4,2,3,5,2,4,3,2,3,4,4,6,3,2,4,3,2,3,3,4,4,3,3,3,5,3,4,4
TTCAGACTACCCAA-1,0,0,0,0,0,0,0,0,0,0,0,0,0,0,0,0,0,0,0,0,0,0,0,0,0,0,0,0
TTCAGACTCTCGAA-1,0,0,2,1,0,1,2,0,2,2,0,2,1,0,1,2,0,2,2,0,1,1,0,2,2,0,3,3
TTCAGTACCGACTA-1,0,0,0,1,0,1,2,0,0,2,0,2,1,0,0,2,0,2,2,0,1,0,0,2,2,0,3,3
TTCAGTACTCAAGC-1,0,0,2,1,0,1,2,0,0,2,0,2,1,0,1,2,0,2,2,0,1,1,0,2,2,0,3,3
TTCAGTACTCCTAT-1,1,3,6,7,4,7,6,2,6,7,3,6,6,2,7,6,2,6,6,2,6,6,5,6,7,3,6,6
TTCAGTTGCCAAGT-1,0,0,0,1,0,1,2,0,0,2,0,2,1,0,0,2,0,2,2,0,1,1,0,2,2,0,3,3
TTCAGTTGTCCTTA-1,5,5,7,8,5,8,7,5,7,3,5,7,7,4,8,7,3,7,7,5,7,7,6,7,8,5,7,7
TTCAGTTGTCTAGG-1,0,0,0,0,0,0,0,0,0,0,0,0,0,0,0,0,0,0,0,0,0,0,0,0,0,0,0,0
TTCAGTTGTCTCGC-1,3,1,1,3,1,2,1,1,1,1,2,1,2,1,2,1,1,1,1,1,2,2,2,1,3,2,2,2
TTCATCGAGGTGGA-1,1,3,6,7,4,7,6,2,6,7,3,6,6,2,7,6,2,6,6,2,6,6,5,6,7,3,6,6
TTCATGTGTGGTGT-1,0,0,2,1,0,1,2,0,2,2,0,2,1,0,1,2,0,2,2,0,1,1,0,2,2,0,3,3
TTCATTCTATGTCG-1,1,3,6,7,4,7,6,2,6,7,3,6,6,2,7,6,2,6,6,2,6,6,5,6,7,3,6,6
TTCATTCTTCTCTA-1,0,0,0,0,0,0,0,0,0,0,0,2,0,0,0,0,0,0,0,0,0,0,0,0,0,0,0,0
TTCCAAACCTATGG-1,1,3,6,7,4,7,6,2,6,7,3,6,6,2,7,6,2,6,6,2,6,6,5,6,7,3,6,6
TTCCAAACCTCCCA-1,3,1,1,3,1,2,1,1,1,1,2,1,2,1,2,1,1,1,1,1,2,2,2,1,3,2,2,2
TTCCAAACTCCCAC-1,2,4,4,6,3,5,4,4,4,5,1,4,4,3,5,4,5,4,4,3,5,4,4,4,6,1,5,5
TTCCAAACTTGACG-1,2,4,5,2,3,6,5,4,5,6,1,5,5,3,6,5,5,5,5,3,3,5,4,5,1,1,1,1
TTCCATGACGAGAG-1,1,3,6,7,4,7,6,2,6,7,3,6,6,2,7,6,2,6,6,2,6,6,5,6,7,3,6,6
TTCCATGACTGTCC-1,0,0,0,0,0,0,0,0,0,0,0,0,0,0,0,0,0,0,0,0,0,0,0,0,0,0,0,0
TTCCCACTTGAGGG-1,2,4,4,6,3,5,4,4,4,5,1,4,4,3,5,4,5,4,4,3,5,4,4,4,6,1,5,5
TTCCCACTTGTCTT-1,1,3,6,7,4,7,6,2,6,7,3,6,6,2,7,6,2,6,6,2,6,6,5,6,7,3,6,6
TTCCTAGAAAGTGA-1,0,0,0,0,0,0,0,0,0,0,0,0,0,0,0,0,0,0,0,0,0,0,0,0,0,0,0,0
TTCCTAGACTAGTG-1,4,2,3,5,2,4,3,2,3,4,4,3,3,2,4,3,2,3,3,4,4,3,3,3,5,3,4,4
TTCGAGGACTCTAT-1,0,0,2,1,0,1,2,0,0,2,0,2,1,0,1,2,0,2,2,0,1,1,0,2,2,0,3,3
TTCGAGGAGGGCAA-1,0,0,2,2,0,1,5,0,5,6,0,5,5,0,6,2,0,5,5,0,1,1,0,2,2,0,3,1
TTCGAGGATAGAAG-1,4,2,3,5,2,4,3,2,3,4,4,3,3,2,4,3,2,3,3,4,4,3,3,3,5,3,4,4
TTCGATTGAGCATC-1,0,0,0,0,0,0,0,0,0,0,0,0,0,0,0,0,0,0,0,0,0,0,0,0,0,0,0,0
TTCGGAGAATGCCA-1,1,3,6,7,4,7,6,2,6,7,3,6,6,2,7,6,2,6,6,2,6,6,5,6,7,3,6,6
TTCGGAGATGTGCA-1,0,0,0,0,0,0,0,0,0,0,0,2,0,0,0,0,0,0,0,0,0,0,0,0,0,0,0,0
TTCGTATGAAAAGC-1,2,4,5,2,3,6,5,4,5,6,1,5,5,3,6,5,5,5,5,3,3,5,4,5,1,1,1,1
TTCGTATGGATAGA-1,2,4,4,6,3,5,4,4,5,6,1,4,4,3,5,4,5,5,5,3,5,4,4,4,6,1,1,1
TTCGTATGGTCTGA-1,0,0,2,0,0,1,2,0,2,2,0,2,1,0,1,2,0,2,2,0,1,1,0,2,2,0,3,3
TTCGTATGTCCTTA-1,1,3,6,7,4,7,6,2,6,7,3,6,6,2,7,6,2,6,6,2,6,6,5,6,7,3,6,6
TTCTACGAACGTAC-1,0,0,0,1,0,1,2,0,0,2,0,2,1,0,0,2,0,2,2,0,0,0,0,2,2,0,3,3
TTCTACGAGTTGGT-1,0,0,2,1,0,1,2,0,2,2,0,2,1,0,1,2,0,2,2,0,1,1,0,2,2,0,3,3
TTCTAGTGACACGT-1,0,0,2,1,0,1,2,0,2,2,0,2,1,0,1,2,0,2,2,0,1,1,0,2,2,0,3,3
TTCTAGTGCATGAC-1,1,3,6,7,4,7,6,2,6,7,3,6,6,2,7,6,2,6,6,2,6,6,5,6,7,3,6,6
TTCTAGTGGAGAGC-1,2,4,4,6,3,5,4,4,4,5,1,4,4,3,5,4,5,4,4,3,5,4,4,4,6,1,5,5
TTCTAGTGGTCACA-1,4,2,3,5,2,4,3,2,3,4,4,3,3,2,4,3,2,3,3,4,4,3,3,3,5,3,4,4
TTCTCAGAAGAGAT-1,0,0,2,1,0,1,2,0,2,2,0,2,1,0,1,2,0,2,2,0,1,1,0,2,2,0,3,3
TTCTCAGAAGCATC-1,3,1,1,3,1,2,1,1,1,1,2,1,2,1,2,1,1,1,1,1,2,2,2,1,3,2,2,2
TTCTCAGATGGAGG-1,0,0,2,1,0,1,2,0,2,2,0,2,1,0,1,2,0,2,2,0,1,1,0,2,2,0,3,3
TTCTGATGGAGACG-1,2,4,4,6,3,5,4,4,4,5,1,4,4,3,5,4,5,4,4,3,5,4,4,4,6,1,5,5
TTCTTACTCTGGAT-1,4,2,3,5,2,4,3,2,3,4,4,6,3,2,4,3,2,3,3,4,4,3,3,3,5,3,4,4
TTGAACCTCCTTGC-1,3,1,1,3,1,2,1,1,1,1,2,1,2,1,2,1,1,1,1,1,2,2,2,1,3,2,2,2
TTGAATGAACTACG-1,4,2,3,5,2,4,3,2,3,4,4,3,3,2,4,3,2,3,3,4,4,3,3,3,5,3,4,4
TTGAATGACTTACT-1,0,0,0,0,0,0,0,0,0,0,0,2,0,0,0,0,0,0,0,0,0,0,0,0,0,0,0,0
TTGAATGATCTCAT-1,3,1,1,3,1,2,1,1,1,1,2,1,2,1,2,1,1,1,1,1,2,2,2,1,3,2,2,2
TTGACACTCTGTAG-1,0,0,0,0,0,0,2,0,0,2,0,2,0,0,0,2,0,2,2,0,0,0,0,2,0,0,3,3
TTGACACTGATAAG-1,3,1,1,3,1,2,1,1,1,1,2,1,2,1,2,1,1,1,1,1,2,2,2,1,3,2,2,2
TTGAGGACAGAACA-1,1,3,6,7,4,7,6,2,6,7,3,6,6,2,7,6,2,6,6,2,6,6,5,6,7,3,6,6
TTGAGGACTACGCA-1,5,5,7,8,5,8,7,5,7,3,5,7,7,4,8,7,3,7,7,5,7,7,6,7,8,5,7,7
TTGAGGTGGACGGA-1,0,0,0,0,0,0,0,0,0,0,0,2,0,0,0,0,0,0,0,0,0,0,0,0,0,0,0,0
TTGCATTGAGCTAC-1,2,4,5,2,3,6,5,4,5,6,1,5,5,3,6,5,5,5,5,3,3,5,4,5,1,1,1,1
TTGCATTGCTAAGC-1,1,3,6,7,4,7,6,2,6,7,3,6,6,2,7,6,2,6,6,2,6,6,5,6,7,3,6,6
TTGCATTGTGACTG-1,0,0,0,1,0,1,2,0,0,0,0,2,1,0,0,2,0,2,2,0,1,1,0,2,2,0,0,3
TTGCTAACACCAAC-1,2,4,5,2,3,6,5,4,5,6,1,5,5,3,6,5,5,5,5,3,3,5,4,5,1,1,1,1
TTGCTAACACGCTA-1,4,2,3,5,2,4,3,2,3,4,4,3,3,2,4,3,2,3,3,4,4,3,3,3,5,3,4,4
TTGCTAACCACTCC-1,0,0,0,0,0,0,0,0,0,0,0,2,0,0,0,0,0,0,0,0,0,0,0,0,0,0,0,0
TTGCTATGGTACGT-1,1,3,6,7,4,7,6,2,6,7,3,6,6,2,7,6,2,6,6,2,6,6,5,6,7,3,6,6
TTGCTATGGTAGGG-1,4,2,3,5,2,4,3,2,3,4,4,3,3,2,4,3,2,3,3,4,4,3,3,3,5,3,4,4
TTGGAGACCAATCG-1,0,0,2,1,0,1,2,0,0,2,0,2,1,0,1,2,0,2,2,0,1,1,0,2,2,0,3,3
TTGGAGACGCTATG-1,1,3,6,7,4,7,6,2,6,7,3,6,6,2,7,6,2,6,6,2,6,6,5,6,7,3,6,6
TTGGAGACTATGGC-1,3,1,1,3,1,2,1,1,1,1,2,1,2,1,2,1,1,1,1,1,2,2,2,1,3,2,2,2
TTGGGAACTGAACC-1,0,0,0,0,0,0,0,0,0,0,0,2,0,0,0,0,0,0,0,0,0,0,0,0,0,0,0,0
TTGGTACTACTGGT-1,1,3,6,7,4,7,6,2,6,7,3,6,6,2,7,6,2,6,6,2,6,6,5,6,7,3,6,6
TTGGTACTCTTAGG-1,0,0,0,0,0,0,0,0,0,0,0,0,0,0,0,0,0,0,0,0,0,0,0,0,0,0,0,0
TTGGTACTGAATCC-1,3,1,1,3,1,2,1,1,1,1,2,1,2,1,2,1,1,1,1,1,2,2,2,1,3,2,2,2
TTGGTACTGGATTC-1,3,1,1,3,1,2,1,1,1,1,2,1,2,1,2,1,1,1,1,1,2,2,2,1,3,2,2,2
TTGTACACGTTGTG-1,3,1,1,3,1,2,1,1,1,1,2,1,2,1,2,1,1,1,1,1,2,2,2,1,3,2,2,2
TTGTACACTTGCAG-1,0,0,2,1,0,1,2,0,2,2,0,2,1,0,1,2,0,2,2,0,1,1,0,2,2,0,3,3
TTGTAGCTAGCTCA-1,0,0,2,1,0,1,2,0,2,2,0,2,1,0,1,2,0,2,2,0,1,1,0,2,2,0,3,3
TTGTAGCTCTCTTA-1,3,1,1,3,1,2,1,1,1,1,2,1,2,1,2,1,1,1,1,1,2,2,2,1,3,2,2,2
TTGTCATGGACGGA-1,2,4,4,6,3,5,4,4,4,5,1,4,4,3,5,4,5,4,4,3,5,4,4,4,6,1,5,5
TTTAGAGATCCTCG-1,3,1,1,3,1,2,1,1,1,1,2,1,2,1,2,1,1,1,1,1,2,2,2,1,3,2,2,2
TTTAGCTGATACCG-1,0,0,0,0,0,0,0,0,0,0,0,0,0,0,0,0,0,0,0,0,0,0,0,0,0,0,0,0
TTTAGCTGGATACC-1,1,3,6,7,4,7,6,2,6,7,3,6,6,2,7,6,2,6,6,2,6,6,5,6,7,3,6,6
TTTAGCTGTACTCT-1,5,5,7,8,5,8,7,5,7,3,5,7,7,4,8,7,3,7,7,5,7,7,6,7,8,5,7,7
TTTAGGCTCCTTTA-1,1,3,6,7,4,7,6,2,6,7,3,6,6,2,7,6,2,6,6,2,6,6,5,6,7,3,6,6
TTTATCCTGTTGTG-1,4,2,3,5,2,4,3,2,3,4,4,3,3,2,4,3,2,3,3,4,4,3,3,3,5,3,4,4
TTTCACGAGGTTCA-1,0,0,0,1,0,1,2,0,0,0,0,2,1,0,0,2,0,2,2,0,1,1,0,2,2,0,0,3
TTTCAGTGGAAGGC-1,2,4,5,2,3,6,5,4,5,6,1,5,5,3,6,5,5,5,5,3,3,5,4,5,1,1,1,1
TTTCAGTGTCACGA-1,3,1,1,3,1,2,1,1,1,1,2,1,2,1,2,1,1,1,1,1,2,2,2,1,3,2,2,2
TTTCAGTGTCTATC-1,1,3,6,7,4,7,6,2,6,7,3,6,6,2,7,6,2,6,6,2,6,6,5,6,7,3,6,6
TTTCAGTGTGCAGT-1,3,1,1,3,1,2,1,1,1,1,2,1,2,1,2,1,1,1,1,1,2,2,2,1,3,2,2,2
TTTCCAGAGGTGAG-1,0,0,2,1,0,1,2,0,2,2,0,2,1,0,1,2,0,2,2,0,1,1,0,2,2,0,3,3
TTTCGAACACCTGA-1,5,5,7,8,5,8,7,5,7,3,5,7,7,4,8,7,3,7,7,5,7,7,6,7,8,5,7,7
TTTCGAACTCTCAT-1,1,3,6,7,4,7,6,2,6,7,3,6,6,2,7,6,3,6,6,2,6,6,5,6,7,3,6,6
TTTCTACTGAGGCA-1,3,1,1,3,1,2,1,1,1,1,2,1,2,1,2,1,1,1,1,1,2,2,2,1,3,2,2,2
TTTCTACTTCCTCG-1,3,1,1,3,1,2,1,1,1,1,2,1,2,1,2,1,1,1,1,1,2,2,2,1,3,2,2,2
TTTGCATGAGAGGC-1,3,1,1,3,1,2,1,1,1,1,2,1,2,1,2,1,1,1,1,1,2,2,2,1,3,2,2,2
TTTGCATGCCTCAC-1,0,0,0,0,0,0,0,0,0,0,0,2,0,0,0,0,0,0,0,0,0,0,0,0,0,0,0,0
